question_id,concept_code,element,subskill,level,level_order,introduced_at_level,question_type,marks,shuffle_options,term,symbol_display,term_type,meaning,cie_status,cie_requirement,cambridge_source_page,source_url,prompt,options,correct_answer,accepted_answers,mark_scheme,feedback,common_confusions,visual_asset,visual_kind,requires_score_context,score_context_template,audio_required,eligible_modes,progress_skill_code,teacher_tags,status,notes
ML-TEM-LARGO-F,TEM-LARGO,Tempo,tempo-markings,Foundation,1,Foundation,multiple_choice,1,Yes,largo,Largo,tempo_word,broad and very slow,implicit-common,"Recognise common Italian tempo markings, changes in tempo and BPM.",12,https://www.cambridgeinternational.org/Images/694052-2026-2028-syllabus.pdf,What does Largo mean?,broad and very slow | slow | at a walking pace | at a moderate speed,broad and very slow,largo,1 mark for the correct meaning.,Largo means broad and very slow.,adagio|andante,,text,No,,No,musical-language | practice-mode | progress-mode | teacher-mode | exam-lab,ML-TEMPO,musical-language | tempo | foundation,active,
ML-TEM-LARGO-D,TEM-LARGO,Tempo,tempo-markings,Developing,2,Foundation,multiple_choice_reverse,1,Yes,largo,Largo,tempo_word,broad and very slow,implicit-common,"Recognise common Italian tempo markings, changes in tempo and BPM.",12,https://www.cambridgeinternational.org/Images/694052-2026-2028-syllabus.pdf,Which term or marking means: broad and very slow?,largo | adagio | andante | moderato,largo,largo,1 mark for the correct term or marking.,The correct answer is largo (Largo).,adagio|andante,,text,No,,No,musical-language | practice-mode | progress-mode | teacher-mode | exam-lab,ML-TEMPO,musical-language | tempo | developing,active,
ML-TEM-LARGO-S,TEM-LARGO,Tempo,tempo-markings,Securing,3,Foundation,short_answer,1,No,largo,Largo,tempo_word,broad and very slow,implicit-common,"Recognise common Italian tempo markings, changes in tempo and BPM.",12,https://www.cambridgeinternational.org/Images/694052-2026-2028-syllabus.pdf,Give the musical term or marking that tells a performer: broad and very slow.,,largo,largo,"1 mark for a correct term, accepted abbreviation or recognised equivalent listed in accepted_answers.",Use the precise musical term: largo.,adagio|andante,,text,No,,No,musical-language | practice-mode | progress-mode | teacher-mode | exam-lab,ML-TEMPO,musical-language | tempo | securing,active,
ML-TEM-LARGO-M,TEM-LARGO,Tempo,tempo-markings,Mastering,4,Foundation,exam_style_short_answer,2,No,largo,Largo,tempo_word,broad and very slow,implicit-common,"Recognise common Italian tempo markings, changes in tempo and BPM.",12,https://www.cambridgeinternational.org/Images/694052-2026-2028-syllabus.pdf,Look at the marking in the score. Name it and state how it affects the tempo.,,largo: broad and very slow,largo,1 mark for identifying largo; 1 mark for a valid description of its effect: broad and very slow.,"For full marks, name the marking and explain its musical effect. Largo: broad and very slow.",adagio|andante,,text,Yes,Show Largo above a short two-bar phrase.,No,musical-language | practice-mode | progress-mode | teacher-mode | exam-lab,ML-TEMPO,musical-language | tempo | mastering,active,Mastering rows require score/symbol assets before production.
ML-TEM-ADAGIO-F,TEM-ADAGIO,Tempo,tempo-markings,Foundation,1,Foundation,multiple_choice,1,Yes,adagio,Adagio,tempo_word,slow,explicit,"Recognise common Italian tempo markings, changes in tempo and BPM.",12,https://www.cambridgeinternational.org/Images/694052-2026-2028-syllabus.pdf,What does Adagio mean?,slow | at a walking pace | broad and very slow | at a moderate speed,slow,adagio,1 mark for the correct meaning.,Adagio means slow.,andante|largo,,text,No,,No,musical-language | practice-mode | progress-mode | teacher-mode | exam-lab,ML-TEMPO,musical-language | tempo | foundation,active,
ML-TEM-ADAGIO-D,TEM-ADAGIO,Tempo,tempo-markings,Developing,2,Foundation,multiple_choice_reverse,1,Yes,adagio,Adagio,tempo_word,slow,explicit,"Recognise common Italian tempo markings, changes in tempo and BPM.",12,https://www.cambridgeinternational.org/Images/694052-2026-2028-syllabus.pdf,Which term or marking means: slow?,adagio | andante | largo | moderato,adagio,adagio,1 mark for the correct term or marking.,The correct answer is adagio (Adagio).,andante|largo,,text,No,,No,musical-language | practice-mode | progress-mode | teacher-mode | exam-lab,ML-TEMPO,musical-language | tempo | developing,active,
ML-TEM-ADAGIO-S,TEM-ADAGIO,Tempo,tempo-markings,Securing,3,Foundation,short_answer,1,No,adagio,Adagio,tempo_word,slow,explicit,"Recognise common Italian tempo markings, changes in tempo and BPM.",12,https://www.cambridgeinternational.org/Images/694052-2026-2028-syllabus.pdf,Give the musical term or marking that tells a performer: slow.,,adagio,adagio,"1 mark for a correct term, accepted abbreviation or recognised equivalent listed in accepted_answers.",Use the precise musical term: adagio.,andante|largo,,text,No,,No,musical-language | practice-mode | progress-mode | teacher-mode | exam-lab,ML-TEMPO,musical-language | tempo | securing,active,
ML-TEM-ADAGIO-M,TEM-ADAGIO,Tempo,tempo-markings,Mastering,4,Foundation,exam_style_short_answer,2,No,adagio,Adagio,tempo_word,slow,explicit,"Recognise common Italian tempo markings, changes in tempo and BPM.",12,https://www.cambridgeinternational.org/Images/694052-2026-2028-syllabus.pdf,Look at the marking in the score. Name it and state how it affects the tempo.,,adagio: slow,adagio,1 mark for identifying adagio; 1 mark for a valid description of its effect: slow.,"For full marks, name the marking and explain its musical effect. Adagio: slow.",andante|largo,,text,Yes,Show Adagio above a short two-bar phrase.,No,musical-language | practice-mode | progress-mode | teacher-mode | exam-lab,ML-TEMPO,musical-language | tempo | mastering,active,Mastering rows require score/symbol assets before production.
ML-TEM-ANDANTE-F,TEM-ANDANTE,Tempo,tempo-markings,Foundation,1,Foundation,multiple_choice,1,Yes,andante,Andante,tempo_word,at a walking pace,explicit,"Recognise common Italian tempo markings, changes in tempo and BPM.",12,https://www.cambridgeinternational.org/Images/694052-2026-2028-syllabus.pdf,What does Andante mean?,at a walking pace | slow | at a moderate speed | broad and very slow,at a walking pace,andante,1 mark for the correct meaning.,Andante means at a walking pace.,adagio|moderato,,text,No,,No,musical-language | practice-mode | progress-mode | teacher-mode | exam-lab,ML-TEMPO,musical-language | tempo | foundation,active,
ML-TEM-ANDANTE-D,TEM-ANDANTE,Tempo,tempo-markings,Developing,2,Foundation,multiple_choice_reverse,1,Yes,andante,Andante,tempo_word,at a walking pace,explicit,"Recognise common Italian tempo markings, changes in tempo and BPM.",12,https://www.cambridgeinternational.org/Images/694052-2026-2028-syllabus.pdf,Which term or marking means: at a walking pace?,andante | adagio | moderato | largo,andante,andante,1 mark for the correct term or marking.,The correct answer is andante (Andante).,adagio|moderato,,text,No,,No,musical-language | practice-mode | progress-mode | teacher-mode | exam-lab,ML-TEMPO,musical-language | tempo | developing,active,
ML-TEM-ANDANTE-S,TEM-ANDANTE,Tempo,tempo-markings,Securing,3,Foundation,short_answer,1,No,andante,Andante,tempo_word,at a walking pace,explicit,"Recognise common Italian tempo markings, changes in tempo and BPM.",12,https://www.cambridgeinternational.org/Images/694052-2026-2028-syllabus.pdf,Give the musical term or marking that tells a performer: at a walking pace.,,andante,andante,"1 mark for a correct term, accepted abbreviation or recognised equivalent listed in accepted_answers.",Use the precise musical term: andante.,adagio|moderato,,text,No,,No,musical-language | practice-mode | progress-mode | teacher-mode | exam-lab,ML-TEMPO,musical-language | tempo | securing,active,
ML-TEM-ANDANTE-M,TEM-ANDANTE,Tempo,tempo-markings,Mastering,4,Foundation,exam_style_short_answer,2,No,andante,Andante,tempo_word,at a walking pace,explicit,"Recognise common Italian tempo markings, changes in tempo and BPM.",12,https://www.cambridgeinternational.org/Images/694052-2026-2028-syllabus.pdf,Look at the marking in the score. Name it and state how it affects the tempo.,,andante: at a walking pace,andante,1 mark for identifying andante; 1 mark for a valid description of its effect: at a walking pace.,"For full marks, name the marking and explain its musical effect. Andante: at a walking pace.",adagio|moderato,,text,Yes,Show Andante above a short two-bar phrase.,No,musical-language | practice-mode | progress-mode | teacher-mode | exam-lab,ML-TEMPO,musical-language | tempo | mastering,active,Mastering rows require score/symbol assets before production.
ML-TEM-MODERATO-F,TEM-MODERATO,Tempo,tempo-markings,Foundation,1,Foundation,multiple_choice,1,Yes,moderato,Moderato,tempo_word,at a moderate speed,implicit-common,"Recognise common Italian tempo markings, changes in tempo and BPM.",12,https://www.cambridgeinternational.org/Images/694052-2026-2028-syllabus.pdf,What does Moderato mean?,at a moderate speed | at a walking pace | moderately fast; a little slower than allegro | broad and very slow,at a moderate speed,moderato,1 mark for the correct meaning.,Moderato means at a moderate speed.,andante|allegretto,,text,No,,No,musical-language | practice-mode | progress-mode | teacher-mode | exam-lab,ML-TEMPO,musical-language | tempo | foundation,active,
ML-TEM-MODERATO-D,TEM-MODERATO,Tempo,tempo-markings,Developing,2,Foundation,multiple_choice_reverse,1,Yes,moderato,Moderato,tempo_word,at a moderate speed,implicit-common,"Recognise common Italian tempo markings, changes in tempo and BPM.",12,https://www.cambridgeinternational.org/Images/694052-2026-2028-syllabus.pdf,Which term or marking means: at a moderate speed?,moderato | andante | allegretto | largo,moderato,moderato,1 mark for the correct term or marking.,The correct answer is moderato (Moderato).,andante|allegretto,,text,No,,No,musical-language | practice-mode | progress-mode | teacher-mode | exam-lab,ML-TEMPO,musical-language | tempo | developing,active,
ML-TEM-MODERATO-S,TEM-MODERATO,Tempo,tempo-markings,Securing,3,Foundation,short_answer,1,No,moderato,Moderato,tempo_word,at a moderate speed,implicit-common,"Recognise common Italian tempo markings, changes in tempo and BPM.",12,https://www.cambridgeinternational.org/Images/694052-2026-2028-syllabus.pdf,Give the musical term or marking that tells a performer: at a moderate speed.,,moderato,moderato,"1 mark for a correct term, accepted abbreviation or recognised equivalent listed in accepted_answers.",Use the precise musical term: moderato.,andante|allegretto,,text,No,,No,musical-language | practice-mode | progress-mode | teacher-mode | exam-lab,ML-TEMPO,musical-language | tempo | securing,active,
ML-TEM-MODERATO-M,TEM-MODERATO,Tempo,tempo-markings,Mastering,4,Foundation,exam_style_short_answer,2,No,moderato,Moderato,tempo_word,at a moderate speed,implicit-common,"Recognise common Italian tempo markings, changes in tempo and BPM.",12,https://www.cambridgeinternational.org/Images/694052-2026-2028-syllabus.pdf,Look at the marking in the score. Name it and state how it affects the tempo.,,moderato: at a moderate speed,moderato,1 mark for identifying moderato; 1 mark for a valid description of its effect: at a moderate speed.,"For full marks, name the marking and explain its musical effect. Moderato: at a moderate speed.",andante|allegretto,,text,Yes,Show Moderato above a short two-bar phrase.,No,musical-language | practice-mode | progress-mode | teacher-mode | exam-lab,ML-TEMPO,musical-language | tempo | mastering,active,Mastering rows require score/symbol assets before production.
ML-TEM-ALLEGRETTO-F,TEM-ALLEGRETTO,Tempo,tempo-markings,Foundation,1,Developing,multiple_choice,1,Yes,allegretto,Allegretto,tempo_word,moderately fast; a little slower than allegro,implicit-common,"Recognise common Italian tempo markings, changes in tempo and BPM.",12,https://www.cambridgeinternational.org/Images/694052-2026-2028-syllabus.pdf,What does Allegretto mean?,moderately fast; a little slower than allegro | at a moderate speed | fast and lively | broad and very slow,moderately fast; a little slower than allegro,allegretto,1 mark for the correct meaning.,Allegretto means moderately fast; a little slower than allegro.,moderato|allegro,,text,No,,No,musical-language | practice-mode | progress-mode | teacher-mode | exam-lab,ML-TEMPO,musical-language | tempo | foundation,locked_until_level,
ML-TEM-ALLEGRETTO-D,TEM-ALLEGRETTO,Tempo,tempo-markings,Developing,2,Developing,multiple_choice_reverse,1,Yes,allegretto,Allegretto,tempo_word,moderately fast; a little slower than allegro,implicit-common,"Recognise common Italian tempo markings, changes in tempo and BPM.",12,https://www.cambridgeinternational.org/Images/694052-2026-2028-syllabus.pdf,Which term or marking means: moderately fast; a little slower than allegro?,allegretto | moderato | allegro | largo,allegretto,allegretto,1 mark for the correct term or marking.,The correct answer is allegretto (Allegretto).,moderato|allegro,,text,No,,No,musical-language | practice-mode | progress-mode | teacher-mode | exam-lab,ML-TEMPO,musical-language | tempo | developing,active,
ML-TEM-ALLEGRETTO-S,TEM-ALLEGRETTO,Tempo,tempo-markings,Securing,3,Developing,short_answer,1,No,allegretto,Allegretto,tempo_word,moderately fast; a little slower than allegro,implicit-common,"Recognise common Italian tempo markings, changes in tempo and BPM.",12,https://www.cambridgeinternational.org/Images/694052-2026-2028-syllabus.pdf,Give the musical term or marking that tells a performer: moderately fast; a little slower than allegro.,,allegretto,allegretto,"1 mark for a correct term, accepted abbreviation or recognised equivalent listed in accepted_answers.",Use the precise musical term: allegretto.,moderato|allegro,,text,No,,No,musical-language | practice-mode | progress-mode | teacher-mode | exam-lab,ML-TEMPO,musical-language | tempo | securing,active,
ML-TEM-ALLEGRETTO-M,TEM-ALLEGRETTO,Tempo,tempo-markings,Mastering,4,Developing,exam_style_short_answer,2,No,allegretto,Allegretto,tempo_word,moderately fast; a little slower than allegro,implicit-common,"Recognise common Italian tempo markings, changes in tempo and BPM.",12,https://www.cambridgeinternational.org/Images/694052-2026-2028-syllabus.pdf,Look at the marking in the score. Name it and state how it affects the tempo.,,allegretto: moderately fast; a little slower than allegro,allegretto,1 mark for identifying allegretto; 1 mark for a valid description of its effect: moderately fast; a little slower than allegro.,"For full marks, name the marking and explain its musical effect. Allegretto: moderately fast; a little slower than allegro.",moderato|allegro,,text,Yes,Show Allegretto above a short two-bar phrase.,No,musical-language | practice-mode | progress-mode | teacher-mode | exam-lab,ML-TEMPO,musical-language | tempo | mastering,active,Mastering rows require score/symbol assets before production.
ML-TEM-ALLEGRO-F,TEM-ALLEGRO,Tempo,tempo-markings,Foundation,1,Foundation,multiple_choice,1,Yes,allegro,Allegro,tempo_word,fast and lively,explicit,"Recognise common Italian tempo markings, changes in tempo and BPM.",12,https://www.cambridgeinternational.org/Images/694052-2026-2028-syllabus.pdf,What does Allegro mean?,fast and lively | lively and quick | very fast | broad and very slow,fast and lively,allegro,1 mark for the correct meaning.,Allegro means fast and lively.,vivace|presto,,text,No,,No,musical-language | practice-mode | progress-mode | teacher-mode | exam-lab,ML-TEMPO,musical-language | tempo | foundation,active,
ML-TEM-ALLEGRO-D,TEM-ALLEGRO,Tempo,tempo-markings,Developing,2,Foundation,multiple_choice_reverse,1,Yes,allegro,Allegro,tempo_word,fast and lively,explicit,"Recognise common Italian tempo markings, changes in tempo and BPM.",12,https://www.cambridgeinternational.org/Images/694052-2026-2028-syllabus.pdf,Which term or marking means: fast and lively?,allegro | vivace | presto | largo,allegro,allegro,1 mark for the correct term or marking.,The correct answer is allegro (Allegro).,vivace|presto,,text,No,,No,musical-language | practice-mode | progress-mode | teacher-mode | exam-lab,ML-TEMPO,musical-language | tempo | developing,active,
ML-TEM-ALLEGRO-S,TEM-ALLEGRO,Tempo,tempo-markings,Securing,3,Foundation,short_answer,1,No,allegro,Allegro,tempo_word,fast and lively,explicit,"Recognise common Italian tempo markings, changes in tempo and BPM.",12,https://www.cambridgeinternational.org/Images/694052-2026-2028-syllabus.pdf,Give the musical term or marking that tells a performer: fast and lively.,,allegro,allegro,"1 mark for a correct term, accepted abbreviation or recognised equivalent listed in accepted_answers.",Use the precise musical term: allegro.,vivace|presto,,text,No,,No,musical-language | practice-mode | progress-mode | teacher-mode | exam-lab,ML-TEMPO,musical-language | tempo | securing,active,
ML-TEM-ALLEGRO-M,TEM-ALLEGRO,Tempo,tempo-markings,Mastering,4,Foundation,exam_style_short_answer,2,No,allegro,Allegro,tempo_word,fast and lively,explicit,"Recognise common Italian tempo markings, changes in tempo and BPM.",12,https://www.cambridgeinternational.org/Images/694052-2026-2028-syllabus.pdf,Look at the marking in the score. Name it and state how it affects the tempo.,,allegro: fast and lively,allegro,1 mark for identifying allegro; 1 mark for a valid description of its effect: fast and lively.,"For full marks, name the marking and explain its musical effect. Allegro: fast and lively.",vivace|presto,,text,Yes,Show Allegro above a short two-bar phrase.,No,musical-language | practice-mode | progress-mode | teacher-mode | exam-lab,ML-TEMPO,musical-language | tempo | mastering,active,Mastering rows require score/symbol assets before production.
ML-TEM-VIVACE-F,TEM-VIVACE,Tempo,tempo-markings,Foundation,1,Developing,multiple_choice,1,Yes,vivace,Vivace,tempo_word,lively and quick,implicit-common,"Recognise common Italian tempo markings, changes in tempo and BPM.",12,https://www.cambridgeinternational.org/Images/694052-2026-2028-syllabus.pdf,What does Vivace mean?,lively and quick | fast and lively | very fast | broad and very slow,lively and quick,vivace,1 mark for the correct meaning.,Vivace means lively and quick.,allegro|presto,,text,No,,No,musical-language | practice-mode | progress-mode | teacher-mode | exam-lab,ML-TEMPO,musical-language | tempo | foundation,locked_until_level,
ML-TEM-VIVACE-D,TEM-VIVACE,Tempo,tempo-markings,Developing,2,Developing,multiple_choice_reverse,1,Yes,vivace,Vivace,tempo_word,lively and quick,implicit-common,"Recognise common Italian tempo markings, changes in tempo and BPM.",12,https://www.cambridgeinternational.org/Images/694052-2026-2028-syllabus.pdf,Which term or marking means: lively and quick?,vivace | allegro | presto | largo,vivace,vivace,1 mark for the correct term or marking.,The correct answer is vivace (Vivace).,allegro|presto,,text,No,,No,musical-language | practice-mode | progress-mode | teacher-mode | exam-lab,ML-TEMPO,musical-language | tempo | developing,active,
ML-TEM-VIVACE-S,TEM-VIVACE,Tempo,tempo-markings,Securing,3,Developing,short_answer,1,No,vivace,Vivace,tempo_word,lively and quick,implicit-common,"Recognise common Italian tempo markings, changes in tempo and BPM.",12,https://www.cambridgeinternational.org/Images/694052-2026-2028-syllabus.pdf,Give the musical term or marking that tells a performer: lively and quick.,,vivace,vivace,"1 mark for a correct term, accepted abbreviation or recognised equivalent listed in accepted_answers.",Use the precise musical term: vivace.,allegro|presto,,text,No,,No,musical-language | practice-mode | progress-mode | teacher-mode | exam-lab,ML-TEMPO,musical-language | tempo | securing,active,
ML-TEM-VIVACE-M,TEM-VIVACE,Tempo,tempo-markings,Mastering,4,Developing,exam_style_short_answer,2,No,vivace,Vivace,tempo_word,lively and quick,implicit-common,"Recognise common Italian tempo markings, changes in tempo and BPM.",12,https://www.cambridgeinternational.org/Images/694052-2026-2028-syllabus.pdf,Look at the marking in the score. Name it and state how it affects the tempo.,,vivace: lively and quick,vivace,1 mark for identifying vivace; 1 mark for a valid description of its effect: lively and quick.,"For full marks, name the marking and explain its musical effect. Vivace: lively and quick.",allegro|presto,,text,Yes,Show Vivace above a short two-bar phrase.,No,musical-language | practice-mode | progress-mode | teacher-mode | exam-lab,ML-TEMPO,musical-language | tempo | mastering,active,Mastering rows require score/symbol assets before production.
ML-TEM-PRESTO-F,TEM-PRESTO,Tempo,tempo-markings,Foundation,1,Developing,multiple_choice,1,Yes,presto,Presto,tempo_word,very fast,implicit-common,"Recognise common Italian tempo markings, changes in tempo and BPM.",12,https://www.cambridgeinternational.org/Images/694052-2026-2028-syllabus.pdf,What does Presto mean?,very fast | fast and lively | as fast as possible; extremely fast | broad and very slow,very fast,presto,1 mark for the correct meaning.,Presto means very fast.,allegro|prestissimo,,text,No,,No,musical-language | practice-mode | progress-mode | teacher-mode | exam-lab,ML-TEMPO,musical-language | tempo | foundation,locked_until_level,
ML-TEM-PRESTO-D,TEM-PRESTO,Tempo,tempo-markings,Developing,2,Developing,multiple_choice_reverse,1,Yes,presto,Presto,tempo_word,very fast,implicit-common,"Recognise common Italian tempo markings, changes in tempo and BPM.",12,https://www.cambridgeinternational.org/Images/694052-2026-2028-syllabus.pdf,Which term or marking means: very fast?,presto | allegro | prestissimo | largo,presto,presto,1 mark for the correct term or marking.,The correct answer is presto (Presto).,allegro|prestissimo,,text,No,,No,musical-language | practice-mode | progress-mode | teacher-mode | exam-lab,ML-TEMPO,musical-language | tempo | developing,active,
ML-TEM-PRESTO-S,TEM-PRESTO,Tempo,tempo-markings,Securing,3,Developing,short_answer,1,No,presto,Presto,tempo_word,very fast,implicit-common,"Recognise common Italian tempo markings, changes in tempo and BPM.",12,https://www.cambridgeinternational.org/Images/694052-2026-2028-syllabus.pdf,Give the musical term or marking that tells a performer: very fast.,,presto,presto,"1 mark for a correct term, accepted abbreviation or recognised equivalent listed in accepted_answers.",Use the precise musical term: presto.,allegro|prestissimo,,text,No,,No,musical-language | practice-mode | progress-mode | teacher-mode | exam-lab,ML-TEMPO,musical-language | tempo | securing,active,
ML-TEM-PRESTO-M,TEM-PRESTO,Tempo,tempo-markings,Mastering,4,Developing,exam_style_short_answer,2,No,presto,Presto,tempo_word,very fast,implicit-common,"Recognise common Italian tempo markings, changes in tempo and BPM.",12,https://www.cambridgeinternational.org/Images/694052-2026-2028-syllabus.pdf,Look at the marking in the score. Name it and state how it affects the tempo.,,presto: very fast,presto,1 mark for identifying presto; 1 mark for a valid description of its effect: very fast.,"For full marks, name the marking and explain its musical effect. Presto: very fast.",allegro|prestissimo,,text,Yes,Show Presto above a short two-bar phrase.,No,musical-language | practice-mode | progress-mode | teacher-mode | exam-lab,ML-TEMPO,musical-language | tempo | mastering,active,Mastering rows require score/symbol assets before production.
ML-TEM-PRESTISSIMO-F,TEM-PRESTISSIMO,Tempo,tempo-markings,Foundation,1,Securing,multiple_choice,1,Yes,prestissimo,Prestissimo,tempo_word,as fast as possible; extremely fast,implicit-common,"Recognise common Italian tempo markings, changes in tempo and BPM.",12,https://www.cambridgeinternational.org/Images/694052-2026-2028-syllabus.pdf,What does Prestissimo mean?,as fast as possible; extremely fast | very fast | lively and quick | broad and very slow,as fast as possible; extremely fast,prestissimo,1 mark for the correct meaning.,Prestissimo means as fast as possible; extremely fast.,presto|vivace,,text,No,,No,musical-language | practice-mode | progress-mode | teacher-mode | exam-lab,ML-TEMPO,musical-language | tempo | foundation,locked_until_level,
ML-TEM-PRESTISSIMO-D,TEM-PRESTISSIMO,Tempo,tempo-markings,Developing,2,Securing,multiple_choice_reverse,1,Yes,prestissimo,Prestissimo,tempo_word,as fast as possible; extremely fast,implicit-common,"Recognise common Italian tempo markings, changes in tempo and BPM.",12,https://www.cambridgeinternational.org/Images/694052-2026-2028-syllabus.pdf,Which term or marking means: as fast as possible; extremely fast?,prestissimo | presto | vivace | largo,prestissimo,prestissimo,1 mark for the correct term or marking.,The correct answer is prestissimo (Prestissimo).,presto|vivace,,text,No,,No,musical-language | practice-mode | progress-mode | teacher-mode | exam-lab,ML-TEMPO,musical-language | tempo | developing,locked_until_level,
ML-TEM-PRESTISSIMO-S,TEM-PRESTISSIMO,Tempo,tempo-markings,Securing,3,Securing,short_answer,1,No,prestissimo,Prestissimo,tempo_word,as fast as possible; extremely fast,implicit-common,"Recognise common Italian tempo markings, changes in tempo and BPM.",12,https://www.cambridgeinternational.org/Images/694052-2026-2028-syllabus.pdf,Give the musical term or marking that tells a performer: as fast as possible; extremely fast.,,prestissimo,prestissimo,"1 mark for a correct term, accepted abbreviation or recognised equivalent listed in accepted_answers.",Use the precise musical term: prestissimo.,presto|vivace,,text,No,,No,musical-language | practice-mode | progress-mode | teacher-mode | exam-lab,ML-TEMPO,musical-language | tempo | securing,active,
ML-TEM-PRESTISSIMO-M,TEM-PRESTISSIMO,Tempo,tempo-markings,Mastering,4,Securing,exam_style_short_answer,2,No,prestissimo,Prestissimo,tempo_word,as fast as possible; extremely fast,implicit-common,"Recognise common Italian tempo markings, changes in tempo and BPM.",12,https://www.cambridgeinternational.org/Images/694052-2026-2028-syllabus.pdf,Look at the marking in the score. Name it and state how it affects the tempo.,,prestissimo: as fast as possible; extremely fast,prestissimo,1 mark for identifying prestissimo; 1 mark for a valid description of its effect: as fast as possible; extremely fast.,"For full marks, name the marking and explain its musical effect. Prestissimo: as fast as possible; extremely fast.",presto|vivace,,text,Yes,Show Prestissimo above a short two-bar phrase.,No,musical-language | practice-mode | progress-mode | teacher-mode | exam-lab,ML-TEMPO,musical-language | tempo | mastering,active,Mastering rows require score/symbol assets before production.
ML-TEM-ACCEL-F,TEM-ACCEL,Tempo,tempo-markings,Foundation,1,Foundation,multiple_choice,1,Yes,accelerando,accel.,tempo_change,gradually getting faster,explicit,"Recognise common Italian tempo markings, changes in tempo and BPM.",12,https://www.cambridgeinternational.org/Images/694052-2026-2028-syllabus.pdf,What does accel. mean?,"gradually getting faster | gradually getting slower | flexible tempo for expression, with slight speeding up and slowing down | broad and very slow",gradually getting faster,accelerando|accel|accel.,1 mark for the correct meaning.,Accelerando means gradually getting faster.,rallentando|rubato,,text,No,,No,musical-language | practice-mode | progress-mode | teacher-mode | exam-lab,ML-TEMPO,musical-language | tempo | foundation,active,
ML-TEM-ACCEL-D,TEM-ACCEL,Tempo,tempo-markings,Developing,2,Foundation,multiple_choice_reverse,1,Yes,accelerando,accel.,tempo_change,gradually getting faster,explicit,"Recognise common Italian tempo markings, changes in tempo and BPM.",12,https://www.cambridgeinternational.org/Images/694052-2026-2028-syllabus.pdf,Which term or marking means: gradually getting faster?,accelerando | rallentando | rubato | largo,accelerando,accelerando|accel|accel.,1 mark for the correct term or marking.,The correct answer is accelerando (accel.).,rallentando|rubato,,text,No,,No,musical-language | practice-mode | progress-mode | teacher-mode | exam-lab,ML-TEMPO,musical-language | tempo | developing,active,
ML-TEM-ACCEL-S,TEM-ACCEL,Tempo,tempo-markings,Securing,3,Foundation,short_answer,1,No,accelerando,accel.,tempo_change,gradually getting faster,explicit,"Recognise common Italian tempo markings, changes in tempo and BPM.",12,https://www.cambridgeinternational.org/Images/694052-2026-2028-syllabus.pdf,Give the musical term or marking that tells a performer: gradually getting faster.,,accelerando,accelerando|accel|accel.,"1 mark for a correct term, accepted abbreviation or recognised equivalent listed in accepted_answers.",Use the precise musical term: accelerando.,rallentando|rubato,,text,No,,No,musical-language | practice-mode | progress-mode | teacher-mode | exam-lab,ML-TEMPO,musical-language | tempo | securing,active,
ML-TEM-ACCEL-M,TEM-ACCEL,Tempo,tempo-markings,Mastering,4,Foundation,exam_style_short_answer,2,No,accelerando,accel.,tempo_change,gradually getting faster,explicit,"Recognise common Italian tempo markings, changes in tempo and BPM.",12,https://www.cambridgeinternational.org/Images/694052-2026-2028-syllabus.pdf,Look at the marking in the score. Name it and state how it affects the tempo.,,accelerando: gradually getting faster,accelerando|accel|accel.,1 mark for identifying accelerando; 1 mark for a valid description of its effect: gradually getting faster.,"For full marks, name the marking and explain its musical effect. Accelerando: gradually getting faster.",rallentando|rubato,,text,Yes,Show accel. above a short two-bar phrase.,No,musical-language | practice-mode | progress-mode | teacher-mode | exam-lab,ML-TEMPO,musical-language | tempo | mastering,active,Mastering rows require score/symbol assets before production.
ML-TEM-RALL-F,TEM-RALL,Tempo,tempo-markings,Foundation,1,Foundation,multiple_choice,1,Yes,rallentando,rall.,tempo_change,gradually getting slower,explicit,"Recognise common Italian tempo markings, changes in tempo and BPM.",12,https://www.cambridgeinternational.org/Images/694052-2026-2028-syllabus.pdf,What does rall. mean?,"gradually getting slower | gradually getting faster | flexible tempo for expression, with slight speeding up and slowing down | broad and very slow",gradually getting slower,rallentando|rall|rall.,1 mark for the correct meaning.,Rallentando means gradually getting slower.,accelerando|rubato,,text,No,,No,musical-language | practice-mode | progress-mode | teacher-mode | exam-lab,ML-TEMPO,musical-language | tempo | foundation,active,
ML-TEM-RALL-D,TEM-RALL,Tempo,tempo-markings,Developing,2,Foundation,multiple_choice_reverse,1,Yes,rallentando,rall.,tempo_change,gradually getting slower,explicit,"Recognise common Italian tempo markings, changes in tempo and BPM.",12,https://www.cambridgeinternational.org/Images/694052-2026-2028-syllabus.pdf,Which term or marking means: gradually getting slower?,rallentando | accelerando | rubato | largo,rallentando,rallentando|rall|rall.,1 mark for the correct term or marking.,The correct answer is rallentando (rall.).,accelerando|rubato,,text,No,,No,musical-language | practice-mode | progress-mode | teacher-mode | exam-lab,ML-TEMPO,musical-language | tempo | developing,active,
ML-TEM-RALL-S,TEM-RALL,Tempo,tempo-markings,Securing,3,Foundation,short_answer,1,No,rallentando,rall.,tempo_change,gradually getting slower,explicit,"Recognise common Italian tempo markings, changes in tempo and BPM.",12,https://www.cambridgeinternational.org/Images/694052-2026-2028-syllabus.pdf,Give the musical term or marking that tells a performer: gradually getting slower.,,rallentando,rallentando|rall|rall.,"1 mark for a correct term, accepted abbreviation or recognised equivalent listed in accepted_answers.",Use the precise musical term: rallentando.,accelerando|rubato,,text,No,,No,musical-language | practice-mode | progress-mode | teacher-mode | exam-lab,ML-TEMPO,musical-language | tempo | securing,active,
ML-TEM-RALL-M,TEM-RALL,Tempo,tempo-markings,Mastering,4,Foundation,exam_style_short_answer,2,No,rallentando,rall.,tempo_change,gradually getting slower,explicit,"Recognise common Italian tempo markings, changes in tempo and BPM.",12,https://www.cambridgeinternational.org/Images/694052-2026-2028-syllabus.pdf,Look at the marking in the score. Name it and state how it affects the tempo.,,rallentando: gradually getting slower,rallentando|rall|rall.,1 mark for identifying rallentando; 1 mark for a valid description of its effect: gradually getting slower.,"For full marks, name the marking and explain its musical effect. Rallentando: gradually getting slower.",accelerando|rubato,,text,Yes,Show rall. above a short two-bar phrase.,No,musical-language | practice-mode | progress-mode | teacher-mode | exam-lab,ML-TEMPO,musical-language | tempo | mastering,active,Mastering rows require score/symbol assets before production.
ML-TEM-RUBATO-F,TEM-RUBATO,Tempo,tempo-markings,Foundation,1,Securing,multiple_choice,1,Yes,rubato,rubato,tempo_change,"flexible tempo for expression, with slight speeding up and slowing down",explicit,"Recognise common Italian tempo markings, changes in tempo and BPM.",12,https://www.cambridgeinternational.org/Images/694052-2026-2028-syllabus.pdf,What does rubato mean?,"flexible tempo for expression, with slight speeding up and slowing down | gradually getting slower | gradually getting faster | broad and very slow","flexible tempo for expression, with slight speeding up and slowing down",rubato|tempo rubato,1 mark for the correct meaning.,"Rubato means flexible tempo for expression, with slight speeding up and slowing down.",rallentando|accelerando,,text,No,,No,musical-language | practice-mode | progress-mode | teacher-mode | exam-lab,ML-TEMPO,musical-language | tempo | foundation,locked_until_level,
ML-TEM-RUBATO-D,TEM-RUBATO,Tempo,tempo-markings,Developing,2,Securing,multiple_choice_reverse,1,Yes,rubato,rubato,tempo_change,"flexible tempo for expression, with slight speeding up and slowing down",explicit,"Recognise common Italian tempo markings, changes in tempo and BPM.",12,https://www.cambridgeinternational.org/Images/694052-2026-2028-syllabus.pdf,"Which term or marking means: flexible tempo for expression, with slight speeding up and slowing down?",rubato | rallentando | accelerando | largo,rubato,rubato|tempo rubato,1 mark for the correct term or marking.,The correct answer is rubato (rubato).,rallentando|accelerando,,text,No,,No,musical-language | practice-mode | progress-mode | teacher-mode | exam-lab,ML-TEMPO,musical-language | tempo | developing,locked_until_level,
ML-TEM-RUBATO-S,TEM-RUBATO,Tempo,tempo-markings,Securing,3,Securing,short_answer,1,No,rubato,rubato,tempo_change,"flexible tempo for expression, with slight speeding up and slowing down",explicit,"Recognise common Italian tempo markings, changes in tempo and BPM.",12,https://www.cambridgeinternational.org/Images/694052-2026-2028-syllabus.pdf,"Give the musical term or marking that tells a performer: flexible tempo for expression, with slight speeding up and slowing down.",,rubato,rubato|tempo rubato,"1 mark for a correct term, accepted abbreviation or recognised equivalent listed in accepted_answers.",Use the precise musical term: rubato.,rallentando|accelerando,,text,No,,No,musical-language | practice-mode | progress-mode | teacher-mode | exam-lab,ML-TEMPO,musical-language | tempo | securing,active,
ML-TEM-RUBATO-M,TEM-RUBATO,Tempo,tempo-markings,Mastering,4,Securing,exam_style_short_answer,2,No,rubato,rubato,tempo_change,"flexible tempo for expression, with slight speeding up and slowing down",explicit,"Recognise common Italian tempo markings, changes in tempo and BPM.",12,https://www.cambridgeinternational.org/Images/694052-2026-2028-syllabus.pdf,Look at the marking in the score. Name it and state how it affects the tempo.,,"rubato: flexible tempo for expression, with slight speeding up and slowing down",rubato|tempo rubato,"1 mark for identifying rubato; 1 mark for a valid description of its effect: flexible tempo for expression, with slight speeding up and slowing down.","For full marks, name the marking and explain its musical effect. Rubato: flexible tempo for expression, with slight speeding up and slowing down.",rallentando|accelerando,,text,Yes,Show rubato above a short two-bar phrase.,No,musical-language | practice-mode | progress-mode | teacher-mode | exam-lab,ML-TEMPO,musical-language | tempo | mastering,active,Mastering rows require score/symbol assets before production.
ML-TEM-BPM-F,TEM-BPM,Tempo,tempo-markings,Foundation,1,Developing,multiple_choice,1,Yes,BPM,♩ = 120,metronome_mark,beats per minute; a numerical measurement of tempo,explicit,"Recognise common Italian tempo markings, changes in tempo and BPM.",12,https://www.cambridgeinternational.org/Images/694052-2026-2028-syllabus.pdf,What does ♩ = 120 mean?,beats per minute; a numerical measurement of tempo | broad and very slow | slow | at a walking pace,beats per minute; a numerical measurement of tempo,bpm|beats per minute,1 mark for the correct meaning.,Bpm means beats per minute; a numerical measurement of tempo.,time signature|beat unit,assets/symbols/tempo/bpm-example.svg,asset,No,,No,musical-language | practice-mode | progress-mode | teacher-mode | exam-lab,ML-TEMPO,musical-language | tempo | foundation,locked_until_level,
ML-TEM-BPM-D,TEM-BPM,Tempo,tempo-markings,Developing,2,Developing,multiple_choice_reverse,1,Yes,BPM,♩ = 120,metronome_mark,beats per minute; a numerical measurement of tempo,explicit,"Recognise common Italian tempo markings, changes in tempo and BPM.",12,https://www.cambridgeinternational.org/Images/694052-2026-2028-syllabus.pdf,Which term or marking means: beats per minute; a numerical measurement of tempo?,BPM | time signature | beat unit | largo,BPM,bpm|beats per minute,1 mark for the correct term or marking.,The correct answer is BPM (♩ = 120).,time signature|beat unit,assets/symbols/tempo/bpm-example.svg,asset,No,,No,musical-language | practice-mode | progress-mode | teacher-mode | exam-lab,ML-TEMPO,musical-language | tempo | developing,active,
ML-TEM-BPM-S,TEM-BPM,Tempo,tempo-markings,Securing,3,Developing,short_answer,1,No,BPM,♩ = 120,metronome_mark,beats per minute; a numerical measurement of tempo,explicit,"Recognise common Italian tempo markings, changes in tempo and BPM.",12,https://www.cambridgeinternational.org/Images/694052-2026-2028-syllabus.pdf,Give the musical term or marking that tells a performer: beats per minute; a numerical measurement of tempo.,,BPM,bpm|beats per minute,"1 mark for a correct term, accepted abbreviation or recognised equivalent listed in accepted_answers.",Use the precise musical term: BPM.,time signature|beat unit,assets/symbols/tempo/bpm-example.svg,asset,No,,No,musical-language | practice-mode | progress-mode | teacher-mode | exam-lab,ML-TEMPO,musical-language | tempo | securing,active,
ML-TEM-BPM-M,TEM-BPM,Tempo,tempo-markings,Mastering,4,Developing,exam_style_short_answer,2,No,BPM,♩ = 120,metronome_mark,beats per minute; a numerical measurement of tempo,explicit,"Recognise common Italian tempo markings, changes in tempo and BPM.",12,https://www.cambridgeinternational.org/Images/694052-2026-2028-syllabus.pdf,Look at the marking in the score. Name it and state how it affects the tempo.,,BPM: beats per minute; a numerical measurement of tempo,bpm|beats per minute,1 mark for identifying BPM; 1 mark for a valid description of its effect: beats per minute; a numerical measurement of tempo.,"For full marks, name the marking and explain its musical effect. Bpm: beats per minute; a numerical measurement of tempo.",time signature|beat unit,assets/symbols/tempo/bpm-example.svg,asset,Yes,Show ♩ = 120 above a short two-bar phrase.,No,musical-language | practice-mode | progress-mode | teacher-mode | exam-lab,ML-TEMPO,musical-language | tempo | mastering,active,Mastering rows require score/symbol assets before production.
ML-DYN-PP-F,DYN-PP,Dynamics,dynamic-markings,Foundation,1,Foundation,multiple_choice,1,Yes,pianissimo,pp,dynamic_mark,very quiet,explicit,"Recognise dynamic markings, crescendo, diminuendo and terraced dynamics.",12,https://www.cambridgeinternational.org/Images/694052-2026-2028-syllabus.pdf,What does pp mean?,very quiet | quiet | moderately quiet | moderately loud,very quiet,pianissimo|pp|very quiet|very soft,1 mark for the correct meaning.,Pianissimo means very quiet.,piano|mezzo piano,,text,No,,No,musical-language | practice-mode | progress-mode | teacher-mode | exam-lab,ML-DYNAMICS,musical-language | dynamics | foundation,active,
ML-DYN-PP-D,DYN-PP,Dynamics,dynamic-markings,Developing,2,Foundation,multiple_choice_reverse,1,Yes,pianissimo,pp,dynamic_mark,very quiet,explicit,"Recognise dynamic markings, crescendo, diminuendo and terraced dynamics.",12,https://www.cambridgeinternational.org/Images/694052-2026-2028-syllabus.pdf,Which term or marking means: very quiet?,pianissimo | piano | mezzo piano | mezzo forte,pianissimo,pianissimo|pp|very quiet|very soft,1 mark for the correct term or marking.,The correct answer is pianissimo (pp).,piano|mezzo piano,,text,No,,No,musical-language | practice-mode | progress-mode | teacher-mode | exam-lab,ML-DYNAMICS,musical-language | dynamics | developing,active,
ML-DYN-PP-S,DYN-PP,Dynamics,dynamic-markings,Securing,3,Foundation,short_answer,1,No,pianissimo,pp,dynamic_mark,very quiet,explicit,"Recognise dynamic markings, crescendo, diminuendo and terraced dynamics.",12,https://www.cambridgeinternational.org/Images/694052-2026-2028-syllabus.pdf,Give the musical term or marking that tells a performer: very quiet.,,pianissimo,pianissimo|pp|very quiet|very soft,"1 mark for a correct term, accepted abbreviation or recognised equivalent listed in accepted_answers.",Use the precise musical term: pianissimo.,piano|mezzo piano,,text,No,,No,musical-language | practice-mode | progress-mode | teacher-mode | exam-lab,ML-DYNAMICS,musical-language | dynamics | securing,active,
ML-DYN-PP-M,DYN-PP,Dynamics,dynamic-markings,Mastering,4,Foundation,exam_style_short_answer,2,No,pianissimo,pp,dynamic_mark,very quiet,explicit,"Recognise dynamic markings, crescendo, diminuendo and terraced dynamics.",12,https://www.cambridgeinternational.org/Images/694052-2026-2028-syllabus.pdf,Look at the marking in the score. Name it and state how the dynamics should change or be performed.,,pianissimo: very quiet,pianissimo|pp|very quiet|very soft,1 mark for identifying pianissimo; 1 mark for a valid description of its effect: very quiet.,"For full marks, name the marking and explain its musical effect. Pianissimo: very quiet.",piano|mezzo piano,,text,Yes,Show pp in a short score fragment.,No,musical-language | practice-mode | progress-mode | teacher-mode | exam-lab,ML-DYNAMICS,musical-language | dynamics | mastering,active,Mastering rows require score/symbol assets before production.
ML-DYN-P-F,DYN-P,Dynamics,dynamic-markings,Foundation,1,Foundation,multiple_choice,1,Yes,piano,p,dynamic_mark,quiet,explicit,"Recognise dynamic markings, crescendo, diminuendo and terraced dynamics.",12,https://www.cambridgeinternational.org/Images/694052-2026-2028-syllabus.pdf,What does p mean?,quiet | very quiet | moderately quiet | moderately loud,quiet,piano|p|quiet|soft,1 mark for the correct meaning.,Piano means quiet.,pianissimo|mezzo piano,,text,No,,No,musical-language | practice-mode | progress-mode | teacher-mode | exam-lab,ML-DYNAMICS,musical-language | dynamics | foundation,active,
ML-DYN-P-D,DYN-P,Dynamics,dynamic-markings,Developing,2,Foundation,multiple_choice_reverse,1,Yes,piano,p,dynamic_mark,quiet,explicit,"Recognise dynamic markings, crescendo, diminuendo and terraced dynamics.",12,https://www.cambridgeinternational.org/Images/694052-2026-2028-syllabus.pdf,Which term or marking means: quiet?,piano | pianissimo | mezzo piano | mezzo forte,piano,piano|p|quiet|soft,1 mark for the correct term or marking.,The correct answer is piano (p).,pianissimo|mezzo piano,,text,No,,No,musical-language | practice-mode | progress-mode | teacher-mode | exam-lab,ML-DYNAMICS,musical-language | dynamics | developing,active,
ML-DYN-P-S,DYN-P,Dynamics,dynamic-markings,Securing,3,Foundation,short_answer,1,No,piano,p,dynamic_mark,quiet,explicit,"Recognise dynamic markings, crescendo, diminuendo and terraced dynamics.",12,https://www.cambridgeinternational.org/Images/694052-2026-2028-syllabus.pdf,Give the musical term or marking that tells a performer: quiet.,,piano,piano|p|quiet|soft,"1 mark for a correct term, accepted abbreviation or recognised equivalent listed in accepted_answers.",Use the precise musical term: piano.,pianissimo|mezzo piano,,text,No,,No,musical-language | practice-mode | progress-mode | teacher-mode | exam-lab,ML-DYNAMICS,musical-language | dynamics | securing,active,
ML-DYN-P-M,DYN-P,Dynamics,dynamic-markings,Mastering,4,Foundation,exam_style_short_answer,2,No,piano,p,dynamic_mark,quiet,explicit,"Recognise dynamic markings, crescendo, diminuendo and terraced dynamics.",12,https://www.cambridgeinternational.org/Images/694052-2026-2028-syllabus.pdf,Look at the marking in the score. Name it and state how the dynamics should change or be performed.,,piano: quiet,piano|p|quiet|soft,1 mark for identifying piano; 1 mark for a valid description of its effect: quiet.,"For full marks, name the marking and explain its musical effect. Piano: quiet.",pianissimo|mezzo piano,,text,Yes,Show p in a short score fragment.,No,musical-language | practice-mode | progress-mode | teacher-mode | exam-lab,ML-DYNAMICS,musical-language | dynamics | mastering,active,Mastering rows require score/symbol assets before production.
ML-DYN-MP-F,DYN-MP,Dynamics,dynamic-markings,Foundation,1,Foundation,multiple_choice,1,Yes,mezzo piano,mp,dynamic_mark,moderately quiet,explicit,"Recognise dynamic markings, crescendo, diminuendo and terraced dynamics.",12,https://www.cambridgeinternational.org/Images/694052-2026-2028-syllabus.pdf,What does mp mean?,moderately quiet | quiet | moderately loud | very quiet,moderately quiet,mezzo piano|mp|moderately quiet|moderately soft,1 mark for the correct meaning.,Mezzo piano means moderately quiet.,piano|mezzo forte,,text,No,,No,musical-language | practice-mode | progress-mode | teacher-mode | exam-lab,ML-DYNAMICS,musical-language | dynamics | foundation,active,
ML-DYN-MP-D,DYN-MP,Dynamics,dynamic-markings,Developing,2,Foundation,multiple_choice_reverse,1,Yes,mezzo piano,mp,dynamic_mark,moderately quiet,explicit,"Recognise dynamic markings, crescendo, diminuendo and terraced dynamics.",12,https://www.cambridgeinternational.org/Images/694052-2026-2028-syllabus.pdf,Which term or marking means: moderately quiet?,mezzo piano | piano | mezzo forte | pianissimo,mezzo piano,mezzo piano|mp|moderately quiet|moderately soft,1 mark for the correct term or marking.,The correct answer is mezzo piano (mp).,piano|mezzo forte,,text,No,,No,musical-language | practice-mode | progress-mode | teacher-mode | exam-lab,ML-DYNAMICS,musical-language | dynamics | developing,active,
ML-DYN-MP-S,DYN-MP,Dynamics,dynamic-markings,Securing,3,Foundation,short_answer,1,No,mezzo piano,mp,dynamic_mark,moderately quiet,explicit,"Recognise dynamic markings, crescendo, diminuendo and terraced dynamics.",12,https://www.cambridgeinternational.org/Images/694052-2026-2028-syllabus.pdf,Give the musical term or marking that tells a performer: moderately quiet.,,mezzo piano,mezzo piano|mp|moderately quiet|moderately soft,"1 mark for a correct term, accepted abbreviation or recognised equivalent listed in accepted_answers.",Use the precise musical term: mezzo piano.,piano|mezzo forte,,text,No,,No,musical-language | practice-mode | progress-mode | teacher-mode | exam-lab,ML-DYNAMICS,musical-language | dynamics | securing,active,
ML-DYN-MP-M,DYN-MP,Dynamics,dynamic-markings,Mastering,4,Foundation,exam_style_short_answer,2,No,mezzo piano,mp,dynamic_mark,moderately quiet,explicit,"Recognise dynamic markings, crescendo, diminuendo and terraced dynamics.",12,https://www.cambridgeinternational.org/Images/694052-2026-2028-syllabus.pdf,Look at the marking in the score. Name it and state how the dynamics should change or be performed.,,mezzo piano: moderately quiet,mezzo piano|mp|moderately quiet|moderately soft,1 mark for identifying mezzo piano; 1 mark for a valid description of its effect: moderately quiet.,"For full marks, name the marking and explain its musical effect. Mezzo piano: moderately quiet.",piano|mezzo forte,,text,Yes,Show mp in a short score fragment.,No,musical-language | practice-mode | progress-mode | teacher-mode | exam-lab,ML-DYNAMICS,musical-language | dynamics | mastering,active,Mastering rows require score/symbol assets before production.
ML-DYN-MF-F,DYN-MF,Dynamics,dynamic-markings,Foundation,1,Foundation,multiple_choice,1,Yes,mezzo forte,mf,dynamic_mark,moderately loud,explicit,"Recognise dynamic markings, crescendo, diminuendo and terraced dynamics.",12,https://www.cambridgeinternational.org/Images/694052-2026-2028-syllabus.pdf,What does mf mean?,moderately loud | moderately quiet | loud | very quiet,moderately loud,mezzo forte|mf|moderately loud,1 mark for the correct meaning.,Mezzo forte means moderately loud.,mezzo piano|forte,,text,No,,No,musical-language | practice-mode | progress-mode | teacher-mode | exam-lab,ML-DYNAMICS,musical-language | dynamics | foundation,active,
ML-DYN-MF-D,DYN-MF,Dynamics,dynamic-markings,Developing,2,Foundation,multiple_choice_reverse,1,Yes,mezzo forte,mf,dynamic_mark,moderately loud,explicit,"Recognise dynamic markings, crescendo, diminuendo and terraced dynamics.",12,https://www.cambridgeinternational.org/Images/694052-2026-2028-syllabus.pdf,Which term or marking means: moderately loud?,mezzo forte | mezzo piano | forte | pianissimo,mezzo forte,mezzo forte|mf|moderately loud,1 mark for the correct term or marking.,The correct answer is mezzo forte (mf).,mezzo piano|forte,,text,No,,No,musical-language | practice-mode | progress-mode | teacher-mode | exam-lab,ML-DYNAMICS,musical-language | dynamics | developing,active,
ML-DYN-MF-S,DYN-MF,Dynamics,dynamic-markings,Securing,3,Foundation,short_answer,1,No,mezzo forte,mf,dynamic_mark,moderately loud,explicit,"Recognise dynamic markings, crescendo, diminuendo and terraced dynamics.",12,https://www.cambridgeinternational.org/Images/694052-2026-2028-syllabus.pdf,Give the musical term or marking that tells a performer: moderately loud.,,mezzo forte,mezzo forte|mf|moderately loud,"1 mark for a correct term, accepted abbreviation or recognised equivalent listed in accepted_answers.",Use the precise musical term: mezzo forte.,mezzo piano|forte,,text,No,,No,musical-language | practice-mode | progress-mode | teacher-mode | exam-lab,ML-DYNAMICS,musical-language | dynamics | securing,active,
ML-DYN-MF-M,DYN-MF,Dynamics,dynamic-markings,Mastering,4,Foundation,exam_style_short_answer,2,No,mezzo forte,mf,dynamic_mark,moderately loud,explicit,"Recognise dynamic markings, crescendo, diminuendo and terraced dynamics.",12,https://www.cambridgeinternational.org/Images/694052-2026-2028-syllabus.pdf,Look at the marking in the score. Name it and state how the dynamics should change or be performed.,,mezzo forte: moderately loud,mezzo forte|mf|moderately loud,1 mark for identifying mezzo forte; 1 mark for a valid description of its effect: moderately loud.,"For full marks, name the marking and explain its musical effect. Mezzo forte: moderately loud.",mezzo piano|forte,,text,Yes,Show mf in a short score fragment.,No,musical-language | practice-mode | progress-mode | teacher-mode | exam-lab,ML-DYNAMICS,musical-language | dynamics | mastering,active,Mastering rows require score/symbol assets before production.
ML-DYN-F-F,DYN-F,Dynamics,dynamic-markings,Foundation,1,Foundation,multiple_choice,1,Yes,forte,f,dynamic_mark,loud,explicit,"Recognise dynamic markings, crescendo, diminuendo and terraced dynamics.",12,https://www.cambridgeinternational.org/Images/694052-2026-2028-syllabus.pdf,What does f mean?,loud | moderately loud | very loud | very quiet,loud,forte|f|loud,1 mark for the correct meaning.,Forte means loud.,mezzo forte|fortissimo,,text,No,,No,musical-language | practice-mode | progress-mode | teacher-mode | exam-lab,ML-DYNAMICS,musical-language | dynamics | foundation,active,
ML-DYN-F-D,DYN-F,Dynamics,dynamic-markings,Developing,2,Foundation,multiple_choice_reverse,1,Yes,forte,f,dynamic_mark,loud,explicit,"Recognise dynamic markings, crescendo, diminuendo and terraced dynamics.",12,https://www.cambridgeinternational.org/Images/694052-2026-2028-syllabus.pdf,Which term or marking means: loud?,forte | mezzo forte | fortissimo | pianissimo,forte,forte|f|loud,1 mark for the correct term or marking.,The correct answer is forte (f).,mezzo forte|fortissimo,,text,No,,No,musical-language | practice-mode | progress-mode | teacher-mode | exam-lab,ML-DYNAMICS,musical-language | dynamics | developing,active,
ML-DYN-F-S,DYN-F,Dynamics,dynamic-markings,Securing,3,Foundation,short_answer,1,No,forte,f,dynamic_mark,loud,explicit,"Recognise dynamic markings, crescendo, diminuendo and terraced dynamics.",12,https://www.cambridgeinternational.org/Images/694052-2026-2028-syllabus.pdf,Give the musical term or marking that tells a performer: loud.,,forte,forte|f|loud,"1 mark for a correct term, accepted abbreviation or recognised equivalent listed in accepted_answers.",Use the precise musical term: forte.,mezzo forte|fortissimo,,text,No,,No,musical-language | practice-mode | progress-mode | teacher-mode | exam-lab,ML-DYNAMICS,musical-language | dynamics | securing,active,
ML-DYN-F-M,DYN-F,Dynamics,dynamic-markings,Mastering,4,Foundation,exam_style_short_answer,2,No,forte,f,dynamic_mark,loud,explicit,"Recognise dynamic markings, crescendo, diminuendo and terraced dynamics.",12,https://www.cambridgeinternational.org/Images/694052-2026-2028-syllabus.pdf,Look at the marking in the score. Name it and state how the dynamics should change or be performed.,,forte: loud,forte|f|loud,1 mark for identifying forte; 1 mark for a valid description of its effect: loud.,"For full marks, name the marking and explain its musical effect. Forte: loud.",mezzo forte|fortissimo,,text,Yes,Show f in a short score fragment.,No,musical-language | practice-mode | progress-mode | teacher-mode | exam-lab,ML-DYNAMICS,musical-language | dynamics | mastering,active,Mastering rows require score/symbol assets before production.
ML-DYN-FF-F,DYN-FF,Dynamics,dynamic-markings,Foundation,1,Foundation,multiple_choice,1,Yes,fortissimo,ff,dynamic_mark,very loud,explicit,"Recognise dynamic markings, crescendo, diminuendo and terraced dynamics.",12,https://www.cambridgeinternational.org/Images/694052-2026-2028-syllabus.pdf,What does ff mean?,very loud | loud | moderately loud | very quiet,very loud,fortissimo|ff|very loud,1 mark for the correct meaning.,Fortissimo means very loud.,forte|mezzo forte,,text,No,,No,musical-language | practice-mode | progress-mode | teacher-mode | exam-lab,ML-DYNAMICS,musical-language | dynamics | foundation,active,
ML-DYN-FF-D,DYN-FF,Dynamics,dynamic-markings,Developing,2,Foundation,multiple_choice_reverse,1,Yes,fortissimo,ff,dynamic_mark,very loud,explicit,"Recognise dynamic markings, crescendo, diminuendo and terraced dynamics.",12,https://www.cambridgeinternational.org/Images/694052-2026-2028-syllabus.pdf,Which term or marking means: very loud?,fortissimo | forte | mezzo forte | pianissimo,fortissimo,fortissimo|ff|very loud,1 mark for the correct term or marking.,The correct answer is fortissimo (ff).,forte|mezzo forte,,text,No,,No,musical-language | practice-mode | progress-mode | teacher-mode | exam-lab,ML-DYNAMICS,musical-language | dynamics | developing,active,
ML-DYN-FF-S,DYN-FF,Dynamics,dynamic-markings,Securing,3,Foundation,short_answer,1,No,fortissimo,ff,dynamic_mark,very loud,explicit,"Recognise dynamic markings, crescendo, diminuendo and terraced dynamics.",12,https://www.cambridgeinternational.org/Images/694052-2026-2028-syllabus.pdf,Give the musical term or marking that tells a performer: very loud.,,fortissimo,fortissimo|ff|very loud,"1 mark for a correct term, accepted abbreviation or recognised equivalent listed in accepted_answers.",Use the precise musical term: fortissimo.,forte|mezzo forte,,text,No,,No,musical-language | practice-mode | progress-mode | teacher-mode | exam-lab,ML-DYNAMICS,musical-language | dynamics | securing,active,
ML-DYN-FF-M,DYN-FF,Dynamics,dynamic-markings,Mastering,4,Foundation,exam_style_short_answer,2,No,fortissimo,ff,dynamic_mark,very loud,explicit,"Recognise dynamic markings, crescendo, diminuendo and terraced dynamics.",12,https://www.cambridgeinternational.org/Images/694052-2026-2028-syllabus.pdf,Look at the marking in the score. Name it and state how the dynamics should change or be performed.,,fortissimo: very loud,fortissimo|ff|very loud,1 mark for identifying fortissimo; 1 mark for a valid description of its effect: very loud.,"For full marks, name the marking and explain its musical effect. Fortissimo: very loud.",forte|mezzo forte,,text,Yes,Show ff in a short score fragment.,No,musical-language | practice-mode | progress-mode | teacher-mode | exam-lab,ML-DYNAMICS,musical-language | dynamics | mastering,active,Mastering rows require score/symbol assets before production.
ML-DYN-CRESC-F,DYN-CRESC,Dynamics,dynamic-markings,Foundation,1,Foundation,multiple_choice,1,Yes,crescendo,hairpin < / cresc.,dynamic_change,gradually getting louder,explicit,"Recognise dynamic markings, crescendo, diminuendo and terraced dynamics.",12,https://www.cambridgeinternational.org/Images/694052-2026-2028-syllabus.pdf,What does hairpin < / cresc. mean?,gradually getting louder | gradually getting quieter | loud | very quiet,gradually getting louder,crescendo|cresc|cresc.|gradually louder|getting louder,1 mark for the correct meaning.,Crescendo means gradually getting louder.,diminuendo|forte,assets/symbols/dynamics/crescendo.svg,asset,No,,No,musical-language | practice-mode | progress-mode | teacher-mode | exam-lab,ML-DYNAMICS,musical-language | dynamics | foundation,active,
ML-DYN-CRESC-D,DYN-CRESC,Dynamics,dynamic-markings,Developing,2,Foundation,multiple_choice_reverse,1,Yes,crescendo,hairpin < / cresc.,dynamic_change,gradually getting louder,explicit,"Recognise dynamic markings, crescendo, diminuendo and terraced dynamics.",12,https://www.cambridgeinternational.org/Images/694052-2026-2028-syllabus.pdf,Which term or marking means: gradually getting louder?,crescendo | diminuendo | forte | pianissimo,crescendo,crescendo|cresc|cresc.|gradually louder|getting louder,1 mark for the correct term or marking.,The correct answer is crescendo (hairpin < / cresc.).,diminuendo|forte,assets/symbols/dynamics/crescendo.svg,asset,No,,No,musical-language | practice-mode | progress-mode | teacher-mode | exam-lab,ML-DYNAMICS,musical-language | dynamics | developing,active,
ML-DYN-CRESC-S,DYN-CRESC,Dynamics,dynamic-markings,Securing,3,Foundation,short_answer,1,No,crescendo,hairpin < / cresc.,dynamic_change,gradually getting louder,explicit,"Recognise dynamic markings, crescendo, diminuendo and terraced dynamics.",12,https://www.cambridgeinternational.org/Images/694052-2026-2028-syllabus.pdf,Give the musical term or marking that tells a performer: gradually getting louder.,,crescendo,crescendo|cresc|cresc.|gradually louder|getting louder,"1 mark for a correct term, accepted abbreviation or recognised equivalent listed in accepted_answers.",Use the precise musical term: crescendo.,diminuendo|forte,assets/symbols/dynamics/crescendo.svg,asset,No,,No,musical-language | practice-mode | progress-mode | teacher-mode | exam-lab,ML-DYNAMICS,musical-language | dynamics | securing,active,
ML-DYN-CRESC-M,DYN-CRESC,Dynamics,dynamic-markings,Mastering,4,Foundation,exam_style_short_answer,2,No,crescendo,hairpin < / cresc.,dynamic_change,gradually getting louder,explicit,"Recognise dynamic markings, crescendo, diminuendo and terraced dynamics.",12,https://www.cambridgeinternational.org/Images/694052-2026-2028-syllabus.pdf,Look at the marking in the score. Name it and state how the dynamics should change or be performed.,,crescendo: gradually getting louder,crescendo|cresc|cresc.|gradually louder|getting louder,1 mark for identifying crescendo; 1 mark for a valid description of its effect: gradually getting louder.,"For full marks, name the marking and explain its musical effect. Crescendo: gradually getting louder.",diminuendo|forte,assets/symbols/dynamics/crescendo.svg,asset,Yes,Show hairpin < / cresc. in a short score fragment.,No,musical-language | practice-mode | progress-mode | teacher-mode | exam-lab,ML-DYNAMICS,musical-language | dynamics | mastering,active,Mastering rows require score/symbol assets before production.
ML-DYN-DIM-F,DYN-DIM,Dynamics,dynamic-markings,Foundation,1,Foundation,multiple_choice,1,Yes,diminuendo,hairpin > / dim.,dynamic_change,gradually getting quieter,explicit,"Recognise dynamic markings, crescendo, diminuendo and terraced dynamics.",12,https://www.cambridgeinternational.org/Images/694052-2026-2028-syllabus.pdf,What does hairpin > / dim. mean?,gradually getting quieter | gradually getting louder | quiet | very quiet,gradually getting quieter,diminuendo|dim|dim.|decrescendo|gradually quieter|getting quieter,1 mark for the correct meaning.,Diminuendo means gradually getting quieter.,crescendo|piano,assets/symbols/dynamics/diminuendo.svg,asset,No,,No,musical-language | practice-mode | progress-mode | teacher-mode | exam-lab,ML-DYNAMICS,musical-language | dynamics | foundation,active,
ML-DYN-DIM-D,DYN-DIM,Dynamics,dynamic-markings,Developing,2,Foundation,multiple_choice_reverse,1,Yes,diminuendo,hairpin > / dim.,dynamic_change,gradually getting quieter,explicit,"Recognise dynamic markings, crescendo, diminuendo and terraced dynamics.",12,https://www.cambridgeinternational.org/Images/694052-2026-2028-syllabus.pdf,Which term or marking means: gradually getting quieter?,diminuendo | crescendo | piano | pianissimo,diminuendo,diminuendo|dim|dim.|decrescendo|gradually quieter|getting quieter,1 mark for the correct term or marking.,The correct answer is diminuendo (hairpin > / dim.).,crescendo|piano,assets/symbols/dynamics/diminuendo.svg,asset,No,,No,musical-language | practice-mode | progress-mode | teacher-mode | exam-lab,ML-DYNAMICS,musical-language | dynamics | developing,active,
ML-DYN-DIM-S,DYN-DIM,Dynamics,dynamic-markings,Securing,3,Foundation,short_answer,1,No,diminuendo,hairpin > / dim.,dynamic_change,gradually getting quieter,explicit,"Recognise dynamic markings, crescendo, diminuendo and terraced dynamics.",12,https://www.cambridgeinternational.org/Images/694052-2026-2028-syllabus.pdf,Give the musical term or marking that tells a performer: gradually getting quieter.,,diminuendo,diminuendo|dim|dim.|decrescendo|gradually quieter|getting quieter,"1 mark for a correct term, accepted abbreviation or recognised equivalent listed in accepted_answers.",Use the precise musical term: diminuendo.,crescendo|piano,assets/symbols/dynamics/diminuendo.svg,asset,No,,No,musical-language | practice-mode | progress-mode | teacher-mode | exam-lab,ML-DYNAMICS,musical-language | dynamics | securing,active,
ML-DYN-DIM-M,DYN-DIM,Dynamics,dynamic-markings,Mastering,4,Foundation,exam_style_short_answer,2,No,diminuendo,hairpin > / dim.,dynamic_change,gradually getting quieter,explicit,"Recognise dynamic markings, crescendo, diminuendo and terraced dynamics.",12,https://www.cambridgeinternational.org/Images/694052-2026-2028-syllabus.pdf,Look at the marking in the score. Name it and state how the dynamics should change or be performed.,,diminuendo: gradually getting quieter,diminuendo|dim|dim.|decrescendo|gradually quieter|getting quieter,1 mark for identifying diminuendo; 1 mark for a valid description of its effect: gradually getting quieter.,"For full marks, name the marking and explain its musical effect. Diminuendo: gradually getting quieter.",crescendo|piano,assets/symbols/dynamics/diminuendo.svg,asset,Yes,Show hairpin > / dim. in a short score fragment.,No,musical-language | practice-mode | progress-mode | teacher-mode | exam-lab,ML-DYNAMICS,musical-language | dynamics | mastering,active,Mastering rows require score/symbol assets before production.
ML-DYN-TERRACED-F,DYN-TERRACED,Dynamics,dynamic-markings,Foundation,1,Securing,multiple_choice,1,Yes,terraced dynamics,sudden dynamic levels,dynamic_concept,sudden changes between dynamic levels without gradual crescendo or diminuendo,explicit,"Recognise dynamic markings, crescendo, diminuendo and terraced dynamics.",12,https://www.cambridgeinternational.org/Images/694052-2026-2028-syllabus.pdf,What does sudden dynamic levels mean?,sudden changes between dynamic levels without gradual crescendo or diminuendo | gradually getting louder | gradually getting quieter | very quiet,sudden changes between dynamic levels without gradual crescendo or diminuendo,terraced dynamics|terraced|sudden dynamic changes|sudden changes in dynamics,1 mark for the correct meaning.,Terraced dynamics means sudden changes between dynamic levels without gradual crescendo or diminuendo.,crescendo|diminuendo,assets/symbols/dynamics/terraced-dynamics.svg,asset,No,,No,musical-language | practice-mode | progress-mode | teacher-mode | exam-lab,ML-DYNAMICS,musical-language | dynamics | foundation,locked_until_level,
ML-DYN-TERRACED-D,DYN-TERRACED,Dynamics,dynamic-markings,Developing,2,Securing,multiple_choice_reverse,1,Yes,terraced dynamics,sudden dynamic levels,dynamic_concept,sudden changes between dynamic levels without gradual crescendo or diminuendo,explicit,"Recognise dynamic markings, crescendo, diminuendo and terraced dynamics.",12,https://www.cambridgeinternational.org/Images/694052-2026-2028-syllabus.pdf,Which term or marking means: sudden changes between dynamic levels without gradual crescendo or diminuendo?,terraced dynamics | crescendo | diminuendo | pianissimo,terraced dynamics,terraced dynamics|terraced|sudden dynamic changes|sudden changes in dynamics,1 mark for the correct term or marking.,The correct answer is terraced dynamics (sudden dynamic levels).,crescendo|diminuendo,assets/symbols/dynamics/terraced-dynamics.svg,asset,No,,No,musical-language | practice-mode | progress-mode | teacher-mode | exam-lab,ML-DYNAMICS,musical-language | dynamics | developing,locked_until_level,
ML-DYN-TERRACED-S,DYN-TERRACED,Dynamics,dynamic-markings,Securing,3,Securing,short_answer,1,No,terraced dynamics,sudden dynamic levels,dynamic_concept,sudden changes between dynamic levels without gradual crescendo or diminuendo,explicit,"Recognise dynamic markings, crescendo, diminuendo and terraced dynamics.",12,https://www.cambridgeinternational.org/Images/694052-2026-2028-syllabus.pdf,Give the musical term or marking that tells a performer: sudden changes between dynamic levels without gradual crescendo or diminuendo.,,terraced dynamics,terraced dynamics|terraced|sudden dynamic changes|sudden changes in dynamics,"1 mark for a correct term, accepted abbreviation or recognised equivalent listed in accepted_answers.",Use the precise musical term: terraced dynamics.,crescendo|diminuendo,assets/symbols/dynamics/terraced-dynamics.svg,asset,No,,No,musical-language | practice-mode | progress-mode | teacher-mode | exam-lab,ML-DYNAMICS,musical-language | dynamics | securing,active,
ML-DYN-TERRACED-M,DYN-TERRACED,Dynamics,dynamic-markings,Mastering,4,Securing,exam_style_short_answer,2,No,terraced dynamics,sudden dynamic levels,dynamic_concept,sudden changes between dynamic levels without gradual crescendo or diminuendo,explicit,"Recognise dynamic markings, crescendo, diminuendo and terraced dynamics.",12,https://www.cambridgeinternational.org/Images/694052-2026-2028-syllabus.pdf,Look at the marking in the score. Name it and state how the dynamics should change or be performed.,,terraced dynamics: sudden changes between dynamic levels without gradual crescendo or diminuendo,terraced dynamics|terraced|sudden dynamic changes|sudden changes in dynamics,1 mark for identifying terraced dynamics; 1 mark for a valid description of its effect: sudden changes between dynamic levels without gradual crescendo or diminuendo.,"For full marks, name the marking and explain its musical effect. Terraced dynamics: sudden changes between dynamic levels without gradual crescendo or diminuendo.",crescendo|diminuendo,assets/symbols/dynamics/terraced-dynamics.svg,asset,Yes,Show sudden dynamic levels in a short score fragment.,No,musical-language | practice-mode | progress-mode | teacher-mode | exam-lab,ML-DYNAMICS,musical-language | dynamics | mastering,active,Mastering rows require score/symbol assets before production.
ML-ART-LEGATO-F,ART-LEGATO,Articulation,articulation-markings,Foundation,1,Foundation,multiple_choice,1,Yes,legato,slurred / smoothly connected notes,articulation,smoothly and connected,explicit,Recognise articulation terms and symbols.,12,https://www.cambridgeinternational.org/Images/694052-2026-2028-syllabus.pdf,What does slurred / smoothly connected notes mean?,smoothly and connected | short and detached | connect the notes smoothly in a single phrase or bow/breath gesture | play the note with extra emphasis,smoothly and connected,legato|smooth|smoothly|connected,1 mark for the correct meaning.,Legato means smoothly and connected.,staccato|slur,assets/symbols/articulation/legato.svg,asset,No,,No,musical-language | practice-mode | progress-mode | teacher-mode | exam-lab,ML-ARTICULATION,musical-language | articulation | foundation,active,
ML-ART-LEGATO-D,ART-LEGATO,Articulation,articulation-markings,Developing,2,Foundation,multiple_choice_reverse,1,Yes,legato,slurred / smoothly connected notes,articulation,smoothly and connected,explicit,Recognise articulation terms and symbols.,12,https://www.cambridgeinternational.org/Images/694052-2026-2028-syllabus.pdf,Which term or marking means: smoothly and connected?,legato | staccato | slur | accent,legato,legato|smooth|smoothly|connected,1 mark for the correct term or marking.,The correct answer is legato (slurred / smoothly connected notes).,staccato|slur,assets/symbols/articulation/legato.svg,asset,No,,No,musical-language | practice-mode | progress-mode | teacher-mode | exam-lab,ML-ARTICULATION,musical-language | articulation | developing,active,
ML-ART-LEGATO-S,ART-LEGATO,Articulation,articulation-markings,Securing,3,Foundation,short_answer,1,No,legato,slurred / smoothly connected notes,articulation,smoothly and connected,explicit,Recognise articulation terms and symbols.,12,https://www.cambridgeinternational.org/Images/694052-2026-2028-syllabus.pdf,Give the musical term or marking that tells a performer: smoothly and connected.,,legato,legato|smooth|smoothly|connected,"1 mark for a correct term, accepted abbreviation or recognised equivalent listed in accepted_answers.",Use the precise musical term: legato.,staccato|slur,assets/symbols/articulation/legato.svg,asset,No,,No,musical-language | practice-mode | progress-mode | teacher-mode | exam-lab,ML-ARTICULATION,musical-language | articulation | securing,active,
ML-ART-LEGATO-M,ART-LEGATO,Articulation,articulation-markings,Mastering,4,Foundation,exam_style_short_answer,2,No,legato,slurred / smoothly connected notes,articulation,smoothly and connected,explicit,Recognise articulation terms and symbols.,12,https://www.cambridgeinternational.org/Images/694052-2026-2028-syllabus.pdf,Look at the marked note or phrase. Name the articulation and describe how it should be performed.,,legato: smoothly and connected,legato|smooth|smoothly|connected,1 mark for identifying legato; 1 mark for a valid description of its effect: smoothly and connected.,"For full marks, name the marking and explain its musical effect. Legato: smoothly and connected.",staccato|slur,assets/symbols/articulation/legato.svg,asset,Yes,Show a short score fragment using the legato marking.,No,musical-language | practice-mode | progress-mode | teacher-mode | exam-lab,ML-ARTICULATION,musical-language | articulation | mastering,active,Mastering rows require score/symbol assets before production.
ML-ART-STACCATO-F,ART-STACCATO,Articulation,articulation-markings,Foundation,1,Foundation,multiple_choice,1,Yes,staccato,dot above or below a note,articulation,short and detached,explicit,Recognise articulation terms and symbols.,12,https://www.cambridgeinternational.org/Images/694052-2026-2028-syllabus.pdf,What does dot above or below a note mean?,short and detached | play the note with extra emphasis | smoothly and connected | a sudden strong emphasis on a note or chord,short and detached,staccato|short and detached|detached,1 mark for the correct meaning.,Staccato means short and detached.,accent|legato,assets/symbols/articulation/staccato.svg,asset,No,,No,musical-language | practice-mode | progress-mode | teacher-mode | exam-lab,ML-ARTICULATION,musical-language | articulation | foundation,active,
ML-ART-STACCATO-D,ART-STACCATO,Articulation,articulation-markings,Developing,2,Foundation,multiple_choice_reverse,1,Yes,staccato,dot above or below a note,articulation,short and detached,explicit,Recognise articulation terms and symbols.,12,https://www.cambridgeinternational.org/Images/694052-2026-2028-syllabus.pdf,Which term or marking means: short and detached?,staccato | accent | legato | sforzando,staccato,staccato|short and detached|detached,1 mark for the correct term or marking.,The correct answer is staccato (dot above or below a note).,accent|legato,assets/symbols/articulation/staccato.svg,asset,No,,No,musical-language | practice-mode | progress-mode | teacher-mode | exam-lab,ML-ARTICULATION,musical-language | articulation | developing,active,
ML-ART-STACCATO-S,ART-STACCATO,Articulation,articulation-markings,Securing,3,Foundation,short_answer,1,No,staccato,dot above or below a note,articulation,short and detached,explicit,Recognise articulation terms and symbols.,12,https://www.cambridgeinternational.org/Images/694052-2026-2028-syllabus.pdf,Give the musical term or marking that tells a performer: short and detached.,,staccato,staccato|short and detached|detached,"1 mark for a correct term, accepted abbreviation or recognised equivalent listed in accepted_answers.",Use the precise musical term: staccato.,accent|legato,assets/symbols/articulation/staccato.svg,asset,No,,No,musical-language | practice-mode | progress-mode | teacher-mode | exam-lab,ML-ARTICULATION,musical-language | articulation | securing,active,
ML-ART-STACCATO-M,ART-STACCATO,Articulation,articulation-markings,Mastering,4,Foundation,exam_style_short_answer,2,No,staccato,dot above or below a note,articulation,short and detached,explicit,Recognise articulation terms and symbols.,12,https://www.cambridgeinternational.org/Images/694052-2026-2028-syllabus.pdf,Look at the marked note or phrase. Name the articulation and describe how it should be performed.,,staccato: short and detached,staccato|short and detached|detached,1 mark for identifying staccato; 1 mark for a valid description of its effect: short and detached.,"For full marks, name the marking and explain its musical effect. Staccato: short and detached.",accent|legato,assets/symbols/articulation/staccato.svg,asset,Yes,Show a short score fragment using the staccato marking.,No,musical-language | practice-mode | progress-mode | teacher-mode | exam-lab,ML-ARTICULATION,musical-language | articulation | mastering,active,Mastering rows require score/symbol assets before production.
ML-ART-ACCENT-F,ART-ACCENT,Articulation,articulation-markings,Foundation,1,Developing,multiple_choice,1,Yes,accent,>,articulation,play the note with extra emphasis,explicit,Recognise articulation terms and symbols.,12,https://www.cambridgeinternational.org/Images/694052-2026-2028-syllabus.pdf,What does > mean?,play the note with extra emphasis | short and detached | a sudden strong emphasis on a note or chord | smoothly and connected,play the note with extra emphasis,accent|accented|emphasis|extra emphasis,1 mark for the correct meaning.,Accent means play the note with extra emphasis.,staccato|sforzando,assets/symbols/articulation/accent.svg,asset,No,,No,musical-language | practice-mode | progress-mode | teacher-mode | exam-lab,ML-ARTICULATION,musical-language | articulation | foundation,locked_until_level,
ML-ART-ACCENT-D,ART-ACCENT,Articulation,articulation-markings,Developing,2,Developing,multiple_choice_reverse,1,Yes,accent,>,articulation,play the note with extra emphasis,explicit,Recognise articulation terms and symbols.,12,https://www.cambridgeinternational.org/Images/694052-2026-2028-syllabus.pdf,Which term or marking means: play the note with extra emphasis?,accent | staccato | sforzando | legato,accent,accent|accented|emphasis|extra emphasis,1 mark for the correct term or marking.,The correct answer is accent (>).,staccato|sforzando,assets/symbols/articulation/accent.svg,asset,No,,No,musical-language | practice-mode | progress-mode | teacher-mode | exam-lab,ML-ARTICULATION,musical-language | articulation | developing,active,
ML-ART-ACCENT-S,ART-ACCENT,Articulation,articulation-markings,Securing,3,Developing,short_answer,1,No,accent,>,articulation,play the note with extra emphasis,explicit,Recognise articulation terms and symbols.,12,https://www.cambridgeinternational.org/Images/694052-2026-2028-syllabus.pdf,Give the musical term or marking that tells a performer: play the note with extra emphasis.,,accent,accent|accented|emphasis|extra emphasis,"1 mark for a correct term, accepted abbreviation or recognised equivalent listed in accepted_answers.",Use the precise musical term: accent.,staccato|sforzando,assets/symbols/articulation/accent.svg,asset,No,,No,musical-language | practice-mode | progress-mode | teacher-mode | exam-lab,ML-ARTICULATION,musical-language | articulation | securing,active,
ML-ART-ACCENT-M,ART-ACCENT,Articulation,articulation-markings,Mastering,4,Developing,exam_style_short_answer,2,No,accent,>,articulation,play the note with extra emphasis,explicit,Recognise articulation terms and symbols.,12,https://www.cambridgeinternational.org/Images/694052-2026-2028-syllabus.pdf,Look at the marked note or phrase. Name the articulation and describe how it should be performed.,,accent: play the note with extra emphasis,accent|accented|emphasis|extra emphasis,1 mark for identifying accent; 1 mark for a valid description of its effect: play the note with extra emphasis.,"For full marks, name the marking and explain its musical effect. Accent: play the note with extra emphasis.",staccato|sforzando,assets/symbols/articulation/accent.svg,asset,Yes,Show a short score fragment using the accent marking.,No,musical-language | practice-mode | progress-mode | teacher-mode | exam-lab,ML-ARTICULATION,musical-language | articulation | mastering,active,Mastering rows require score/symbol assets before production.
ML-ART-SFZ-F,ART-SFZ,Articulation,articulation-markings,Foundation,1,Developing,multiple_choice,1,Yes,sforzando,sfz,articulation,a sudden strong emphasis on a note or chord,explicit,Recognise articulation terms and symbols.,12,https://www.cambridgeinternational.org/Images/694052-2026-2028-syllabus.pdf,What does sfz mean?,a sudden strong emphasis on a note or chord | play the note with extra emphasis | smoothly and connected | short and detached,a sudden strong emphasis on a note or chord,sforzando|sfz|sf|sudden emphasis|strong emphasis,1 mark for the correct meaning.,Sforzando means a sudden strong emphasis on a note or chord.,accent|forte,assets/symbols/articulation/sforzando.svg,asset,No,,No,musical-language | practice-mode | progress-mode | teacher-mode | exam-lab,ML-ARTICULATION,musical-language | articulation | foundation,locked_until_level,
ML-ART-SFZ-D,ART-SFZ,Articulation,articulation-markings,Developing,2,Developing,multiple_choice_reverse,1,Yes,sforzando,sfz,articulation,a sudden strong emphasis on a note or chord,explicit,Recognise articulation terms and symbols.,12,https://www.cambridgeinternational.org/Images/694052-2026-2028-syllabus.pdf,Which term or marking means: a sudden strong emphasis on a note or chord?,sforzando | accent | forte | legato,sforzando,sforzando|sfz|sf|sudden emphasis|strong emphasis,1 mark for the correct term or marking.,The correct answer is sforzando (sfz).,accent|forte,assets/symbols/articulation/sforzando.svg,asset,No,,No,musical-language | practice-mode | progress-mode | teacher-mode | exam-lab,ML-ARTICULATION,musical-language | articulation | developing,active,
ML-ART-SFZ-S,ART-SFZ,Articulation,articulation-markings,Securing,3,Developing,short_answer,1,No,sforzando,sfz,articulation,a sudden strong emphasis on a note or chord,explicit,Recognise articulation terms and symbols.,12,https://www.cambridgeinternational.org/Images/694052-2026-2028-syllabus.pdf,Give the musical term or marking that tells a performer: a sudden strong emphasis on a note or chord.,,sforzando,sforzando|sfz|sf|sudden emphasis|strong emphasis,"1 mark for a correct term, accepted abbreviation or recognised equivalent listed in accepted_answers.",Use the precise musical term: sforzando.,accent|forte,assets/symbols/articulation/sforzando.svg,asset,No,,No,musical-language | practice-mode | progress-mode | teacher-mode | exam-lab,ML-ARTICULATION,musical-language | articulation | securing,active,
ML-ART-SFZ-M,ART-SFZ,Articulation,articulation-markings,Mastering,4,Developing,exam_style_short_answer,2,No,sforzando,sfz,articulation,a sudden strong emphasis on a note or chord,explicit,Recognise articulation terms and symbols.,12,https://www.cambridgeinternational.org/Images/694052-2026-2028-syllabus.pdf,Look at the marked note or phrase. Name the articulation and describe how it should be performed.,,sforzando: a sudden strong emphasis on a note or chord,sforzando|sfz|sf|sudden emphasis|strong emphasis,1 mark for identifying sforzando; 1 mark for a valid description of its effect: a sudden strong emphasis on a note or chord.,"For full marks, name the marking and explain its musical effect. Sforzando: a sudden strong emphasis on a note or chord.",accent|forte,assets/symbols/articulation/sforzando.svg,asset,Yes,Show a short score fragment using the sforzando marking.,No,musical-language | practice-mode | progress-mode | teacher-mode | exam-lab,ML-ARTICULATION,musical-language | articulation | mastering,active,Mastering rows require score/symbol assets before production.
ML-ART-SLUR-F,ART-SLUR,Articulation,articulation-markings,Foundation,1,Developing,multiple_choice,1,Yes,slur,curved line over or under notes,notation_symbol,connect the notes smoothly in a single phrase or bow/breath gesture,explicit,Recognise articulation terms and symbols.,12,https://www.cambridgeinternational.org/Images/694052-2026-2028-syllabus.pdf,What does curved line over or under notes mean?,connect the notes smoothly in a single phrase or bow/breath gesture | smoothly and connected | short and detached | play the note with extra emphasis,connect the notes smoothly in a single phrase or bow/breath gesture,slur|slurred,1 mark for the correct meaning.,Slur means connect the notes smoothly in a single phrase or bow/breath gesture.,tie|legato,assets/symbols/articulation/slur.svg,asset,No,,No,musical-language | practice-mode | progress-mode | teacher-mode | exam-lab,ML-ARTICULATION,musical-language | articulation | foundation,locked_until_level,
ML-ART-SLUR-D,ART-SLUR,Articulation,articulation-markings,Developing,2,Developing,multiple_choice_reverse,1,Yes,slur,curved line over or under notes,notation_symbol,connect the notes smoothly in a single phrase or bow/breath gesture,explicit,Recognise articulation terms and symbols.,12,https://www.cambridgeinternational.org/Images/694052-2026-2028-syllabus.pdf,Which term or marking means: connect the notes smoothly in a single phrase or bow/breath gesture?,slur | tie | legato | staccato,slur,slur|slurred,1 mark for the correct term or marking.,The correct answer is slur (curved line over or under notes).,tie|legato,assets/symbols/articulation/slur.svg,asset,No,,No,musical-language | practice-mode | progress-mode | teacher-mode | exam-lab,ML-ARTICULATION,musical-language | articulation | developing,active,
ML-ART-SLUR-S,ART-SLUR,Articulation,articulation-markings,Securing,3,Developing,short_answer,1,No,slur,curved line over or under notes,notation_symbol,connect the notes smoothly in a single phrase or bow/breath gesture,explicit,Recognise articulation terms and symbols.,12,https://www.cambridgeinternational.org/Images/694052-2026-2028-syllabus.pdf,Give the musical term or marking that tells a performer: connect the notes smoothly in a single phrase or bow/breath gesture.,,slur,slur|slurred,"1 mark for a correct term, accepted abbreviation or recognised equivalent listed in accepted_answers.",Use the precise musical term: slur.,tie|legato,assets/symbols/articulation/slur.svg,asset,No,,No,musical-language | practice-mode | progress-mode | teacher-mode | exam-lab,ML-ARTICULATION,musical-language | articulation | securing,active,
ML-ART-SLUR-M,ART-SLUR,Articulation,articulation-markings,Mastering,4,Developing,exam_style_short_answer,2,No,slur,curved line over or under notes,notation_symbol,connect the notes smoothly in a single phrase or bow/breath gesture,explicit,Recognise articulation terms and symbols.,12,https://www.cambridgeinternational.org/Images/694052-2026-2028-syllabus.pdf,Look at the marked note or phrase. Name the articulation and describe how it should be performed.,,slur: connect the notes smoothly in a single phrase or bow/breath gesture,slur|slurred,1 mark for identifying slur; 1 mark for a valid description of its effect: connect the notes smoothly in a single phrase or bow/breath gesture.,"For full marks, name the marking and explain its musical effect. Slur: connect the notes smoothly in a single phrase or bow/breath gesture.",tie|legato,assets/symbols/articulation/slur.svg,asset,Yes,Show a short score fragment using the slur marking.,No,musical-language | practice-mode | progress-mode | teacher-mode | exam-lab,ML-ARTICULATION,musical-language | articulation | mastering,active,Mastering rows require score/symbol assets before production.
ML-ORN-TRILL-F,ORN-TRILL,Ornamentation,ornaments,Foundation,1,Developing,multiple_choice,1,Yes,trill,tr,ornament,rapid alternation between the written note and the note above,explicit,Recognise common ornaments and their notation.,12,https://www.cambridgeinternational.org/Images/694052-2026-2028-syllabus.pdf,What does tr mean?,rapid alternation between the written note and the note above | a rapid ornament moving to a neighbouring note and back | an ornament that circles around the written note using the note above and the note below | an expressive grace note that leans on the main note and takes some of its value,rapid alternation between the written note and the note above,trill|tr,1 mark for the correct meaning.,Trill means rapid alternation between the written note and the note above.,mordent|turn,assets/symbols/ornaments/trill.svg,asset,No,,No,musical-language | practice-mode | progress-mode | teacher-mode | exam-lab,ML-ORNAMENTATION,musical-language | ornamentation | foundation,locked_until_level,
ML-ORN-TRILL-D,ORN-TRILL,Ornamentation,ornaments,Developing,2,Developing,multiple_choice_reverse,1,Yes,trill,tr,ornament,rapid alternation between the written note and the note above,explicit,Recognise common ornaments and their notation.,12,https://www.cambridgeinternational.org/Images/694052-2026-2028-syllabus.pdf,Which term or marking means: rapid alternation between the written note and the note above?,trill | mordent | turn | appoggiatura,trill,trill|tr,1 mark for the correct term or marking.,The correct answer is trill (tr).,mordent|turn,assets/symbols/ornaments/trill.svg,asset,No,,No,musical-language | practice-mode | progress-mode | teacher-mode | exam-lab,ML-ORNAMENTATION,musical-language | ornamentation | developing,active,
ML-ORN-TRILL-S,ORN-TRILL,Ornamentation,ornaments,Securing,3,Developing,short_answer,1,No,trill,tr,ornament,rapid alternation between the written note and the note above,explicit,Recognise common ornaments and their notation.,12,https://www.cambridgeinternational.org/Images/694052-2026-2028-syllabus.pdf,Give the musical term or marking that tells a performer: rapid alternation between the written note and the note above.,,trill,trill|tr,"1 mark for a correct term, accepted abbreviation or recognised equivalent listed in accepted_answers.",Use the precise musical term: trill.,mordent|turn,assets/symbols/ornaments/trill.svg,asset,No,,No,musical-language | practice-mode | progress-mode | teacher-mode | exam-lab,ML-ORNAMENTATION,musical-language | ornamentation | securing,active,
ML-ORN-TRILL-M,ORN-TRILL,Ornamentation,ornaments,Mastering,4,Developing,exam_style_short_answer,2,No,trill,tr,ornament,rapid alternation between the written note and the note above,explicit,Recognise common ornaments and their notation.,12,https://www.cambridgeinternational.org/Images/694052-2026-2028-syllabus.pdf,Look at the ornament in the score. Name it and describe what the performer should do.,,trill: rapid alternation between the written note and the note above,trill|tr,1 mark for identifying trill; 1 mark for a valid description of its effect: rapid alternation between the written note and the note above.,"For full marks, name the marking and explain its musical effect. Trill: rapid alternation between the written note and the note above.",mordent|turn,assets/symbols/ornaments/trill.svg,asset,Yes,Show the trill symbol or grace-note notation above/before a written note.,No,musical-language | practice-mode | progress-mode | teacher-mode | exam-lab,ML-ORNAMENTATION,musical-language | ornamentation | mastering,active,Mastering rows require score/symbol assets before production.
ML-ORN-MORDENT-F,ORN-MORDENT,Ornamentation,ornaments,Foundation,1,Developing,multiple_choice,1,Yes,mordent,mordent symbol,ornament,a rapid ornament moving to a neighbouring note and back,explicit,Recognise common ornaments and their notation.,12,https://www.cambridgeinternational.org/Images/694052-2026-2028-syllabus.pdf,What does mordent symbol mean?,a rapid ornament moving to a neighbouring note and back | rapid alternation between the written note and the note above | an ornament that circles around the written note using the note above and the note below | an expressive grace note that leans on the main note and takes some of its value,a rapid ornament moving to a neighbouring note and back,mordent,1 mark for the correct meaning.,Mordent means a rapid ornament moving to a neighbouring note and back.,trill|turn,assets/symbols/ornaments/mordent.svg,asset,No,,No,musical-language | practice-mode | progress-mode | teacher-mode | exam-lab,ML-ORNAMENTATION,musical-language | ornamentation | foundation,locked_until_level,
ML-ORN-MORDENT-D,ORN-MORDENT,Ornamentation,ornaments,Developing,2,Developing,multiple_choice_reverse,1,Yes,mordent,mordent symbol,ornament,a rapid ornament moving to a neighbouring note and back,explicit,Recognise common ornaments and their notation.,12,https://www.cambridgeinternational.org/Images/694052-2026-2028-syllabus.pdf,Which term or marking means: a rapid ornament moving to a neighbouring note and back?,mordent | trill | turn | appoggiatura,mordent,mordent,1 mark for the correct term or marking.,The correct answer is mordent (mordent symbol).,trill|turn,assets/symbols/ornaments/mordent.svg,asset,No,,No,musical-language | practice-mode | progress-mode | teacher-mode | exam-lab,ML-ORNAMENTATION,musical-language | ornamentation | developing,active,
ML-ORN-MORDENT-S,ORN-MORDENT,Ornamentation,ornaments,Securing,3,Developing,short_answer,1,No,mordent,mordent symbol,ornament,a rapid ornament moving to a neighbouring note and back,explicit,Recognise common ornaments and their notation.,12,https://www.cambridgeinternational.org/Images/694052-2026-2028-syllabus.pdf,Give the musical term or marking that tells a performer: a rapid ornament moving to a neighbouring note and back.,,mordent,mordent,"1 mark for a correct term, accepted abbreviation or recognised equivalent listed in accepted_answers.",Use the precise musical term: mordent.,trill|turn,assets/symbols/ornaments/mordent.svg,asset,No,,No,musical-language | practice-mode | progress-mode | teacher-mode | exam-lab,ML-ORNAMENTATION,musical-language | ornamentation | securing,active,
ML-ORN-MORDENT-M,ORN-MORDENT,Ornamentation,ornaments,Mastering,4,Developing,exam_style_short_answer,2,No,mordent,mordent symbol,ornament,a rapid ornament moving to a neighbouring note and back,explicit,Recognise common ornaments and their notation.,12,https://www.cambridgeinternational.org/Images/694052-2026-2028-syllabus.pdf,Look at the ornament in the score. Name it and describe what the performer should do.,,mordent: a rapid ornament moving to a neighbouring note and back,mordent,1 mark for identifying mordent; 1 mark for a valid description of its effect: a rapid ornament moving to a neighbouring note and back.,"For full marks, name the marking and explain its musical effect. Mordent: a rapid ornament moving to a neighbouring note and back.",trill|turn,assets/symbols/ornaments/mordent.svg,asset,Yes,Show the mordent symbol or grace-note notation above/before a written note.,No,musical-language | practice-mode | progress-mode | teacher-mode | exam-lab,ML-ORNAMENTATION,musical-language | ornamentation | mastering,active,Mastering rows require score/symbol assets before production.
ML-ORN-TURN-F,ORN-TURN,Ornamentation,ornaments,Foundation,1,Securing,multiple_choice,1,Yes,turn,turn symbol,ornament,an ornament that circles around the written note using the note above and the note below,explicit,Recognise common ornaments and their notation.,12,https://www.cambridgeinternational.org/Images/694052-2026-2028-syllabus.pdf,What does turn symbol mean?,an ornament that circles around the written note using the note above and the note below | rapid alternation between the written note and the note above | a rapid ornament moving to a neighbouring note and back | an expressive grace note that leans on the main note and takes some of its value,an ornament that circles around the written note using the note above and the note below,turn,1 mark for the correct meaning.,Turn means an ornament that circles around the written note using the note above and the note below.,trill|mordent,assets/symbols/ornaments/turn.svg,asset,No,,No,musical-language | practice-mode | progress-mode | teacher-mode | exam-lab,ML-ORNAMENTATION,musical-language | ornamentation | foundation,locked_until_level,
ML-ORN-TURN-D,ORN-TURN,Ornamentation,ornaments,Developing,2,Securing,multiple_choice_reverse,1,Yes,turn,turn symbol,ornament,an ornament that circles around the written note using the note above and the note below,explicit,Recognise common ornaments and their notation.,12,https://www.cambridgeinternational.org/Images/694052-2026-2028-syllabus.pdf,Which term or marking means: an ornament that circles around the written note using the note above and the note below?,turn | trill | mordent | appoggiatura,turn,turn,1 mark for the correct term or marking.,The correct answer is turn (turn symbol).,trill|mordent,assets/symbols/ornaments/turn.svg,asset,No,,No,musical-language | practice-mode | progress-mode | teacher-mode | exam-lab,ML-ORNAMENTATION,musical-language | ornamentation | developing,locked_until_level,
ML-ORN-TURN-S,ORN-TURN,Ornamentation,ornaments,Securing,3,Securing,short_answer,1,No,turn,turn symbol,ornament,an ornament that circles around the written note using the note above and the note below,explicit,Recognise common ornaments and their notation.,12,https://www.cambridgeinternational.org/Images/694052-2026-2028-syllabus.pdf,Give the musical term or marking that tells a performer: an ornament that circles around the written note using the note above and the note below.,,turn,turn,"1 mark for a correct term, accepted abbreviation or recognised equivalent listed in accepted_answers.",Use the precise musical term: turn.,trill|mordent,assets/symbols/ornaments/turn.svg,asset,No,,No,musical-language | practice-mode | progress-mode | teacher-mode | exam-lab,ML-ORNAMENTATION,musical-language | ornamentation | securing,active,
ML-ORN-TURN-M,ORN-TURN,Ornamentation,ornaments,Mastering,4,Securing,exam_style_short_answer,2,No,turn,turn symbol,ornament,an ornament that circles around the written note using the note above and the note below,explicit,Recognise common ornaments and their notation.,12,https://www.cambridgeinternational.org/Images/694052-2026-2028-syllabus.pdf,Look at the ornament in the score. Name it and describe what the performer should do.,,turn: an ornament that circles around the written note using the note above and the note below,turn,1 mark for identifying turn; 1 mark for a valid description of its effect: an ornament that circles around the written note using the note above and the note below.,"For full marks, name the marking and explain its musical effect. Turn: an ornament that circles around the written note using the note above and the note below.",trill|mordent,assets/symbols/ornaments/turn.svg,asset,Yes,Show the turn symbol or grace-note notation above/before a written note.,No,musical-language | practice-mode | progress-mode | teacher-mode | exam-lab,ML-ORNAMENTATION,musical-language | ornamentation | mastering,active,Mastering rows require score/symbol assets before production.
ML-ORN-APPOG-F,ORN-APPOG,Ornamentation,ornaments,Foundation,1,Securing,multiple_choice,1,Yes,appoggiatura,grace note without a slash,ornament,an expressive grace note that leans on the main note and takes some of its value,explicit,Recognise common ornaments and their notation.,12,https://www.cambridgeinternational.org/Images/694052-2026-2028-syllabus.pdf,What does grace note without a slash mean?,an expressive grace note that leans on the main note and takes some of its value | a very quick crushed grace note played immediately before the main note | a rapid ornament moving to a neighbouring note and back | rapid alternation between the written note and the note above,an expressive grace note that leans on the main note and takes some of its value,appoggiatura,1 mark for the correct meaning.,Appoggiatura means an expressive grace note that leans on the main note and takes some of its value.,acciaccatura|mordent,assets/symbols/ornaments/appoggiatura.svg,asset,No,,No,musical-language | practice-mode | progress-mode | teacher-mode | exam-lab,ML-ORNAMENTATION,musical-language | ornamentation | foundation,locked_until_level,
ML-ORN-APPOG-D,ORN-APPOG,Ornamentation,ornaments,Developing,2,Securing,multiple_choice_reverse,1,Yes,appoggiatura,grace note without a slash,ornament,an expressive grace note that leans on the main note and takes some of its value,explicit,Recognise common ornaments and their notation.,12,https://www.cambridgeinternational.org/Images/694052-2026-2028-syllabus.pdf,Which term or marking means: an expressive grace note that leans on the main note and takes some of its value?,appoggiatura | acciaccatura | mordent | trill,appoggiatura,appoggiatura,1 mark for the correct term or marking.,The correct answer is appoggiatura (grace note without a slash).,acciaccatura|mordent,assets/symbols/ornaments/appoggiatura.svg,asset,No,,No,musical-language | practice-mode | progress-mode | teacher-mode | exam-lab,ML-ORNAMENTATION,musical-language | ornamentation | developing,locked_until_level,
ML-ORN-APPOG-S,ORN-APPOG,Ornamentation,ornaments,Securing,3,Securing,short_answer,1,No,appoggiatura,grace note without a slash,ornament,an expressive grace note that leans on the main note and takes some of its value,explicit,Recognise common ornaments and their notation.,12,https://www.cambridgeinternational.org/Images/694052-2026-2028-syllabus.pdf,Give the musical term or marking that tells a performer: an expressive grace note that leans on the main note and takes some of its value.,,appoggiatura,appoggiatura,"1 mark for a correct term, accepted abbreviation or recognised equivalent listed in accepted_answers.",Use the precise musical term: appoggiatura.,acciaccatura|mordent,assets/symbols/ornaments/appoggiatura.svg,asset,No,,No,musical-language | practice-mode | progress-mode | teacher-mode | exam-lab,ML-ORNAMENTATION,musical-language | ornamentation | securing,active,
ML-ORN-APPOG-M,ORN-APPOG,Ornamentation,ornaments,Mastering,4,Securing,exam_style_short_answer,2,No,appoggiatura,grace note without a slash,ornament,an expressive grace note that leans on the main note and takes some of its value,explicit,Recognise common ornaments and their notation.,12,https://www.cambridgeinternational.org/Images/694052-2026-2028-syllabus.pdf,Look at the ornament in the score. Name it and describe what the performer should do.,,appoggiatura: an expressive grace note that leans on the main note and takes some of its value,appoggiatura,1 mark for identifying appoggiatura; 1 mark for a valid description of its effect: an expressive grace note that leans on the main note and takes some of its value.,"For full marks, name the marking and explain its musical effect. Appoggiatura: an expressive grace note that leans on the main note and takes some of its value.",acciaccatura|mordent,assets/symbols/ornaments/appoggiatura.svg,asset,Yes,Show the appoggiatura symbol or grace-note notation above/before a written note.,No,musical-language | practice-mode | progress-mode | teacher-mode | exam-lab,ML-ORNAMENTATION,musical-language | ornamentation | mastering,active,Mastering rows require score/symbol assets before production.
ML-ORN-ACCIA-F,ORN-ACCIA,Ornamentation,ornaments,Foundation,1,Securing,multiple_choice,1,Yes,acciaccatura,small grace note with a slash,ornament,a very quick crushed grace note played immediately before the main note,explicit,Recognise common ornaments and their notation.,12,https://www.cambridgeinternational.org/Images/694052-2026-2028-syllabus.pdf,What does small grace note with a slash mean?,a very quick crushed grace note played immediately before the main note | an expressive grace note that leans on the main note and takes some of its value | a rapid ornament moving to a neighbouring note and back | rapid alternation between the written note and the note above,a very quick crushed grace note played immediately before the main note,acciaccatura|grace note with slash|crushed note,1 mark for the correct meaning.,Acciaccatura means a very quick crushed grace note played immediately before the main note.,appoggiatura|mordent,assets/symbols/ornaments/acciaccatura.svg,asset,No,,No,musical-language | practice-mode | progress-mode | teacher-mode | exam-lab,ML-ORNAMENTATION,musical-language | ornamentation | foundation,locked_until_level,
ML-ORN-ACCIA-D,ORN-ACCIA,Ornamentation,ornaments,Developing,2,Securing,multiple_choice_reverse,1,Yes,acciaccatura,small grace note with a slash,ornament,a very quick crushed grace note played immediately before the main note,explicit,Recognise common ornaments and their notation.,12,https://www.cambridgeinternational.org/Images/694052-2026-2028-syllabus.pdf,Which term or marking means: a very quick crushed grace note played immediately before the main note?,acciaccatura | appoggiatura | mordent | trill,acciaccatura,acciaccatura|grace note with slash|crushed note,1 mark for the correct term or marking.,The correct answer is acciaccatura (small grace note with a slash).,appoggiatura|mordent,assets/symbols/ornaments/acciaccatura.svg,asset,No,,No,musical-language | practice-mode | progress-mode | teacher-mode | exam-lab,ML-ORNAMENTATION,musical-language | ornamentation | developing,locked_until_level,
ML-ORN-ACCIA-S,ORN-ACCIA,Ornamentation,ornaments,Securing,3,Securing,short_answer,1,No,acciaccatura,small grace note with a slash,ornament,a very quick crushed grace note played immediately before the main note,explicit,Recognise common ornaments and their notation.,12,https://www.cambridgeinternational.org/Images/694052-2026-2028-syllabus.pdf,Give the musical term or marking that tells a performer: a very quick crushed grace note played immediately before the main note.,,acciaccatura,acciaccatura|grace note with slash|crushed note,"1 mark for a correct term, accepted abbreviation or recognised equivalent listed in accepted_answers.",Use the precise musical term: acciaccatura.,appoggiatura|mordent,assets/symbols/ornaments/acciaccatura.svg,asset,No,,No,musical-language | practice-mode | progress-mode | teacher-mode | exam-lab,ML-ORNAMENTATION,musical-language | ornamentation | securing,active,
ML-ORN-ACCIA-M,ORN-ACCIA,Ornamentation,ornaments,Mastering,4,Securing,exam_style_short_answer,2,No,acciaccatura,small grace note with a slash,ornament,a very quick crushed grace note played immediately before the main note,explicit,Recognise common ornaments and their notation.,12,https://www.cambridgeinternational.org/Images/694052-2026-2028-syllabus.pdf,Look at the ornament in the score. Name it and describe what the performer should do.,,acciaccatura: a very quick crushed grace note played immediately before the main note,acciaccatura|grace note with slash|crushed note,1 mark for identifying acciaccatura; 1 mark for a valid description of its effect: a very quick crushed grace note played immediately before the main note.,"For full marks, name the marking and explain its musical effect. Acciaccatura: a very quick crushed grace note played immediately before the main note.",appoggiatura|mordent,assets/symbols/ornaments/acciaccatura.svg,asset,Yes,Show the acciaccatura symbol or grace-note notation above/before a written note.,No,musical-language | practice-mode | progress-mode | teacher-mode | exam-lab,ML-ORNAMENTATION,musical-language | ornamentation | mastering,active,Mastering rows require score/symbol assets before production.
