app,module_id,sub_app,question_id,source_question_id,level,response_type,max_marks,prompt,correct_answer,answer_choices,accepted_answers,audio_path,audio_exists,question_asset,answer_asset,score_asset,instrument,family,clip_type,difficulty,composer,work,movement,performer,source,rights,notes
Texture Trainer,texture-trainer,Texture recognition,TT001,,Foundation,multiple-choice,1,Name the texture.,Monophonic,Monophonic | Homophonic | Polyphonic,monophonic | single unaccompanied melodic line | single melodic line | one melodic line | one melody | one line | one part | solo line | solo melody | unaccompanied melody | unaccompanied melodic line | a single melody | a single melodic line,modules/texture-trainer/../instrument-identifier/audio/II201.mp3,yes,,,,,,Monophonic,Foundation,,"J. S. Bach — Partita in A minor for solo flute, BWV 1013",,Scott Goff,MusOpen,PD,
Texture Trainer,texture-trainer,Texture recognition,TT007,,Foundation,multiple-choice,1,Identify the texture in this extract.,Monophonic,Monophonic | Homophonic | Polyphonic,monophonic | single unaccompanied melodic line | single melodic line | one melodic line | one melody | one line | one part | solo line | solo melody | unaccompanied melody | unaccompanied melodic line | a single melody | a single melodic line,modules/texture-trainer/audio/TT007.mp3,yes,,,,,,Monophonic,Foundation,,"J. S. Bach — Cello Suite No. 1 in G major, BWV 1007: Prelude",,John Michel,https://commons.wikimedia.org/wiki/File:JOHN_MICHEL_CELLO-J_S_BACH_CELLO_SUITE_1_in_G_Prelude.ogg,CC BY-SA 3.0 (verify on source page before release),One unaccompanied cello line; register changes do not create separate simultaneous parts.
Texture Trainer,texture-trainer,Texture recognition,TT008,,Foundation,multiple-choice,1,Identify the texture in this extract.,Monophonic,Monophonic | Homophonic | Polyphonic,monophonic | single unaccompanied melodic line | single melodic line | one melodic line | one melody | one line | one part | solo line | solo melody | unaccompanied melody | unaccompanied melodic line | a single melody | a single melodic line,modules/texture-trainer/audio/TT008.mp3,yes,,,,,,Monophonic,Foundation,,"J. S. Bach — Partita in A minor for solo flute, BWV 1013",,Scott Goff,https://commons.wikimedia.org/wiki/File:Jsbach_BWV_1013.ogg,CC BY-SA 2.0,Review note: skip the opening buzz before the flute line begins.
Texture Trainer,texture-trainer,Texture recognition,TT009,,Developing,multiple-choice,1,Identify the texture in this extract.,Melody and accompaniment,Melody and accompaniment | Polyphonic | Monophonic | Chordal,homophonic | melody dominated homophony | melody-dominated homophony | melody and accompaniment | melody with accompaniment | tune with accompaniment | tune with backing | melody with backing | main melody with chords | accompanied melody | main tune with chords | solo melody with accompaniment,modules/texture-trainer/audio/TT009.mp3,yes,,,,,,Homophonic,Developing,,"L. van Beethoven — Piano Sonata No. 14 ‘Moonlight’, movement I",,Paul Pitman,"https://commons.wikimedia.org/wiki/File:Ludwig_van_Beethoven_-_sonata_no._14_in_c_sharp_minor_'moonlight',_op._27_no._2_-_i._adagio_sostenuto.ogg",Public-domain mark on Commons/Musopen source page; re-check before release,A prominent upper melody is supported by repeated accompaniment and bass notes.
Texture Trainer,texture-trainer,Texture recognition,TT010,,Foundation,multiple-choice,1,Identify the texture in this extract.,Homophonic,Homophonic | Polyphonic | Monophonic,homophonic | chordal | homorhythmic | homorhythm | block chords | same rhythm | moving together | parts move together | harmony moves together | voices move together | all parts move together,modules/texture-trainer/audio/TT010.mp3,yes,,,,,,Homophonic,Foundation,,"F. Chopin — Prelude in C minor, Op. 28 No. 20",,Ivan Ilić,"https://commons.wikimedia.org/wiki/File:Chopin_-_Preludes,_Op._28_-_No._20_'Funeral_march'.ogg",CC BY 3.0,The parts move together in a mainly chordal rhythm.
Texture Trainer,texture-trainer,Texture recognition,TT011,,Developing,multiple-choice,1,Identify the texture in this extract.,Fugal,Fugal | Homophonic | Monophonic | Unison,fugue | fugal | fugal writing | fugal imitation | fugal texture | imitative polyphony | subject entries | answer entries | subject and answer entries | subject enters successively | voices enter successively | polyphonic | contrapuntal | counterpoint | independent parts | independent melodies | several melodies at once | several melodies | multiple melodies | different melodies at the same time | interweaving melodies | overlapping melodies | imitative | imitation | imitative | imitation | canon | canon like | canon-like | one part copies another | one part imitates another | repeated by another part | copied between parts | the melody is copied | successive entries | subject entries | texture thickens | thickens | gets thicker | becomes thicker | the texture becomes thicker | thicker texture | more instruments enter | more parts enter | more orchestral parts | parts are added | parts enter | layers added | layers are added | more layers | fuller texture | full ensemble | tutti | builds up | the texture builds up | chords are added | independent vocal lines | independent voices | independent subject entries | overlapping subject entries | overlapping voices,modules/texture-trainer/audio/TT011.mp3,yes,,,,,,Fugal polyphony,Developing,,"J. S. Bach — Fugue in D major, BWV 850",,See source page,https://commons.wikimedia.org/wiki/File:Fugue_DMajor_BWV850.ogg,Check the current licence statement on the source page,Independent lines overlap and imitate the fugue subject.
Texture Trainer,texture-trainer,Texture recognition,TT012,,Securing,multiple-choice,1,Identify the texture in this extract.,Imitative texture,Imitative texture | Homophonic | Monophonic | Unison,polyphonic | contrapuntal | counterpoint | independent parts | independent melodies | several melodies at once | several melodies | multiple melodies | different melodies at the same time | interweaving melodies | overlapping melodies | imitative | imitation,modules/texture-trainer/audio/TT012.mp3,yes,,,,,,Polyphonic,Securing,,"J. S. Bach — Brandenburg Concerto No. 5, movement III",,See source page,https://commons.wikimedia.org/wiki/File:Bach_-_Brandenburg_Concerto_5_-_3._Allegro.ogg,Check the current licence statement on the source page,Several independent instrumental lines overlap in imitation.
Texture Trainer,texture-trainer,Texture recognition,TT013,,Securing,short-text,2,Identify the texture at the start of the extract and describe how it changes. (2),Monophonic then fugal polyphony,,monophonic | single unaccompanied melodic line | single melodic line | one melodic line | one melody | one line | one part | solo line | solo melody | unaccompanied melody | unaccompanied melodic line | a single melody | a single melodic line | fugue | fugal | fugal writing | fugal imitation | fugal texture | imitative polyphony | subject entries | answer entries | subject and answer entries | subject enters successively | voices enter successively | polyphonic | contrapuntal | counterpoint | independent parts | independent melodies | several melodies at once | several melodies | multiple melodies | different melodies at the same time | interweaving melodies | overlapping melodies | imitative | imitation | imitative | imitation | canon | canon like | canon-like | one part copies another | one part imitates another | repeated by another part | copied between parts | the melody is copied | successive entries | subject entries | texture thickens | thickens | gets thicker | becomes thicker | the texture becomes thicker | thicker texture | more instruments enter | more parts enter | more orchestral parts | parts are added | parts enter | layers added | layers are added | more layers | fuller texture | full ensemble | tutti | builds up | the texture builds up | chords are added | independent vocal lines | independent voices | independent subject entries | overlapping subject entries | overlapping voices | texture thickens | thickens | gets thicker | becomes thicker | the texture becomes thicker | thicker texture | more instruments enter | more parts enter | more orchestral parts | parts are added | parts enter | layers added | layers are added | more layers | fuller texture | full ensemble | tutti | builds up | the texture builds up | chords are added,modules/texture-trainer/audio/TT013.mp3,yes,,,,,,Monophonic → polyphonic,Securing,,"J. S. Bach — Fugue in D major, BWV 850",,See source page,https://commons.wikimedia.org/wiki/File:Fugue_DMajor_BWV850.ogg,Check the current licence statement on the source page,"The subject begins alone, followed by successive entries in other voices."
Texture Trainer,texture-trainer,Texture recognition,TT014,,Mastering,extended-text,2,Identify the texture at the start of the extract and describe how it changes. (2),Monophonic then fugal polyphony,,monophonic | single unaccompanied melodic line | single melodic line | one melodic line | one melody | one line | one part | solo line | solo melody | unaccompanied melody | unaccompanied melodic line | a single melody | a single melodic line | fugue | fugal | fugal writing | fugal imitation | fugal texture | imitative polyphony | subject entries | answer entries | subject and answer entries | subject enters successively | voices enter successively | polyphonic | contrapuntal | counterpoint | independent parts | independent melodies | several melodies at once | several melodies | multiple melodies | different melodies at the same time | interweaving melodies | overlapping melodies | imitative | imitation | imitative | imitation | canon | canon like | canon-like | one part copies another | one part imitates another | repeated by another part | copied between parts | the melody is copied | successive entries | subject entries | texture thickens | thickens | gets thicker | becomes thicker | the texture becomes thicker | thicker texture | more instruments enter | more parts enter | more orchestral parts | parts are added | parts enter | layers added | layers are added | more layers | fuller texture | full ensemble | tutti | builds up | the texture builds up | chords are added | independent vocal lines | independent voices | independent subject entries | overlapping subject entries | overlapping voices | texture thickens | thickens | gets thicker | becomes thicker | the texture becomes thicker | thicker texture | more instruments enter | more parts enter | more orchestral parts | parts are added | parts enter | layers added | layers are added | more layers | fuller texture | full ensemble | tutti | builds up | the texture builds up | chords are added,modules/texture-trainer/audio/TT014.mp3,yes,,,,,,Monophonic → polyphonic,Mastering,,"J. S. Bach — Brandenburg Concerto No. 5, movement III",,See source page,https://commons.wikimedia.org/wiki/File:Bach_-_Brandenburg_Concerto_5_-_3._Allegro.ogg,Check the current licence statement on the source page,A single fugal entry is followed by further subject entries.
Texture Trainer,texture-trainer,Texture recognition,TT015,,Mastering,extended-text,2,Describe two ways the texture changes during the extract. (2),Canon,,texture thins | thins | gets thinner | becomes thinner | lighter texture | the texture becomes lighter | fewer parts play | fewer parts | fewer instruments | solo violin | solo instrument | solo line | solo becomes prominent | solo violin becomes prominent | homophonic | melody dominated homophony | melody-dominated homophony | melody and accompaniment | melody with accompaniment | tune with accompaniment | tune with backing | melody with backing | main melody with chords | accompanied melody | main tune with chords | solo melody with accompaniment | imitative | imitation | canon | canon like | canon-like | one part copies another | one part imitates another | repeated by another part | copied between parts | the melody is copied | successive entries | subject entries | texture thins | thins | gets thinner | becomes thinner | lighter texture | the texture becomes lighter | fewer parts play | fewer parts | fewer instruments | solo violin | solo instrument | solo line | solo becomes prominent | solo violin becomes prominent | homophonic | melody dominated homophony | melody-dominated homophony | melody and accompaniment | melody with accompaniment | tune with accompaniment | tune with backing | melody with backing | main melody with chords | accompanied melody | main tune with chords | solo melody with accompaniment | imitative | imitation | canon | canon like | canon-like | one part copies another | one part imitates another | repeated by another part | copied between parts | the melody is copied | successive entries | subject entries,modules/texture-trainer/audio/TT015.mp3,yes,,,,,,Thick homophony → lighter solo texture,Mastering,,"A. Vivaldi — The Four Seasons: Spring, movement I",,"John Harrison, violin; ensemble listed on source page",https://commons.wikimedia.org/wiki/File:Vivaldi_-_Four_Seasons_1_Spring_mvt_1_Allegro_-_John_Harrison_violin.oga,Free recording with permission recorded on Commons; verify exact terms,Review note: skip the crackly lead-in before the excerpt starts.
Texture Trainer,texture-trainer,Texture recognition,TT016,,Securing,short-text,2,Identify the opening texture and describe one way it changes. (2),"Unison or octaves, then thicker texture",,unison | octaves | in octaves | unison or octaves | single coordinated line | one coordinated line | opening motif | opening motif is played in unison | same melodic line | everyone plays the same motif | texture thickens | thickens | gets thicker | becomes thicker | the texture becomes thicker | thicker texture | more instruments enter | more parts enter | more orchestral parts | parts are added | parts enter | layers added | layers are added | more layers | fuller texture | full ensemble | tutti | builds up | the texture builds up | chords are added | homophonic | chordal | homorhythmic | homorhythm | block chords | same rhythm | moving together | parts move together | harmony moves together | voices move together | all parts move together | homophonic | melody dominated homophony | melody-dominated homophony | melody and accompaniment | melody with accompaniment | tune with accompaniment | tune with backing | melody with backing | main melody with chords | accompanied melody | main tune with chords | solo melody with accompaniment | polyphonic | contrapuntal | counterpoint | independent parts | independent melodies | several melodies at once | several melodies | multiple melodies | different melodies at the same time | interweaving melodies | overlapping melodies | imitative | imitation,modules/texture-trainer/audio/TT016.mp3,yes,,,,,,Unison/octaves → thicker texture,Securing,,"L. van Beethoven — Symphony No. 5 in C minor, movement I",,Musopen Symphony Orchestra,"https://commons.wikimedia.org/wiki/File:Ludwig_van_Beethoven_-_symphony_no._5_in_c_minor,_op._67_-_i._allegro_con_brio.ogg",Check the current licence statement on the source page,"The opening motif is coordinated, then orchestral parts thicken the texture."
Texture Trainer,texture-trainer,Texture recognition,TT017,,Foundation,multiple-choice,1,Identify the texture in this extract. (1),Homophonic,Homophonic | Polyphonic | Monophonic,homophonic | homophony | melody dominated homophony | melody-dominated homophony | melody and accompaniment | melody with accompaniment | chordal | homorhythmic | block chords | homophonic | chordal | homorhythmic | homorhythm | block chords | same rhythm | moving together | parts move together | harmony moves together | voices move together | all parts move together,modules/texture-trainer/audio/TT017.mp3,yes,,,,,,Homophonic texture,Foundation,,"J. S. Bach — Brandenburg Concerto No. 3, movement I",,See source page,https://commons.wikimedia.org/wiki/File:Bach_-_Brandenburg_Concerto_No._3_-_1._Allegro.ogg,Check the current licence statement on the source page,The opening has coordinated string writing before independent lines become more prominent.
Texture Trainer,texture-trainer,Texture recognition,TT018,,Mastering,extended-text,2,Describe two ways the texture changes during the extract. (2),Layered texture,,more instrumental parts enter | more instruments enter | more parts enter | texture becomes thicker | the texture becomes thicker | thicker texture | layers are added | more layers | melody passes between instruments | melody is passed between instruments | melody passed between instruments | countermelodies are added | countermelody | countermelodies | independent lines are added | independent lines | accompaniment becomes more active | more active accompaniment | active accompaniment | more instrumental parts enter | more instruments enter | more parts enter | texture becomes thicker | the texture becomes thicker | thicker texture | layers are added | more layers | melody passes between instruments | melody is passed between instruments | melody passed between instruments | countermelodies are added | countermelody | countermelodies | independent lines are added | independent lines | accompaniment becomes more active | more active accompaniment | active accompaniment,modules/texture-trainer/audio/TT018.mp3,yes,,,,,,Thin → thicker/layered,Mastering,,F. Mendelssohn — The Hebrides Overture (‘Fingal’s Cave’),,Musopen Symphony Orchestra,https://commons.wikimedia.org/wiki/File:Mendelssohn_-_Hebrides_Overture_Fingal's_Cave.ogg,CC0 / Public Domain Mark on Commons source page,Review note: shortened to the section where the texture moves from thinner writing to a thicker layered texture.
Texture Trainer,texture-trainer,Texture recognition,TT019,,Mastering,extended-text,2,(a) Identify the texture at the opening. (1) (b) Describe how the texture changes as the extract continues. (1),Monophonic,,monophonic | single unaccompanied melodic line | single melodic line | one melodic line | one melody | one line | one part | solo line | solo melody | unaccompanied melody | unaccompanied melodic line | a single melody | a single melodic line | fugue | fugal | fugal writing | fugal imitation | fugal texture | imitative polyphony | subject entries | answer entries | subject and answer entries | subject enters successively | voices enter successively | polyphonic | contrapuntal | counterpoint | independent parts | independent melodies | several melodies at once | several melodies | multiple melodies | different melodies at the same time | interweaving melodies | overlapping melodies | imitative | imitation | imitative | imitation | canon | canon like | canon-like | one part copies another | one part imitates another | repeated by another part | copied between parts | the melody is copied | successive entries | subject entries | texture thickens | thickens | gets thicker | becomes thicker | the texture becomes thicker | thicker texture | more instruments enter | more parts enter | more orchestral parts | parts are added | parts enter | layers added | layers are added | more layers | fuller texture | full ensemble | tutti | builds up | the texture builds up | chords are added | independent vocal lines | independent voices | independent subject entries | overlapping subject entries | overlapping voices,modules/texture-trainer/audio/TT019.mp3,yes,,,,,,Monophonic → fugal polyphony,Mastering,,"J. S. Bach — The Well-Tempered Clavier, Book I: Fugue No. 1 in C major, BWV 846",,Kimiko Ishizaka,"https://commons.wikimedia.org/wiki/File:Kimiko_Ishizaka_-_Bach_-_Well-Tempered_Clavier,_Book_1_-_02_Fugue_No._1_in_C_major,_BWV_846.ogg",CC0 1.0,Original source extract: 0–20s. Recording performed by Kimiko Ishizaka and released under CC0 1.0 through the Open Well-Tempered Clavier project. Credit is still recommended in EchoAural's source record.
Texture Trainer,texture-trainer,Texture recognition,TT020,,Securing,multiple-choice,1,Name the textural device created as the subject enters successively in different voices. (1),Fugal imitation,Fugal imitation | Homophonic | Monophonic | Contrapuntal,fugue | fugal | fugal writing | fugal imitation | fugal texture | imitative polyphony | subject entries | answer entries | subject and answer entries | subject enters successively | voices enter successively,modules/texture-trainer/audio/TT020.mp3,yes,,,,,,Fugal imitation,Securing,,"J. S. Bach — The Well-Tempered Clavier, Book I: Fugue No. 2 in C minor, BWV 847",,Kimiko Ishizaka,"https://commons.wikimedia.org/wiki/File:Kimiko_Ishizaka_-_Bach_-_Well-Tempered_Clavier,_Book_1_-_04_Fugue_No._2_in_C_minor,_BWV_847.ogg",CC0 1.0,Original source extract: 0–20s. Recording performed by Kimiko Ishizaka and released under CC0 1.0 through the Open Well-Tempered Clavier project. Credit is still recommended in EchoAural's source record.
Texture Trainer,texture-trainer,Texture recognition,TT021,,Securing,short-text,2,(a) Identify the texture when the subject is first heard. (1) (b) Identify and explain the later texture. (1),Monophonic,,monophonic | single unaccompanied melodic line | single melodic line | one melodic line | one melody | one line | one part | solo line | solo melody | unaccompanied melody | unaccompanied melodic line | a single melody | a single melodic line | fugue | fugal | fugal writing | fugal imitation | fugal texture | imitative polyphony | subject entries | answer entries | subject and answer entries | subject enters successively | voices enter successively | polyphonic | contrapuntal | counterpoint | independent parts | independent melodies | several melodies at once | several melodies | multiple melodies | different melodies at the same time | interweaving melodies | overlapping melodies | imitative | imitation | imitative | imitation | canon | canon like | canon-like | one part copies another | one part imitates another | repeated by another part | copied between parts | the melody is copied | successive entries | subject entries | texture thickens | thickens | gets thicker | becomes thicker | the texture becomes thicker | thicker texture | more instruments enter | more parts enter | more orchestral parts | parts are added | parts enter | layers added | layers are added | more layers | fuller texture | full ensemble | tutti | builds up | the texture builds up | chords are added | independent vocal lines | independent voices | independent subject entries | overlapping subject entries | overlapping voices,modules/texture-trainer/audio/TT021.mp3,yes,,,,,,Monophonic → fugal polyphony,Securing,,"J. S. Bach — The Well-Tempered Clavier, Book I: Fugue No. 3 in C-sharp major, BWV 848",,Kimiko Ishizaka,"https://commons.wikimedia.org/wiki/File:Kimiko_Ishizaka_-_Bach_-_Well-Tempered_Clavier,_Book_1_-_06_Fugue_No._3_in_C-sharp_major,_BWV_848.ogg",CC0 1.0,Original source extract: 0–20s. Recording performed by Kimiko Ishizaka and released under CC0 1.0 through the Open Well-Tempered Clavier project. Credit is still recommended in EchoAural's source record.
Texture Trainer,texture-trainer,Texture recognition,TT022,,Securing,short-text,1,Name the textural device used in this extract. (1),Fugal imitation,,fugue | fugal | fugal writing | fugal imitation | fugal texture | imitative polyphony | subject entries | answer entries | subject and answer entries | subject enters successively | voices enter successively | polyphonic | contrapuntal | counterpoint | independent parts | independent melodies | several melodies at once | several melodies | multiple melodies | different melodies at the same time | interweaving melodies | overlapping melodies | imitative | imitation | imitative | imitation | canon | canon like | canon-like | one part copies another | one part imitates another | repeated by another part | copied between parts | the melody is copied | successive entries | subject entries | texture thickens | thickens | gets thicker | becomes thicker | the texture becomes thicker | thicker texture | more instruments enter | more parts enter | more orchestral parts | parts are added | parts enter | layers added | layers are added | more layers | fuller texture | full ensemble | tutti | builds up | the texture builds up | chords are added | independent vocal lines | independent voices | independent subject entries | overlapping subject entries | overlapping voices,modules/texture-trainer/audio/TT022.mp3,yes,,,,,,Fugal imitation,Securing,,"J. S. Bach — The Well-Tempered Clavier, Book I: Fugue No. 4 in C-sharp minor, BWV 849",,Kimiko Ishizaka,"https://commons.wikimedia.org/wiki/File:Kimiko_Ishizaka_-_Bach_-_Well-Tempered_Clavier,_Book_1_-_08_Fugue_No._4_in_C-sharp_minor,_BWV_849.ogg",CC0 1.0,Original source extract: 0–20s. Recording performed by Kimiko Ishizaka and released under CC0 1.0 through the Open Well-Tempered Clavier project. Credit is still recommended in EchoAural's source record.
Texture Trainer,texture-trainer,Texture recognition,TT023,,Developing,multiple-choice,1,Identify the texture once the subject and answers are sounding together. (1),Polyphonic,Polyphonic | Homophonic | Monophonic | Unison,polyphonic | contrapuntal | counterpoint | fugal | fugue | imitative | canon | canonic,modules/texture-trainer/audio/TT023.mp3,yes,,,,,,Polyphonic texture,Developing,,"J. S. Bach — The Well-Tempered Clavier, Book I: Fugue No. 6 in D minor, BWV 851",,Kimiko Ishizaka,"https://commons.wikimedia.org/wiki/File:Kimiko_Ishizaka_-_Bach_-_Well-Tempered_Clavier,_Book_1_-_12_Fugue_No._6_in_D_minor,_BWV_851.ogg",CC0 1.0,Original source extract: 0–20s. Recording performed by Kimiko Ishizaka and released under CC0 1.0 through the Open Well-Tempered Clavier project. Credit is still recommended in EchoAural's source record.
Texture Trainer,texture-trainer,Texture recognition,TT024,,Securing,short-text,2,Identify the opening texture and explain the later texture. (2),Monophonic,,monophonic | single unaccompanied melodic line | single melodic line | one melodic line | one melody | one line | one part | solo line | solo melody | unaccompanied melody | unaccompanied melodic line | a single melody | a single melodic line | fugue | fugal | fugal writing | fugal imitation | fugal texture | imitative polyphony | subject entries | answer entries | subject and answer entries | subject enters successively | voices enter successively | polyphonic | contrapuntal | counterpoint | independent parts | independent melodies | several melodies at once | several melodies | multiple melodies | different melodies at the same time | interweaving melodies | overlapping melodies | imitative | imitation | imitative | imitation | canon | canon like | canon-like | one part copies another | one part imitates another | repeated by another part | copied between parts | the melody is copied | successive entries | subject entries | texture thickens | thickens | gets thicker | becomes thicker | the texture becomes thicker | thicker texture | more instruments enter | more parts enter | more orchestral parts | parts are added | parts enter | layers added | layers are added | more layers | fuller texture | full ensemble | tutti | builds up | the texture builds up | chords are added | independent vocal lines | independent voices | independent subject entries | overlapping subject entries | overlapping voices,modules/texture-trainer/audio/TT024.mp3,yes,,,,,,Monophonic → fugal polyphony,Securing,,"J. S. Bach — The Well-Tempered Clavier, Book I: Fugue No. 7 in E-flat major, BWV 852",,Kimiko Ishizaka,"https://commons.wikimedia.org/wiki/File:Kimiko_Ishizaka_-_Bach_-_Well-Tempered_Clavier,_Book_1_-_14_Fugue_No._7_in_E-flat_major,_BWV_852.ogg",CC0 1.0,Original source extract: 0–20s. Recording performed by Kimiko Ishizaka and released under CC0 1.0 through the Open Well-Tempered Clavier project. Credit is still recommended in EchoAural's source record.
Texture Trainer,texture-trainer,Texture recognition,TT025,,Securing,short-text,2,Identify the texture at the opening and describe how it changes as the extract continues. (2),Monophonic,,monophonic | single unaccompanied melodic line | single melodic line | one melodic line | one melody | one line | one part | solo line | solo melody | unaccompanied melody | unaccompanied melodic line | a single melody | a single melodic line | fugue | fugal | fugal writing | fugal imitation | fugal texture | imitative polyphony | subject entries | answer entries | subject and answer entries | subject enters successively | voices enter successively | polyphonic | contrapuntal | counterpoint | independent parts | independent melodies | several melodies at once | several melodies | multiple melodies | different melodies at the same time | interweaving melodies | overlapping melodies | imitative | imitation | imitative | imitation | canon | canon like | canon-like | one part copies another | one part imitates another | repeated by another part | copied between parts | the melody is copied | successive entries | subject entries | texture thickens | thickens | gets thicker | becomes thicker | the texture becomes thicker | thicker texture | more instruments enter | more parts enter | more orchestral parts | parts are added | parts enter | layers added | layers are added | more layers | fuller texture | full ensemble | tutti | builds up | the texture builds up | chords are added | independent vocal lines | independent voices | independent subject entries | overlapping subject entries | overlapping voices,modules/texture-trainer/audio/TT025.mp3,yes,,,,,,Monophonic → fugal polyphony,Securing,,"J. S. Bach — The Well-Tempered Clavier, Book I: Fugue No. 8 in D-sharp minor, BWV 853",,Kimiko Ishizaka,"https://commons.wikimedia.org/wiki/File:Kimiko_Ishizaka_-_Bach_-_Well-Tempered_Clavier,_Book_1_-_16_Fugue_No._8_in_D-sharp_minor,_BWV_853.ogg",CC0 1.0,Original source extract: 0–20s. Recording performed by Kimiko Ishizaka and released under CC0 1.0 through the Open Well-Tempered Clavier project. Credit is still recommended in EchoAural's source record.
Texture Trainer,texture-trainer,Texture recognition,TT026,,Mastering,short-text,1,Name the textural device created as the subject enters successively in different voices. (1),Fugal imitation,,fugue | fugal | fugal writing | fugal imitation | fugal texture | imitative polyphony | subject entries | answer entries | subject and answer entries | subject enters successively | voices enter successively,modules/texture-trainer/audio/TT026.mp3,yes,,,,,,Fugal imitation,Mastering,,"J. S. Bach — The Well-Tempered Clavier, Book I: Fugue No. 9 in E major, BWV 854",,Kimiko Ishizaka,"https://commons.wikimedia.org/wiki/File:Kimiko_Ishizaka_-_Bach_-_Well-Tempered_Clavier,_Book_1_-_18_Fugue_No._9_in_E_major,_BWV_854.ogg",CC0 1.0,Original source extract: 0–20s. Recording performed by Kimiko Ishizaka and released under CC0 1.0 through the Open Well-Tempered Clavier project. Credit is still recommended in EchoAural's source record.
Texture Trainer,texture-trainer,Texture recognition,TT027,,Mastering,extended-text,2,Identify the opening texture and explain the later texture. (2),Monophonic,,monophonic | single unaccompanied melodic line | single melodic line | one melodic line | one melody | one line | one part | solo line | solo melody | unaccompanied melody | unaccompanied melodic line | a single melody | a single melodic line | fugue | fugal | fugal writing | fugal imitation | fugal texture | imitative polyphony | subject entries | answer entries | subject and answer entries | subject enters successively | voices enter successively | polyphonic | contrapuntal | counterpoint | independent parts | independent melodies | several melodies at once | several melodies | multiple melodies | different melodies at the same time | interweaving melodies | overlapping melodies | imitative | imitation | imitative | imitation | canon | canon like | canon-like | one part copies another | one part imitates another | repeated by another part | copied between parts | the melody is copied | successive entries | subject entries | texture thickens | thickens | gets thicker | becomes thicker | the texture becomes thicker | thicker texture | more instruments enter | more parts enter | more orchestral parts | parts are added | parts enter | layers added | layers are added | more layers | fuller texture | full ensemble | tutti | builds up | the texture builds up | chords are added | independent vocal lines | independent voices | independent subject entries | overlapping subject entries | overlapping voices,modules/texture-trainer/audio/TT027.mp3,yes,,,,,,Monophonic → fugal polyphony,Mastering,,"J. S. Bach — The Well-Tempered Clavier, Book I: Fugue No. 10 in E minor, BWV 855",,Kimiko Ishizaka,"https://commons.wikimedia.org/wiki/File:Kimiko_Ishizaka_-_Bach_-_Well-Tempered_Clavier,_Book_1_-_20_Fugue_No._10_in_E_minor,_BWV_855.ogg",CC0 1.0,Original source extract: 0–20s. Recording performed by Kimiko Ishizaka and released under CC0 1.0 through the Open Well-Tempered Clavier project. Credit is still recommended in EchoAural's source record.
Texture Trainer,texture-trainer,Texture recognition,TT028,,Mastering,extended-text,2,Identify the texture at the opening and describe how it changes as the extract continues. (2),Monophonic,,monophonic | single unaccompanied melodic line | single melodic line | one melodic line | one melody | one line | one part | solo line | solo melody | unaccompanied melody | unaccompanied melodic line | a single melody | a single melodic line | fugue | fugal | fugal writing | fugal imitation | fugal texture | imitative polyphony | subject entries | answer entries | subject and answer entries | subject enters successively | voices enter successively | polyphonic | contrapuntal | counterpoint | independent parts | independent melodies | several melodies at once | several melodies | multiple melodies | different melodies at the same time | interweaving melodies | overlapping melodies | imitative | imitation | imitative | imitation | canon | canon like | canon-like | one part copies another | one part imitates another | repeated by another part | copied between parts | the melody is copied | successive entries | subject entries | texture thickens | thickens | gets thicker | becomes thicker | the texture becomes thicker | thicker texture | more instruments enter | more parts enter | more orchestral parts | parts are added | parts enter | layers added | layers are added | more layers | fuller texture | full ensemble | tutti | builds up | the texture builds up | chords are added | independent vocal lines | independent voices | independent subject entries | overlapping subject entries | overlapping voices,modules/texture-trainer/audio/TT028.mp3,yes,,,,,,Monophonic → fugal polyphony,Mastering,,"J. S. Bach — The Well-Tempered Clavier, Book I: Fugue No. 11 in F major, BWV 856",,Kimiko Ishizaka,"https://commons.wikimedia.org/wiki/File:Kimiko_Ishizaka_-_Bach_-_Well-Tempered_Clavier,_Book_1_-_22_Fugue_No._11_in_F_major,_BWV_856.ogg",CC0 1.0,Original source extract: 0–20s. Recording performed by Kimiko Ishizaka and released under CC0 1.0 through the Open Well-Tempered Clavier project. Credit is still recommended in EchoAural's source record.
Texture Trainer,texture-trainer,Texture recognition,TT029,,Mastering,extended-text,2,Describe two ways the texture is built during the extract. (2),Monophonic,,monophonic | single unaccompanied melodic line | single melodic line | one melodic line | one melody | one line | one part | solo line | solo melody | unaccompanied melody | unaccompanied melodic line | a single melody | a single melodic line | fugue | fugal | fugal writing | fugal imitation | fugal texture | imitative polyphony | subject entries | answer entries | subject and answer entries | subject enters successively | voices enter successively | polyphonic | contrapuntal | counterpoint | independent parts | independent melodies | several melodies at once | several melodies | multiple melodies | different melodies at the same time | interweaving melodies | overlapping melodies | imitative | imitation | imitative | imitation | canon | canon like | canon-like | one part copies another | one part imitates another | repeated by another part | copied between parts | the melody is copied | successive entries | subject entries | texture thickens | thickens | gets thicker | becomes thicker | the texture becomes thicker | thicker texture | more instruments enter | more parts enter | more orchestral parts | parts are added | parts enter | layers added | layers are added | more layers | fuller texture | full ensemble | tutti | builds up | the texture builds up | chords are added | independent vocal lines | independent voices | independent subject entries | overlapping subject entries | overlapping voices,modules/texture-trainer/audio/TT029.mp3,yes,,,,,,Monophonic → fugal polyphony,Mastering,,"J. S. Bach — The Well-Tempered Clavier, Book I: Fugue No. 12 in F minor, BWV 857",,Kimiko Ishizaka,"https://commons.wikimedia.org/wiki/File:Kimiko_Ishizaka_-_Bach_-_Well-Tempered_Clavier,_Book_1_-_24_Fugue_No._12_in_F_minor,_BWV_857.ogg",CC0 1.0,Original source extract: 0–20s. Recording performed by Kimiko Ishizaka and released under CC0 1.0 through the Open Well-Tempered Clavier project. Credit is still recommended in EchoAural's source record.
Texture Trainer,texture-trainer,Texture recognition,TT030,,Mastering,short-text,1,Name the textural device created as the subject enters successively in different voices. (1),Fugal imitation,,fugue | fugal | fugal writing | fugal imitation | fugal texture | imitative polyphony | subject entries | answer entries | subject and answer entries | subject enters successively | voices enter successively,modules/texture-trainer/audio/TT030.mp3,yes,,,,,,Fugal imitation,Mastering,,"J. S. Bach — The Well-Tempered Clavier, Book I: Fugue No. 13 in F-sharp major, BWV 858",,Kimiko Ishizaka,"https://commons.wikimedia.org/wiki/File:Kimiko_Ishizaka_-_Bach_-_Well-Tempered_Clavier,_Book_1_-_26_Fugue_No._13_in_F-sharp_major,_BWV_858.ogg",CC0 1.0,Original source extract: 0–20s. Recording performed by Kimiko Ishizaka and released under CC0 1.0 through the Open Well-Tempered Clavier project. Credit is still recommended in EchoAural's source record.
Texture Trainer,texture-trainer,Texture recognition,TT032,,Mastering,short-text,2,Describe two ways the texture is built during the extract. (2),Monophonic,,monophonic | single unaccompanied melodic line | single melodic line | one melodic line | one melody | one line | one part | solo line | solo melody | unaccompanied melody | unaccompanied melodic line | a single melody | a single melodic line | fugue | fugal | fugal writing | fugal imitation | fugal texture | imitative polyphony | subject entries | answer entries | subject and answer entries | subject enters successively | voices enter successively | polyphonic | contrapuntal | counterpoint | independent parts | independent melodies | several melodies at once | several melodies | multiple melodies | different melodies at the same time | interweaving melodies | overlapping melodies | imitative | imitation | imitative | imitation | canon | canon like | canon-like | one part copies another | one part imitates another | repeated by another part | copied between parts | the melody is copied | successive entries | subject entries | texture thickens | thickens | gets thicker | becomes thicker | the texture becomes thicker | thicker texture | more instruments enter | more parts enter | more orchestral parts | parts are added | parts enter | layers added | layers are added | more layers | fuller texture | full ensemble | tutti | builds up | the texture builds up | chords are added | independent vocal lines | independent voices | independent subject entries | overlapping subject entries | overlapping voices,modules/texture-trainer/audio/TT032.mp3,yes,,,,,,Monophonic → fugal polyphony,Mastering,,"J. S. Bach — The Well-Tempered Clavier, Book I: Fugue No. 15 in G major, BWV 860",,Kimiko Ishizaka,"https://commons.wikimedia.org/wiki/File:Kimiko_Ishizaka_-_Bach_-_Well-Tempered_Clavier,_Book_1_-_30_Fugue_No._15_in_G_major,_BWV_860.ogg",CC0 1.0,Original source extract: 0–20s. Recording performed by Kimiko Ishizaka and released under CC0 1.0 through the Open Well-Tempered Clavier project. Credit is still recommended in EchoAural's source record.
Texture Trainer,texture-trainer,Texture recognition,TT033,,Mastering,extended-text,2,Identify the opening texture and explain the later texture. (2),Monophonic,,monophonic | single unaccompanied melodic line | single melodic line | one melodic line | one melody | one line | one part | solo line | solo melody | unaccompanied melody | unaccompanied melodic line | a single melody | a single melodic line | fugue | fugal | fugal writing | fugal imitation | fugal texture | imitative polyphony | subject entries | answer entries | subject and answer entries | subject enters successively | voices enter successively | polyphonic | contrapuntal | counterpoint | independent parts | independent melodies | several melodies at once | several melodies | multiple melodies | different melodies at the same time | interweaving melodies | overlapping melodies | imitative | imitation | imitative | imitation | canon | canon like | canon-like | one part copies another | one part imitates another | repeated by another part | copied between parts | the melody is copied | successive entries | subject entries | texture thickens | thickens | gets thicker | becomes thicker | the texture becomes thicker | thicker texture | more instruments enter | more parts enter | more orchestral parts | parts are added | parts enter | layers added | layers are added | more layers | fuller texture | full ensemble | tutti | builds up | the texture builds up | chords are added | independent vocal lines | independent voices | independent subject entries | overlapping subject entries | overlapping voices,modules/texture-trainer/audio/TT033.mp3,yes,,,,,,Monophonic → fugal polyphony,Mastering,,"J. S. Bach — The Well-Tempered Clavier, Book I: Fugue No. 16 in G minor, BWV 861",,Kimiko Ishizaka,"https://commons.wikimedia.org/wiki/File:Kimiko_Ishizaka_-_Bach_-_Well-Tempered_Clavier,_Book_1_-_32_Fugue_No._16_in_G_minor,_BWV_861.ogg",CC0 1.0,Original source extract: 0–20s. Recording performed by Kimiko Ishizaka and released under CC0 1.0 through the Open Well-Tempered Clavier project. Credit is still recommended in EchoAural's source record.
Texture Trainer,texture-trainer,Texture recognition,TT034,,Securing,short-text,1,Identify the texture once the subject and answers are sounding together. (1),Polyphonic,,polyphonic | contrapuntal | counterpoint | fugal | fugue | imitative | canon | canonic,modules/texture-trainer/audio/TT034.mp3,yes,,,,,,Polyphonic texture,Securing,,"J. S. Bach — The Well-Tempered Clavier, Book I: Fugue No. 17 in A-flat major, BWV 862",,Kimiko Ishizaka,"https://commons.wikimedia.org/wiki/File:Kimiko_Ishizaka_-_Bach_-_Well-Tempered_Clavier,_Book_1_-_34_Fugue_No._17_in_A-flat_major,_BWV_862.ogg",CC0 1.0,Original source extract: 0–20s. Recording performed by Kimiko Ishizaka and released under CC0 1.0 through the Open Well-Tempered Clavier project. Credit is still recommended in EchoAural's source record.
Texture Trainer,texture-trainer,Texture recognition,TT035,,Securing,short-text,2,Describe two ways the texture is built during the extract. (2),Monophonic,,monophonic | single unaccompanied melodic line | single melodic line | one melodic line | one melody | one line | one part | solo line | solo melody | unaccompanied melody | unaccompanied melodic line | a single melody | a single melodic line | fugue | fugal | fugal writing | fugal imitation | fugal texture | imitative polyphony | subject entries | answer entries | subject and answer entries | subject enters successively | voices enter successively | polyphonic | contrapuntal | counterpoint | independent parts | independent melodies | several melodies at once | several melodies | multiple melodies | different melodies at the same time | interweaving melodies | overlapping melodies | imitative | imitation | imitative | imitation | canon | canon like | canon-like | one part copies another | one part imitates another | repeated by another part | copied between parts | the melody is copied | successive entries | subject entries | texture thickens | thickens | gets thicker | becomes thicker | the texture becomes thicker | thicker texture | more instruments enter | more parts enter | more orchestral parts | parts are added | parts enter | layers added | layers are added | more layers | fuller texture | full ensemble | tutti | builds up | the texture builds up | chords are added | independent vocal lines | independent voices | independent subject entries | overlapping subject entries | overlapping voices,modules/texture-trainer/audio/TT035.mp3,yes,,,,,,Monophonic → fugal polyphony,Securing,,"J. S. Bach — The Well-Tempered Clavier, Book I: Fugue No. 18 in G-sharp minor, BWV 863",,Kimiko Ishizaka,"https://commons.wikimedia.org/wiki/File:Kimiko_Ishizaka_-_Bach_-_Well-Tempered_Clavier,_Book_1_-_36_Fugue_No._18_in_G-sharp_minor,_BWV_863.ogg",CC0 1.0,Original source extract: 0–20s. Recording performed by Kimiko Ishizaka and released under CC0 1.0 through the Open Well-Tempered Clavier project. Credit is still recommended in EchoAural's source record.
Texture Trainer,texture-trainer,Texture recognition,TT036,,Securing,short-text,2,Identify the opening texture and explain the later texture. (2),Monophonic,,monophonic | single unaccompanied melodic line | single melodic line | one melodic line | one melody | one line | one part | solo line | solo melody | unaccompanied melody | unaccompanied melodic line | a single melody | a single melodic line | fugue | fugal | fugal writing | fugal imitation | fugal texture | imitative polyphony | subject entries | answer entries | subject and answer entries | subject enters successively | voices enter successively | polyphonic | contrapuntal | counterpoint | independent parts | independent melodies | several melodies at once | several melodies | multiple melodies | different melodies at the same time | interweaving melodies | overlapping melodies | imitative | imitation | imitative | imitation | canon | canon like | canon-like | one part copies another | one part imitates another | repeated by another part | copied between parts | the melody is copied | successive entries | subject entries | texture thickens | thickens | gets thicker | becomes thicker | the texture becomes thicker | thicker texture | more instruments enter | more parts enter | more orchestral parts | parts are added | parts enter | layers added | layers are added | more layers | fuller texture | full ensemble | tutti | builds up | the texture builds up | chords are added | independent vocal lines | independent voices | independent subject entries | overlapping subject entries | overlapping voices,modules/texture-trainer/audio/TT036.mp3,yes,,,,,,Monophonic → fugal polyphony,Securing,,"J. S. Bach — The Well-Tempered Clavier, Book I: Fugue No. 19 in A major, BWV 864",,Kimiko Ishizaka,"https://commons.wikimedia.org/wiki/File:Kimiko_Ishizaka_-_Bach_-_Well-Tempered_Clavier,_Book_1_-_38_Fugue_No._19_in_A_major,_BWV_864.ogg",CC0 1.0,Original source extract: 0–20s. Recording performed by Kimiko Ishizaka and released under CC0 1.0 through the Open Well-Tempered Clavier project. Credit is still recommended in EchoAural's source record.
Texture Trainer,texture-trainer,Texture recognition,TT037,,Developing,multiple-choice,1,Identify the texture in this extract. (1),Homophonic,Homophonic | Polyphonic | Monophonic | Contrapuntal,homophonic | homophony | melody dominated homophony | melody-dominated homophony | melody and accompaniment | melody with accompaniment | chordal | homorhythmic | block chords | homophonic | chordal | homorhythmic | homorhythm | block chords | same rhythm | moving together | parts move together | harmony moves together | voices move together | all parts move together,modules/texture-trainer/audio/TT037.mp3,yes,,,,,,Homophonic texture,Developing,,"G. F. Handel — Messiah, HWV 56 — 1. Sinfony",,MIT Concert Choir; directed by William C. Cutter,https://commons.wikimedia.org/wiki/File:Handel_-_messiah_-_01_sinfony.ogg,CC BY-SA 2.0,"Original source extract: 80–100s. Commercial reuse is permitted with attribution, a licence link, notice of editing, and share-alike treatment of the adapted audio excerpt."
Texture Trainer,texture-trainer,Texture recognition,TT041,,Foundation,multiple-choice,1,Identify the texture at the opening of the extract. (1),Homophonic,Homophonic | Polyphonic | Monophonic,homophonic | homophony | melody dominated homophony | melody-dominated homophony | melody and accompaniment | melody with accompaniment | chordal | homorhythmic | block chords,modules/texture-trainer/audio/TT041.mp3,yes,,,,,,Homophonic texture,Foundation,,"G. F. Handel — Messiah, HWV 56 — 24. Surely He Hath Borne Our Griefs",,MIT Concert Choir; directed by William C. Cutter,https://commons.wikimedia.org/wiki/File:Handel_-_messiah_-_24_surely_he_hath_borne_our_griefs.ogg,CC BY-SA 2.0,"Original source extract: 0–20s. Commercial reuse is permitted with attribution, a licence link, notice of editing, and share-alike treatment of the adapted audio excerpt."
Texture Trainer,texture-trainer,Texture recognition,TT042,,Mastering,short-text,2,Describe two features of the texture in this extract. (2),Fugal imitation,,fugue | fugal | fugal writing | fugal imitation | fugal texture | imitative polyphony | subject entries | answer entries | subject and answer entries | subject enters successively | voices enter successively | polyphonic | contrapuntal | counterpoint | independent parts | independent melodies | several melodies at once | several melodies | multiple melodies | different melodies at the same time | interweaving melodies | overlapping melodies | imitative | imitation | imitative | imitation | canon | canon like | canon-like | one part copies another | one part imitates another | repeated by another part | copied between parts | the melody is copied | successive entries | subject entries | texture thickens | thickens | gets thicker | becomes thicker | the texture becomes thicker | thicker texture | more instruments enter | more parts enter | more orchestral parts | parts are added | parts enter | layers added | layers are added | more layers | fuller texture | full ensemble | tutti | builds up | the texture builds up | chords are added | independent vocal lines | independent voices | independent subject entries | overlapping subject entries | overlapping voices | fugue | fugal | fugal writing | fugal imitation | fugal texture | imitative polyphony | subject entries | answer entries | subject and answer entries | subject enters successively | voices enter successively | polyphonic | contrapuntal | counterpoint | independent parts | independent melodies | several melodies at once | several melodies | multiple melodies | different melodies at the same time | interweaving melodies | overlapping melodies | imitative | imitation | imitative | imitation | canon | canon like | canon-like | one part copies another | one part imitates another | repeated by another part | copied between parts | the melody is copied | successive entries | subject entries | texture thickens | thickens | gets thicker | becomes thicker | the texture becomes thicker | thicker texture | more instruments enter | more parts enter | more orchestral parts | parts are added | parts enter | layers added | layers are added | more layers | fuller texture | full ensemble | tutti | builds up | the texture builds up | chords are added | independent vocal lines | independent voices | independent subject entries | overlapping subject entries | overlapping voices,modules/texture-trainer/audio/TT042.mp3,yes,,,,,,Fugal polyphony,Mastering,,"G. F. Handel — Messiah, HWV 56 — 28. He Trusted in God",,MIT Concert Choir; directed by William C. Cutter,https://commons.wikimedia.org/wiki/File:Handel_-_messiah_-_28_he_trusted_in_god.ogg,CC BY-SA 2.0,"Original source extract: 0–20s. Commercial reuse is permitted with attribution, a licence link, notice of editing, and share-alike treatment of the adapted audio excerpt."
Texture Trainer,texture-trainer,Texture recognition,TT043,,Securing,short-text,2,Describe the texture at the beginning and how it changes when the full choir enters. (2),Layered texture,,thin texture | very thin texture | relatively thin texture | one prominent vocal line | single high vocal line | single vocal line | one prominent line | one line | one voice | few instruments | relatively few instruments | low instruments | few or low instruments | monophonic | single unaccompanied melodic line | single melodic line | one melodic line | one melody | one line | one part | solo line | solo melody | unaccompanied melody | unaccompanied melodic line | a single melody | a single melodic line | full choir | full choral texture | choir singing together | all voices | full choir singing together | much thicker | texture becomes much thicker | homophonic | chordal | homorhythmic | texture thickens | thickens | gets thicker | becomes thicker | the texture becomes thicker | thicker texture | more instruments enter | more parts enter | more orchestral parts | parts are added | parts enter | layers added | layers are added | more layers | fuller texture | full ensemble | tutti | builds up | the texture builds up | chords are added,modules/texture-trainer/audio/TT043.mp3,yes,,,,,,Thin texture → full choral texture,Securing,,"G. F. Handel — Messiah, HWV 56 — 37. The Lord Gave the Word",,MIT Concert Choir; directed by William C. Cutter,https://commons.wikimedia.org/wiki/File:Handel_-_messiah_-_37_the_lord_gave_the_word.ogg,CC BY-SA 2.0,"Original source extract: 0–20s. Commercial reuse is permitted with attribution, a licence link, notice of editing, and share-alike treatment of the adapted audio excerpt."
Texture Trainer,texture-trainer,Texture recognition,TT044,,Developing,short-text,2,Describe the texture and how it changes when the choir enters. (2),Homophonic texture thickening,,homophonic | homophony | melody dominated homophony | melody-dominated homophony | melody and accompaniment | melody with accompaniment | chordal | homorhythmic | block chords | homophonic | chordal | homorhythmic | homorhythm | block chords | same rhythm | moving together | parts move together | harmony moves together | voices move together | all parts move together | texture thickens | thickens | gets thicker | becomes thicker | the texture becomes thicker | thicker texture | more instruments enter | more parts enter | more orchestral parts | parts are added | parts enter | layers added | layers are added | more layers | fuller texture | full ensemble | tutti | builds up | the texture builds up | chords are added,modules/texture-trainer/audio/TT044.mp3,yes,,,,,,Homophonic texture thickening,Developing,,"G. F. Handel — Messiah, HWV 56 — 44. Hallelujah",,MIT Concert Choir; directed by William C. Cutter,https://commons.wikimedia.org/wiki/File:Handel_-_messiah_-_44_hallelujah.ogg,CC BY-SA 2.0,"Original source extract: 0–20s. Commercial reuse is permitted with attribution, a licence link, notice of editing, and share-alike treatment of the adapted audio excerpt."
Texture Trainer,texture-trainer,Texture recognition,TT046,,Developing,multiple-choice,1,Identify the texture in this extract. (1),Homophonic,Homophonic | Polyphonic | Monophonic | Unison,homophonic | homophony | melody dominated homophony | melody-dominated homophony | melody and accompaniment | melody with accompaniment | chordal | homorhythmic | block chords | homophonic | chordal | homorhythmic | homorhythm | block chords | same rhythm | moving together | parts move together | harmony moves together | voices move together | all parts move together,modules/texture-trainer/audio/TT046.mp3,yes,,,,,,Homophonic texture,Developing,,"Edvard Grieg — Peer Gynt Suite No. 1, Op. 46: In the Hall of the Mountain King",,Musopen Symphony Orchestra,https://commons.wikimedia.org/wiki/File:Musopen_-_In_the_Hall_Of_The_Mountain_King.ogg,Public domain dedication,Original source extract: 20–40s. The Commons page states that Musopen released the recording into the public domain worldwide.
Texture Trainer,texture-trainer,Texture recognition,TT047,,Developing,multiple-choice,1,Identify the texture in this extract. (1),Monophonic,Monophonic | Homophonic | Polyphonic | Melody and accompaniment,monophonic | single unaccompanied melodic line | single melodic line | one melodic line | one melody | one line | one part | solo line | solo melody | unaccompanied melody | unaccompanied melodic line | a single melody | a single melodic line | unison | octaves | in octaves | unison or octaves | single coordinated line | one coordinated line | opening motif | opening motif is played in unison | same melodic line | everyone plays the same motif,modules/texture-trainer/audio/TT047.mp3,yes,,,,,,Monophonic / octaves,Developing,,"J. S. Bach — Toccata and Fugue in D minor, BWV 565: Toccata opening",,Kevin MacLeod,https://commons.wikimedia.org/wiki/File:Toccata_and_Fugue_in_D_Minor_(ISRC_USUAN1100350).mp3,CC BY 3.0,"Original source extract: 0–20s. Attribute: Toccata and Fugue in D Minor, Kevin MacLeod (incompetech.com), licensed under CC BY 3.0; note that the file has been edited into an excerpt."
Texture Trainer,texture-trainer,Texture recognition,TT048,,Securing,short-text,2,Identify the texture at the start and describe how it changes in the extract. (2),Monophonic then fugal polyphony,,monophonic | single unaccompanied melodic line | single melodic line | one melodic line | one melody | one line | one part | solo line | solo melody | unaccompanied melody | unaccompanied melodic line | a single melody | a single melodic line | fugue | fugal | fugal writing | fugal imitation | fugal texture | imitative polyphony | subject entries | answer entries | subject and answer entries | subject enters successively | voices enter successively | polyphonic | contrapuntal | counterpoint | independent parts | independent melodies | several melodies at once | several melodies | multiple melodies | different melodies at the same time | interweaving melodies | overlapping melodies | imitative | imitation | imitative | imitation | canon | canon like | canon-like | one part copies another | one part imitates another | repeated by another part | copied between parts | the melody is copied | successive entries | subject entries | texture thickens | thickens | gets thicker | becomes thicker | the texture becomes thicker | thicker texture | more instruments enter | more parts enter | more orchestral parts | parts are added | parts enter | layers added | layers are added | more layers | fuller texture | full ensemble | tutti | builds up | the texture builds up | chords are added | independent vocal lines | independent voices | independent subject entries | overlapping subject entries | overlapping voices,modules/texture-trainer/audio/TT048.mp3,yes,,,,,,Monophonic → fugal polyphony,Securing,,"J. S. Bach — The Art of Fugue, BWV 1080: Contrapunctus I",,MIDI-derived rendering from Mutopia edition,"https://commons.wikimedia.org/wiki/File:The_Art_of_Fugue,_Contrapunctus_I.ogg",PDM 1.0,Original source extract: 0–20s. The Commons file is identified as free of known copyright restrictions and marked PDM 1.0; retain its Mutopia provenance.
Texture Trainer,texture-trainer,Texture recognition,TT049,,Foundation,multiple-choice,1,Which term best describes the texture of this extract? (1),Monophonic,Monophonic | Homophonic | Polyphonic,monophonic,modules/texture-trainer/audio/TT049.mp3,yes,,,,,,Monophonic texture,Foundation,,"J. S. Bach — Cello Suite No. 1 in G major, BWV 1007 — I. Prelude",,"John Michel, cello",https://commons.wikimedia.org/wiki/File:JOHN_MICHEL_CELLO-J_S_BACH_CELLO_SUITE_1_in_G_Prelude.ogg,CC BY-SA 3.0,Original source extract: 8–19s. Credit John Michel; link CC BY-SA 3.0; state that the audio was edited; distribute the adapted clip under compatible share-alike terms.
Texture Trainer,texture-trainer,Texture recognition,TT050,,Foundation,multiple-choice,1,Which term best describes the texture of this extract? (1),Homophonic,Homophonic | Monophonic | Polyphonic,homophonic | homophony | melody dominated homophony | melody-dominated homophony | melody and accompaniment | melody with accompaniment | chordal | homorhythmic | block chords,modules/texture-trainer/audio/TT050.mp3,yes,,,,,,Homophonic chordal texture,Foundation,,"L. van Beethoven — Symphony No. 3 in E-flat major, Op. 55 ‘Eroica’ — I. Allegro con brio",,Musopen Symphony Orchestra,https://archive.org/details/MusopenCollectionAsFlac,Public Domain Mark 1.0 / Musopen public-domain recording collection,"Original source extract: 8–19s. Recording supplied through the Musopen Collection hosted by Internet Archive and marked Public Domain Mark 1.0. Commercial use is permitted. Retain the exact item page, direct audio URL and recording-specific evidence screenshot in the EchoAural rights record."
Texture Trainer,texture-trainer,Texture recognition,TT051,,Foundation,multiple-choice,1,Which term best describes the texture of this extract? (1),Polyphonic,Polyphonic | Monophonic | Homophonic,fugue | fugal | fugal writing | fugal imitation | fugal texture | imitative polyphony | subject entries | answer entries | subject and answer entries | subject enters successively | voices enter successively | polyphonic | contrapuntal | counterpoint | independent parts | independent melodies | several melodies at once | several melodies | multiple melodies | different melodies at the same time | interweaving melodies | overlapping melodies | imitative | imitation | imitative | imitation | canon | canon like | canon-like | one part copies another | one part imitates another | repeated by another part | copied between parts | the melody is copied | successive entries | subject entries | texture thickens | thickens | gets thicker | becomes thicker | the texture becomes thicker | thicker texture | more instruments enter | more parts enter | more orchestral parts | parts are added | parts enter | layers added | layers are added | more layers | fuller texture | full ensemble | tutti | builds up | the texture builds up | chords are added | independent vocal lines | independent voices | independent subject entries | overlapping subject entries | overlapping voices,modules/texture-trainer/audio/TT051.mp3,yes,,,,,,Fugal polyphony,Foundation,,"J. S. Bach — The Well-Tempered Clavier, Book I: Fugue No. 1 in C major, BWV 846",,Kimiko Ishizaka,"https://commons.wikimedia.org/wiki/File:Kimiko_Ishizaka_-_Bach_-_Well-Tempered_Clavier,_Book_1_-_02_Fugue_No._1_in_C_major,_BWV_846.ogg",CC0 1.0,Original source extract: 28–39s. Recording performed by Kimiko Ishizaka and released under CC0 1.0 through the Open Well-Tempered Clavier project. Credit is still recommended in EchoAural's source record.
Texture Trainer,texture-trainer,Texture recognition,TT052,,Foundation,multiple-choice,1,Which term best describes the texture of this extract? (1),Monophonic,Monophonic | Homophonic | Polyphonic,monophonic,modules/texture-trainer/audio/TT052.mp3,yes,,,,,,Monophonic texture,Foundation,,"J. S. Bach — Cello Suite No. 1 in G major, BWV 1007 — II. Allemande",,"John Michel, cello",https://commons.wikimedia.org/wiki/File:JOHN_MICHEL_CELLO-J_S_BACH_CELLO_SUITE_1_in_G_Allemande.ogg,CC BY-SA 3.0,Original source extract: 18–29s. Credit John Michel; link CC BY-SA 3.0; state that the audio was edited; distribute the adapted clip under compatible share-alike terms.
Texture Trainer,texture-trainer,Texture recognition,TT053,,Foundation,multiple-choice,1,Which term best describes the texture of this extract? (1),Homophonic,Homophonic | Monophonic | Polyphonic,homophonic | homophony | melody dominated homophony | melody-dominated homophony | melody and accompaniment | melody with accompaniment | chordal | homorhythmic | block chords,modules/texture-trainer/audio/TT053.mp3,yes,,,,,,Melody and accompaniment,Foundation,,"L. van Beethoven — Symphony No. 3 in E-flat major, Op. 55 ‘Eroica’ — II. Marcia funebre",,Musopen Symphony Orchestra,https://archive.org/details/MusopenCollectionAsFlac,Public Domain Mark 1.0 / Musopen public-domain recording collection,"Original source extract: 0–11s. Recording supplied through the Musopen Collection hosted by Internet Archive and marked Public Domain Mark 1.0. Commercial use is permitted. Retain the exact item page, direct audio URL and recording-specific evidence screenshot in the EchoAural rights record."
Texture Trainer,texture-trainer,Texture recognition,TT054,,Foundation,multiple-choice,1,Which term best describes the texture of this extract? (1),Polyphonic,Polyphonic | Monophonic | Homophonic,polyphonic | contrapuntal | counterpoint | fugal | fugue | imitative | canon | canonic,modules/texture-trainer/audio/TT054.mp3,yes,,,,,,Polyphonic texture,Foundation,,"L. van Beethoven — Symphony No. 3 in E-flat major, Op. 55 ‘Eroica’ — IV. Finale",,Musopen Symphony Orchestra,https://archive.org/details/MusopenCollectionAsFlac,Public Domain Mark 1.0 / Musopen public-domain recording collection,"Original source extract: 82–93s. Recording supplied through the Musopen Collection hosted by Internet Archive and marked Public Domain Mark 1.0. Commercial use is permitted. Retain the exact item page, direct audio URL and recording-specific evidence screenshot in the EchoAural rights record."
Texture Trainer,texture-trainer,Texture recognition,TT055,,Foundation,multiple-choice,1,Which term best describes the texture of this extract? (1),Monophonic,Monophonic | Homophonic | Polyphonic,monophonic,modules/texture-trainer/audio/TT055.mp3,yes,,,,,,Monophonic texture,Foundation,,"J. S. Bach — Cello Suite No. 1 in G major, BWV 1007 — III. Courante",,"John Michel, cello",https://commons.wikimedia.org/wiki/File:JOHN_MICHEL_CELLO-J_S_BACH_CELLO_SUITE_1_in_G_Courante.ogg,CC BY-SA 3.0,Original source extract: 12–23s. Credit John Michel; link CC BY-SA 3.0; state that the audio was edited; distribute the adapted clip under compatible share-alike terms.
Texture Trainer,texture-trainer,Texture recognition,TT056,,Foundation,multiple-choice,1,Which term best describes the texture of this extract? (1),Homophonic,Homophonic | Monophonic | Polyphonic,homophonic | homophony | melody dominated homophony | melody-dominated homophony | melody and accompaniment | melody with accompaniment | chordal | homorhythmic | block chords,modules/texture-trainer/audio/TT056.mp3,yes,,,,,,Homophonic texture,Foundation,,"L. van Beethoven — Symphony No. 3 in E-flat major, Op. 55 ‘Eroica’ — III. Scherzo",,Musopen Symphony Orchestra,https://archive.org/details/MusopenCollectionAsFlac,Public Domain Mark 1.0 / Musopen public-domain recording collection,"Original source extract: 12–23s. Recording supplied through the Musopen Collection hosted by Internet Archive and marked Public Domain Mark 1.0. Commercial use is permitted. Retain the exact item page, direct audio URL and recording-specific evidence screenshot in the EchoAural rights record."
Texture Trainer,texture-trainer,Texture recognition,TT057,,Foundation,multiple-choice,1,Which term best describes the texture of this extract? (1),Homophonic,Homophonic | Monophonic | Heterophonic,homophonic | homophony | melody dominated homophony | melody-dominated homophony | melody and accompaniment | melody with accompaniment | chordal | homorhythmic | block chords,modules/texture-trainer/audio/TT057.mp3,yes,,,,,,Homophonic texture,Foundation,,"Johannes Brahms — Symphony No. 4 in E minor, Op. 98 — IV. Allegro energico e passionato",,Musopen Symphony Orchestra,https://archive.org/details/MusopenCollectionAsFlac,Public Domain Mark 1.0 / Musopen public-domain recording collection,"Original source extract: 18–29s. Recording supplied through the Musopen Collection hosted by Internet Archive and marked Public Domain Mark 1.0. Commercial use is permitted. Retain the exact item page, direct audio URL and recording-specific evidence screenshot in the EchoAural rights record."
Texture Trainer,texture-trainer,Texture recognition,TT058,,Foundation,multiple-choice,1,Which term best describes the texture of this extract? (1),Monophonic,Monophonic | Homophonic | Polyphonic,monophonic,modules/texture-trainer/audio/TT058.mp3,yes,,,,,,Monophonic texture,Foundation,,"J. S. Bach — Cello Suite No. 1 in G major, BWV 1007 — IV. Sarabande",,"John Michel, cello",https://commons.wikimedia.org/wiki/File:JOHN_MICHEL_CELLO-J_S_BACH_CELLO_SUITE_1_in_G_Sarabande.ogg,CC BY-SA 3.0,Original source extract: 22–33s. Credit John Michel; link CC BY-SA 3.0; state that the audio was edited; distribute the adapted clip under compatible share-alike terms.
Texture Trainer,texture-trainer,Texture recognition,TT059,,Developing,multiple-choice,1,Which term best describes the texture of this extract? (1),Homophonic,Homophonic | Monophonic | Polyphonic | Heterophonic,homophonic | homophony | melody dominated homophony | melody-dominated homophony | melody and accompaniment | melody with accompaniment | chordal | homorhythmic | block chords,modules/texture-trainer/audio/TT059.mp3,yes,,,,,,Homophonic chordal texture,Developing,,"Johannes Brahms — Symphony No. 4 in E minor, Op. 98 — I. Allegro non troppo",,Musopen Symphony Orchestra,https://archive.org/details/MusopenCollectionAsFlac,Public Domain Mark 1.0 / Musopen public-domain recording collection,"Original source extract: 0–11s. Recording supplied through the Musopen Collection hosted by Internet Archive and marked Public Domain Mark 1.0. Commercial use is permitted. Retain the exact item page, direct audio URL and recording-specific evidence screenshot in the EchoAural rights record."
Texture Trainer,texture-trainer,Texture recognition,TT061,,Developing,multiple-choice,1,Which term best describes the texture of this extract? (1),Homophonic,Homophonic | Monophonic | Polyphonic | Heterophonic,homophonic | homophony | melody dominated homophony | melody-dominated homophony | melody and accompaniment | melody with accompaniment | chordal | homorhythmic | block chords,modules/texture-trainer/audio/TT061.mp3,yes,,,,,,Homophonic chordal texture,Developing,,"Johannes Brahms — Symphony No. 4 in E minor, Op. 98 — III. Allegro giocoso",,Musopen Symphony Orchestra,https://archive.org/details/MusopenCollectionAsFlac,Public Domain Mark 1.0 / Musopen public-domain recording collection,"Original source extract: 0–11s. Recording supplied through the Musopen Collection hosted by Internet Archive and marked Public Domain Mark 1.0. Commercial use is permitted. Retain the exact item page, direct audio URL and recording-specific evidence screenshot in the EchoAural rights record."
Texture Trainer,texture-trainer,Texture recognition,TT062,,Developing,multiple-choice,1,Identify the texture.,One unaccompanied melodic line,One unaccompanied melodic line | A melody with chordal accompaniment | Several independent overlapping melodies | All voices moving in chords,monophonic,modules/texture-trainer/audio/TT062.mp3,yes,,,,,,Monophonic texture,Developing,,"J. S. Bach — Cello Suite No. 1 in G major, BWV 1007 — V. Minuets",,"John Michel, cello",https://commons.wikimedia.org/wiki/File:JOHN_MICHEL_CELLO-J_S_BACH_CELLO_SUITE_1_in_G_Minuets.ogg,CC BY-SA 3.0,Original source extract: 15–26s. Credit John Michel; link CC BY-SA 3.0; state that the audio was edited; distribute the adapted clip under compatible share-alike terms.
Texture Trainer,texture-trainer,Texture recognition,TT063,,Developing,multiple-choice,1,Which description best matches the texture of this extract? (1),A principal melody supported by other parts,A principal melody supported by other parts | Several equal independent melodies | One unaccompanied line | A subject entering successively as a fugue,homophonic | homophony | melody dominated homophony | melody-dominated homophony | melody and accompaniment | melody with accompaniment | chordal | homorhythmic | block chords,modules/texture-trainer/audio/TT063.mp3,yes,,,,,,Homophonic chordal texture,Developing,,"Antonín Dvořák — String Quartet No. 12 in F major, Op. 96 ‘American’ — I. Allegro ma non troppo",,Musopen String Quartet,https://archive.org/details/MusopenCollectionAsFlac,Public Domain Mark 1.0 / Musopen public-domain recording collection,"Original source extract: 0–11s. Recording supplied through the Musopen Collection hosted by Internet Archive and marked Public Domain Mark 1.0. Commercial use is permitted. Retain the exact item page, direct audio URL and recording-specific evidence screenshot in the EchoAural rights record."
Texture Trainer,texture-trainer,Texture recognition,TT064,,Developing,short-text,1,Which description best matches the relationship between the parts? (1),A melody is supported only by block chords,,fugue | fugal | fugal writing | fugal imitation | fugal texture | imitative polyphony | subject entries | answer entries | subject and answer entries | subject enters successively | voices enter successively | polyphonic | contrapuntal | counterpoint | independent parts | independent melodies | several melodies at once | several melodies | multiple melodies | different melodies at the same time | interweaving melodies | overlapping melodies | imitative | imitation | imitative | imitation | canon | canon like | canon-like | one part copies another | one part imitates another | repeated by another part | copied between parts | the melody is copied | successive entries | subject entries | texture thickens | thickens | gets thicker | becomes thicker | the texture becomes thicker | thicker texture | more instruments enter | more parts enter | more orchestral parts | parts are added | parts enter | layers added | layers are added | more layers | fuller texture | full ensemble | tutti | builds up | the texture builds up | chords are added | independent vocal lines | independent voices | independent subject entries | overlapping subject entries | overlapping voices,modules/texture-trainer/audio/TT064.mp3,yes,,,,,,Fugal polyphony,Developing,,"J. S. Bach — The Well-Tempered Clavier, Book I: Fugue No. 2 in C minor, BWV 847",,Kimiko Ishizaka,"https://commons.wikimedia.org/wiki/File:Kimiko_Ishizaka_-_Bach_-_Well-Tempered_Clavier,_Book_1_-_04_Fugue_No._2_in_C_minor,_BWV_847.ogg",CC0 1.0,Original source extract: 24–35s. Recording performed by Kimiko Ishizaka and released under CC0 1.0 through the Open Well-Tempered Clavier project. Credit is still recommended in EchoAural's source record.
Texture Trainer,texture-trainer,Texture recognition,TT065,,Foundation,multiple-choice,1,Identify the texture.,Monophonic,Monophonic | Homophonic | Polyphonic,monophonic,modules/texture-trainer/audio/TT065.mp3,yes,,,,,,Monophonic texture,Foundation,,"J. S. Bach — Cello Suite No. 1 in G major, BWV 1007 — VI. Gigue",,"John Michel, cello",https://commons.wikimedia.org/wiki/File:JOHN_MICHEL_CELLO-J_S_BACH_CELLO_SUITE_1_in_G_Gigue.ogg,CC BY-SA 3.0,Original source extract: 10–21s. Credit John Michel; link CC BY-SA 3.0; state that the audio was edited; distribute the adapted clip under compatible share-alike terms.
Texture Trainer,texture-trainer,Texture recognition,TT066,,Securing,short-text,1,Which description best matches the texture of this extract? (1),A principal melody supported by other parts,,homophonic | homophony | melody dominated homophony | melody-dominated homophony | melody and accompaniment | melody with accompaniment | chordal | homorhythmic | block chords,modules/texture-trainer/audio/TT066.mp3,yes,,,,,,Melody and accompaniment,Securing,,"Antonín Dvořák — String Quartet No. 12 in F major, Op. 96 ‘American’ — II. Lento",,Musopen String Quartet,https://archive.org/details/MusopenCollectionAsFlac,Public Domain Mark 1.0 / Musopen public-domain recording collection,"Original source extract: 0–11s. Recording supplied through the Musopen Collection hosted by Internet Archive and marked Public Domain Mark 1.0. Commercial use is permitted. Retain the exact item page, direct audio URL and recording-specific evidence screenshot in the EchoAural rights record."
Texture Trainer,texture-trainer,Texture recognition,TT067,,Developing,multiple-choice,1,Which description best matches the relationship between the parts? (1),Independent melodic lines overlap,Independent melodic lines overlap | All parts move together rhythmically | One line is heard alone | A melody is supported only by block chords,polyphonic | contrapuntal | counterpoint | fugal | fugue | imitative | canon | canonic,modules/texture-trainer/audio/TT067.mp3,yes,,,,,,Polyphonic texture,Developing,,"Antonín Dvořák — String Quartet No. 12 in F major, Op. 96 ‘American’ — III. Molto vivace",,Musopen String Quartet,https://archive.org/details/MusopenCollectionAsFlac,Public Domain Mark 1.0 / Musopen public-domain recording collection,"Original source extract: 35–46s. Recording supplied through the Musopen Collection hosted by Internet Archive and marked Public Domain Mark 1.0. Commercial use is permitted. Retain the exact item page, direct audio URL and recording-specific evidence screenshot in the EchoAural rights record."
Texture Trainer,texture-trainer,Texture recognition,TT068,,Foundation,multiple-choice,1,Identify the texture.,Monophonic,Monophonic | Homophonic | Polyphonic,monophonic,modules/texture-trainer/audio/TT068.mp3,yes,,,,,,Monophonic texture,Foundation,,"J. S. Bach — Partita in A minor for solo flute, BWV 1013 — I. Allemande",,"Scott Goff, flute",https://commons.wikimedia.org/wiki/File:Bach_-_Partita_For_Solo_Flute_-_Modern_Flute_-_1._Allemande.ogg,CC BY-SA 2.0 / EFF Open Audio-compatible,Original source extract: 14–25s. Credit Scott Goff and the Al Goldstein/Pandora Music source; link CC BY-SA 2.0; state that the audio was edited.
Texture Trainer,texture-trainer,Texture recognition,TT069,,Securing,short-text,1,Name the texture heard in the extract. (1),A principal melody supported by other parts,,homophonic | homophony | melody dominated homophony | melody-dominated homophony | melody and accompaniment | melody with accompaniment | chordal | homorhythmic | block chords,modules/texture-trainer/audio/TT069.mp3,yes,,,,,,Homophonic texture,Securing,,"Antonín Dvořák — String Quartet No. 12 in F major, Op. 96 ‘American’ — IV. Finale",,Musopen String Quartet,https://archive.org/details/MusopenCollectionAsFlac,Public Domain Mark 1.0 / Musopen public-domain recording collection,"Original source extract: 0–11s. Recording supplied through the Musopen Collection hosted by Internet Archive and marked Public Domain Mark 1.0. Commercial use is permitted. Retain the exact item page, direct audio URL and recording-specific evidence screenshot in the EchoAural rights record."
Texture Trainer,texture-trainer,Texture recognition,TT070,,Securing,short-text,1,Which description best matches the relationship between the parts? (1),Independent melodic lines overlap,,polyphonic | contrapuntal | counterpoint | fugal | fugue | imitative | canon | canonic,modules/texture-trainer/audio/TT070.mp3,yes,,,,,,Polyphonic texture,Securing,,"Joseph Haydn — String Quartet in D major, Hob.III:63, Op.64 No.5 ‘The Lark’ — IV. Finale",,Musopen String Quartet,https://archive.org/details/MusopenCollectionAsFlac,Public Domain Mark 1.0 / Musopen public-domain recording collection,"Original source extract: 20–31s. Recording supplied through the Musopen Collection hosted by Internet Archive and marked Public Domain Mark 1.0. Commercial use is permitted. Retain the exact item page, direct audio URL and recording-specific evidence screenshot in the EchoAural rights record."
Texture Trainer,texture-trainer,Texture recognition,TT071,,Securing,short-text,1,Which description best matches the texture of this extract? (1),A principal melody supported by other parts,,homophonic | homophony | melody dominated homophony | melody-dominated homophony | melody and accompaniment | melody with accompaniment | chordal | homorhythmic | block chords,modules/texture-trainer/audio/TT071.mp3,yes,,,,,,Homophonic texture,Securing,,"Edvard Grieg — Peer Gynt Suite No. 1, Op. 46 — I. Morning Mood",,Musopen Symphony Orchestra,https://archive.org/details/MusopenCollectionAsFlac,Public Domain Mark 1.0 / Musopen public-domain recording collection,"Original source extract: 0–11s. Recording supplied through the Musopen Collection hosted by Internet Archive and marked Public Domain Mark 1.0. Commercial use is permitted. Retain the exact item page, direct audio URL and recording-specific evidence screenshot in the EchoAural rights record."
Texture Trainer,texture-trainer,Texture recognition,TT072,,Securing,short-text,1,Describe the texture in this extract. (1),Independent melodic lines overlap,,polyphonic | contrapuntal | counterpoint | fugal | fugue | imitative | canon | canonic,modules/texture-trainer/audio/TT072.mp3,yes,,,,,,Polyphonic texture,Securing,,"Felix Mendelssohn — Symphony No. 4 in A major, Op. 90 ‘Italian’ — IV. Saltarello: Presto",,Musopen Symphony Orchestra,https://archive.org/details/MusopenCollectionAsFlac,Public Domain Mark 1.0 / Musopen public-domain recording collection,"Original source extract: 25–36s. Recording supplied through the Musopen Collection hosted by Internet Archive and marked Public Domain Mark 1.0. Commercial use is permitted. Retain the exact item page, direct audio URL and recording-specific evidence screenshot in the EchoAural rights record."
Texture Trainer,texture-trainer,Texture recognition,TT073,,Developing,multiple-choice,1,Which description best matches the texture of this extract? (1),Homophonic,Homophonic | Polyphonic | Contrapuntal | Antiphonal,homophonic | homophony | melody dominated homophony | melody-dominated homophony | melody and accompaniment | melody with accompaniment | chordal | homorhythmic | block chords,modules/texture-trainer/audio/TT073.mp3,yes,,,,,,Homophonic texture,Developing,,"Edvard Grieg — Peer Gynt Suite No. 1, Op. 46 — II. The Death of Åse",,Musopen Symphony Orchestra,https://archive.org/details/MusopenCollectionAsFlac,Public Domain Mark 1.0 / Musopen public-domain recording collection,"Original source extract: 0–11s. Recording supplied through the Musopen Collection hosted by Internet Archive and marked Public Domain Mark 1.0. Commercial use is permitted. Retain the exact item page, direct audio URL and recording-specific evidence screenshot in the EchoAural rights record."
Texture Trainer,texture-trainer,Texture recognition,TT075,,Foundation,multiple-choice,1,Identify the texture in this extract. (1),Monophonic,Monophonic | Homophonic | Polyphonic,monophonic | monophonic | single unaccompanied melodic line | single melodic line | one melodic line | one melody | one line | one part | solo line | solo melody | unaccompanied melody | unaccompanied melodic line | a single melody | a single melodic line | no accompaniment | without accompaniment | no simultaneous accompaniment | no simultaneous independent accompaniment | single performer | one performer | one instrument is heard | one voice is heard | broken chords imply harmony | broken chords do not create separate parts,modules/texture-trainer/audio/TT075.mp3,yes,,,,,,Monophonic texture,Foundation,,"J. S. Bach — Partita in A minor for solo flute, BWV 1013 — II. Courante",,"Scott Goff, flute",https://commons.wikimedia.org/wiki/File:Bach_-_Partita_For_Solo_Flute_-_Modern_Flute_-_2._Courante.ogg,CC BY-SA 2.0 / EFF Open Audio-compatible,Original source extract: 8–19s. Credit Scott Goff and the Al Goldstein/Pandora Music source; link CC BY-SA 2.0; state that the audio was edited.
Texture Trainer,texture-trainer,Texture recognition,TT076,,Developing,multiple-choice,1,Identify the texture in this extract. (1),Homophonic,Homophonic | Polyphonic | Contrapuntal | Fugal,homophonic | homophony | melody dominated homophony | melody-dominated homophony | melody and accompaniment | melody with accompaniment | chordal | homorhythmic | block chords | homophonic | melody dominated homophony | melody-dominated homophony | melody and accompaniment | melody with accompaniment | tune with accompaniment | tune with backing | melody with backing | main melody with chords | accompanied melody | main tune with chords | solo melody with accompaniment | homophonic | chordal | homorhythmic | homorhythm | block chords | same rhythm | moving together | parts move together | harmony moves together | voices move together | all parts move together | principal idea supported by other parts | a principal idea is supported by other parts | melody is supported by other parts | melody is supported by the other parts | main tune is supported by other parts | main tune is supported by the other parts | parts support one principal idea | main parts move together chordally | parts moving together | parts move together | voices move together | backing chords | chords underneath | subordinate parts | supporting parts | thick homophonic orchestral texture,modules/texture-trainer/audio/TT076.mp3,yes,,,,,,Homophonic texture,Developing,,"Edvard Grieg — Peer Gynt Suite No. 1, Op. 46 — IV. In the Hall of the Mountain King",,Musopen Symphony Orchestra,https://archive.org/details/MusopenCollectionAsFlac,Public Domain Mark 1.0 / Musopen public-domain recording collection,"Original source extract: 0–11s. Recording supplied through the Musopen Collection hosted by Internet Archive and marked Public Domain Mark 1.0. Commercial use is permitted. Retain the exact item page, direct audio URL and recording-specific evidence screenshot in the EchoAural rights record."
Texture Trainer,texture-trainer,Texture recognition,TT077,,Mastering,extended-text,2,Identify the texture and give one musical reason for your answer. (2),Fugal imitation,,fugue | fugal | fugal writing | fugal imitation | fugal texture | imitative polyphony | subject entries | answer entries | subject and answer entries | subject enters successively | voices enter successively | polyphonic | contrapuntal | counterpoint | independent parts | independent melodies | several melodies at once | several melodies | multiple melodies | different melodies at the same time | interweaving melodies | overlapping melodies | imitative | imitation | imitative | imitation | canon | canon like | canon-like | one part copies another | one part imitates another | repeated by another part | copied between parts | the melody is copied | successive entries | subject entries | texture thickens | thickens | gets thicker | becomes thicker | the texture becomes thicker | thicker texture | more instruments enter | more parts enter | more orchestral parts | parts are added | parts enter | layers added | layers are added | more layers | fuller texture | full ensemble | tutti | builds up | the texture builds up | chords are added | independent vocal lines | independent voices | independent subject entries | overlapping subject entries | overlapping voices | fugue | fugal | fugal writing | fugal imitation | fugal texture | imitative polyphony | subject entries | answer entries | subject and answer entries | subject enters successively | voices enter successively | polyphonic | contrapuntal | counterpoint | independent parts | independent melodies | several melodies at once | several melodies | multiple melodies | different melodies at the same time | interweaving melodies | overlapping melodies | imitative | imitation | imitative | imitation | canon | canon like | canon-like | one part copies another | one part imitates another | repeated by another part | copied between parts | the melody is copied | successive entries | subject entries | texture thickens | thickens | gets thicker | becomes thicker | the texture becomes thicker | thicker texture | more instruments enter | more parts enter | more orchestral parts | parts are added | parts enter | layers added | layers are added | more layers | fuller texture | full ensemble | tutti | builds up | the texture builds up | chords are added | independent vocal lines | independent voices | independent subject entries | overlapping subject entries | overlapping voices,modules/texture-trainer/audio/TT077.mp3,yes,,,,,,Fugal polyphony,Mastering,,"J. S. Bach — The Well-Tempered Clavier, Book I: Fugue No. 9 in E major, BWV 854",,Kimiko Ishizaka,"https://commons.wikimedia.org/wiki/File:Kimiko_Ishizaka_-_Bach_-_Well-Tempered_Clavier,_Book_1_-_18_Fugue_No._9_in_E_major,_BWV_854.ogg",CC0 1.0,Original source extract: 24–35s. Recording performed by Kimiko Ishizaka and released under CC0 1.0 through the Open Well-Tempered Clavier project. Credit is still recommended in EchoAural's source record.
Texture Trainer,texture-trainer,Texture recognition,TT078,,Foundation,multiple-choice,1,Identify the texture in this extract. (1),Monophonic,Monophonic | Homophonic | Polyphonic,monophonic | monophonic | single unaccompanied melodic line | single melodic line | one melodic line | one melody | one line | one part | solo line | solo melody | unaccompanied melody | unaccompanied melodic line | a single melody | a single melodic line | no accompaniment | without accompaniment | no simultaneous accompaniment | no simultaneous independent accompaniment | single performer | one performer | one instrument is heard | one voice is heard | broken chords imply harmony | broken chords do not create separate parts,modules/texture-trainer/audio/TT078.mp3,yes,,,,,,Monophonic texture,Foundation,,"J. S. Bach — Partita in A minor for solo flute, BWV 1013 — III. Sarabande",,"Scott Goff, flute",https://commons.wikimedia.org/wiki/File:Bach_-_Partita_For_Solo_Flute_-_Modern_Flute_-_3._Sarabande.ogg,CC BY-SA 2.0 / EFF Open Audio-compatible,Original source extract: 18–29s. Credit Scott Goff and the Al Goldstein/Pandora Music source; link CC BY-SA 2.0; state that the audio was edited.
Texture Trainer,texture-trainer,Texture recognition,TT079,,Mastering,extended-text,2,Identify the texture and give one musical reason for your answer. (2),Homophonic,,homophonic | homophony | melody dominated homophony | melody-dominated homophony | melody and accompaniment | melody with accompaniment | chordal | homorhythmic | block chords | homophonic | melody dominated homophony | melody-dominated homophony | melody and accompaniment | melody with accompaniment | tune with accompaniment | tune with backing | melody with backing | main melody with chords | accompanied melody | main tune with chords | solo melody with accompaniment | homophonic | chordal | homorhythmic | homorhythm | block chords | same rhythm | moving together | parts move together | harmony moves together | voices move together | all parts move together | principal idea supported by other parts | a principal idea is supported by other parts | melody is supported by other parts | melody is supported by the other parts | main tune is supported by other parts | main tune is supported by the other parts | parts support one principal idea | main parts move together chordally | parts moving together | parts move together | voices move together | backing chords | chords underneath | subordinate parts | supporting parts | thick homophonic orchestral texture,modules/texture-trainer/audio/TT079.mp3,yes,,,,,,Homophonic texture,Mastering,,"Joseph Haydn — String Quartet in D major, Hob.III:63, Op.64 No.5 ‘The Lark’ — I. Allegro moderato",,Musopen String Quartet,https://archive.org/details/MusopenCollectionAsFlac,Public Domain Mark 1.0 / Musopen public-domain recording collection,"Original source extract: 5–16s. Recording supplied through the Musopen Collection hosted by Internet Archive and marked Public Domain Mark 1.0. Commercial use is permitted. Retain the exact item page, direct audio URL and recording-specific evidence screenshot in the EchoAural rights record."
Texture Trainer,texture-trainer,Texture recognition,TT080,,Developing,multiple-choice,1,Identify the texture in this extract. (1),Polyphonic,Polyphonic | Homophonic | Monophonic | Unison,polyphonic | contrapuntal | counterpoint | fugal | fugue | imitative | canon | canonic,modules/texture-trainer/audio/TT080.mp3,yes,,,,,,Polyphonic texture,Developing,,"W. A. Mozart — Symphony No. 40 in G minor, K.550 — IV. Allegro assai",,Musopen Symphony Orchestra,https://archive.org/details/MusopenCollectionAsFlac,Public Domain Mark 1.0 / Musopen public-domain recording collection,"Original source extract: 31–42s. Recording supplied through the Musopen Collection hosted by Internet Archive and marked Public Domain Mark 1.0. Commercial use is permitted. Retain the exact item page, direct audio URL and recording-specific evidence screenshot in the EchoAural rights record."
Texture Trainer,texture-trainer,Texture recognition,TT081,,Foundation,multiple-choice,1,Identify the texture in this extract. (1),Monophonic,Monophonic | Homophonic | Polyphonic,monophonic | monophonic | single unaccompanied melodic line | single melodic line | one melodic line | one melody | one line | one part | solo line | solo melody | unaccompanied melody | unaccompanied melodic line | a single melody | a single melodic line | no accompaniment | without accompaniment | no simultaneous accompaniment | no simultaneous independent accompaniment | single performer | one performer | one instrument is heard | one voice is heard | broken chords imply harmony | broken chords do not create separate parts,modules/texture-trainer/audio/TT081.mp3,yes,,,,,,Monophonic texture,Foundation,,"J. S. Bach — Partita in A minor for solo flute, BWV 1013 — IV. Bourrée anglaise",,"Scott Goff, flute",https://commons.wikimedia.org/wiki/File:Bach_-_Partita_For_Solo_Flute_-_Modern_Flute_-_4._Bouree.ogg,CC BY-SA 2.0 / EFF Open Audio-compatible,Original source extract: 6–17s. Credit Scott Goff and the Al Goldstein/Pandora Music source; link CC BY-SA 2.0; state that the audio was edited.
Texture Trainer,texture-trainer,Texture recognition,TT082,,Mastering,short-text,2,Identify the texture and give one musical reason for your answer. (2),Melody and accompaniment,,homophonic | homophony | melody dominated homophony | melody-dominated homophony | melody and accompaniment | melody with accompaniment | chordal | homorhythmic | block chords | homophonic | melody dominated homophony | melody-dominated homophony | melody and accompaniment | melody with accompaniment | tune with accompaniment | tune with backing | melody with backing | main melody with chords | accompanied melody | main tune with chords | solo melody with accompaniment | homophonic | chordal | homorhythmic | homorhythm | block chords | same rhythm | moving together | parts move together | harmony moves together | voices move together | all parts move together | principal idea supported by other parts | a principal idea is supported by other parts | melody is supported by other parts | melody is supported by the other parts | main tune is supported by other parts | main tune is supported by the other parts | parts support one principal idea | main parts move together chordally | parts moving together | parts move together | voices move together | backing chords | chords underneath | subordinate parts | supporting parts | thick homophonic orchestral texture,modules/texture-trainer/audio/TT082.mp3,yes,,,,,,Melody and accompaniment,Mastering,,"Joseph Haydn — String Quartet in D major, Hob.III:63, Op.64 No.5 ‘The Lark’ — II. Adagio cantabile",,Musopen String Quartet,https://archive.org/details/MusopenCollectionAsFlac,Public Domain Mark 1.0 / Musopen public-domain recording collection,"Original source extract: 0–11s. Recording supplied through the Musopen Collection hosted by Internet Archive and marked Public Domain Mark 1.0. Commercial use is permitted. Retain the exact item page, direct audio URL and recording-specific evidence screenshot in the EchoAural rights record."
Texture Trainer,texture-trainer,Texture recognition,TT083,,Mastering,extended-text,2,Identify the texture and give one musical reason for your answer. (2),Polyphonic,,polyphonic | contrapuntal | counterpoint | fugal | fugue | imitative | canon | canonic | polyphonic | contrapuntal | counterpoint | independent parts | independent melodies | several melodies at once | several melodies | multiple melodies | different melodies at the same time | interweaving melodies | overlapping melodies | imitative | imitation | imitative | imitation | canon | canon like | canon-like | one part copies another | one part imitates another | repeated by another part | copied between parts | the melody is copied | successive entries | subject entries | independent melodic lines | independent lines | two independent parts | two independent lines | two independent melodic parts | two melodic lines are independent | melodic lines are independent | overlapping parts | overlapping independent parts | two or more independent melodic lines overlap | no single line functions only as accompaniment | dialogue between parts,modules/texture-trainer/audio/TT083.mp3,yes,,,,,,Polyphonic texture,Mastering,,"J. S. Bach — Brandenburg Concerto No. 3 in G major, BWV 1048 — III. Allegro",,Advent Chamber Orchestra / performers listed on source page,https://commons.wikimedia.org/wiki/File:Bach_-_Brandenburg_Concerto_No._3_-_3._Allegro.ogg,CC BY-SA 2.0,Original source extract: 22–33s. Credit the ensemble and performers on the Commons page; link CC BY-SA 2.0; state that the excerpt was edited.
Texture Trainer,texture-trainer,Texture recognition,TT084,,Developing,multiple-choice,1,Identify the texture in the extract. (1),Chordal homophony,Chordal homophony | Polyphonic | Monophonic | Unison,homophonic | homophony | melody dominated homophony | melody-dominated homophony | melody and accompaniment | melody with accompaniment | chordal | homorhythmic | block chords | homophonic | chordal | homorhythmic | homorhythm | block chords | same rhythm | moving together | parts move together | harmony moves together | voices move together | all parts move together,modules/texture-trainer/audio/TT084.mp3,yes,,,,,,Homophonic chordal texture,Developing,,"Joseph Haydn — String Quartet in D major, Hob.III:63, Op.64 No.5 ‘The Lark’ — III. Menuetto",,Musopen String Quartet,https://archive.org/details/MusopenCollectionAsFlac,Public Domain Mark 1.0 / Musopen public-domain recording collection,"Original source extract: 0–11s. Recording supplied through the Musopen Collection hosted by Internet Archive and marked Public Domain Mark 1.0. Commercial use is permitted. Retain the exact item page, direct audio URL and recording-specific evidence screenshot in the EchoAural rights record."
Texture Trainer,texture-trainer,Texture recognition,TT085,,Mastering,extended-text,2,Identify the texture and give one musical reason for your answer. (2),Chordal homophony,,homophonic | homophony | melody dominated homophony | melody-dominated homophony | melody and accompaniment | melody with accompaniment | chordal | homorhythmic | block chords | homophonic | melody dominated homophony | melody-dominated homophony | melody and accompaniment | melody with accompaniment | tune with accompaniment | tune with backing | melody with backing | main melody with chords | accompanied melody | main tune with chords | solo melody with accompaniment | homophonic | chordal | homorhythmic | homorhythm | block chords | same rhythm | moving together | parts move together | harmony moves together | voices move together | all parts move together | principal idea supported by other parts | a principal idea is supported by other parts | melody is supported by other parts | melody is supported by the other parts | main tune is supported by other parts | main tune is supported by the other parts | parts support one principal idea | main parts move together chordally | parts moving together | parts move together | voices move together | backing chords | chords underneath | subordinate parts | supporting parts | thick homophonic orchestral texture,modules/texture-trainer/audio/TT085.mp3,yes,,,,,,Homophonic chordal texture,Mastering,,"Felix Mendelssohn — Symphony No. 4 in A major, Op. 90 ‘Italian’ — I. Allegro vivace",,Musopen Symphony Orchestra,https://archive.org/details/MusopenCollectionAsFlac,Public Domain Mark 1.0 / Musopen public-domain recording collection,"Original source extract: 0–11s. Recording supplied through the Musopen Collection hosted by Internet Archive and marked Public Domain Mark 1.0. Commercial use is permitted. Retain the exact item page, direct audio URL and recording-specific evidence screenshot in the EchoAural rights record."
Texture Trainer,texture-trainer,Texture recognition,TT086,,Mastering,extended-text,2,Identify the texture and give one musical reason for your answer. (2),Melody and accompaniment,,homophonic | homophony | melody dominated homophony | melody-dominated homophony | melody and accompaniment | melody with accompaniment | chordal | homorhythmic | block chords | homophonic | melody dominated homophony | melody-dominated homophony | melody and accompaniment | melody with accompaniment | tune with accompaniment | tune with backing | melody with backing | main melody with chords | accompanied melody | main tune with chords | solo melody with accompaniment | homophonic | chordal | homorhythmic | homorhythm | block chords | same rhythm | moving together | parts move together | harmony moves together | voices move together | all parts move together | principal idea supported by other parts | a principal idea is supported by other parts | melody is supported by other parts | melody is supported by the other parts | main tune is supported by other parts | main tune is supported by the other parts | parts support one principal idea | main parts move together chordally | parts moving together | parts move together | voices move together | backing chords | chords underneath | subordinate parts | supporting parts | thick homophonic orchestral texture,modules/texture-trainer/audio/TT086.mp3,yes,,,,,,Melody and accompaniment,Mastering,,"Felix Mendelssohn — Symphony No. 4 in A major, Op. 90 ‘Italian’ — II. Andante con moto",,Musopen Symphony Orchestra,https://archive.org/details/MusopenCollectionAsFlac,Public Domain Mark 1.0 / Musopen public-domain recording collection,"Original source extract: 8–19s. Recording supplied through the Musopen Collection hosted by Internet Archive and marked Public Domain Mark 1.0. Commercial use is permitted. Retain the exact item page, direct audio URL and recording-specific evidence screenshot in the EchoAural rights record."
Texture Trainer,texture-trainer,Texture recognition,TT087,,Foundation,multiple-choice,1,Identify the texture in this extract. (1),Monophonic,Monophonic | Homophonic | Polyphonic,monophonic | monophonic | single unaccompanied melodic line | single melodic line | one melodic line | one melody | one line | one part | solo line | solo melody | unaccompanied melody | unaccompanied melodic line | a single melody | a single melodic line | no accompaniment | without accompaniment | no simultaneous accompaniment | no simultaneous independent accompaniment | single performer | one performer | one instrument is heard | one voice is heard | broken chords imply harmony | broken chords do not create separate parts,modules/texture-trainer/audio/TT087.mp3,yes,,,,,,Monophonic texture,Foundation,,"Claude Debussy — Syrinx, L. 129 — Solo flute extract",,"Sarah Bassingthwaite, flute",https://commons.wikimedia.org/wiki/File:Debussy_-_Syrinx.ogg,CC BY-SA 2.0 / EFF Open Audio License,Original source extract: 28–39s. Credit Sarah Bassingthwaite and the Al Goldstein/Pandora Music source; link CC BY-SA 2.0; state that the audio was edited.
Texture Trainer,texture-trainer,Texture recognition,TT088,,Mastering,extended-text,2,Identify the texture and the relationship between the principal line and the supporting parts. (2),Homophonic,,homophonic | homophony | melody dominated homophony | melody-dominated homophony | melody and accompaniment | melody with accompaniment | chordal | homorhythmic | block chords | homophonic | melody dominated homophony | melody-dominated homophony | melody and accompaniment | melody with accompaniment | tune with accompaniment | tune with backing | melody with backing | main melody with chords | accompanied melody | main tune with chords | solo melody with accompaniment | homophonic | chordal | homorhythmic | homorhythm | block chords | same rhythm | moving together | parts move together | harmony moves together | voices move together | all parts move together | principal idea supported by other parts | a principal idea is supported by other parts | melody is supported by other parts | melody is supported by the other parts | main tune is supported by other parts | main tune is supported by the other parts | parts support one principal idea | main parts move together chordally | parts moving together | parts move together | voices move together | backing chords | chords underneath | subordinate parts | supporting parts | thick homophonic orchestral texture,modules/texture-trainer/audio/TT088.mp3,yes,,,,,,Homophonic texture,Mastering,,"Felix Mendelssohn — Symphony No. 4 in A major, Op. 90 ‘Italian’ — III. Con moto moderato",,Musopen Symphony Orchestra,https://archive.org/details/MusopenCollectionAsFlac,Public Domain Mark 1.0 / Musopen public-domain recording collection,"Original source extract: 0–11s. Recording supplied through the Musopen Collection hosted by Internet Archive and marked Public Domain Mark 1.0. Commercial use is permitted. Retain the exact item page, direct audio URL and recording-specific evidence screenshot in the EchoAural rights record."
Texture Trainer,texture-trainer,Texture recognition,TT089,,Mastering,extended-text,2,Name the specific textural technique and explain how it creates the broader texture. (2),Fugal imitation,,fugue | fugal | fugal writing | fugal imitation | fugal texture | imitative polyphony | subject entries | answer entries | subject and answer entries | subject enters successively | voices enter successively | polyphonic | contrapuntal | counterpoint | independent parts | independent melodies | several melodies at once | several melodies | multiple melodies | different melodies at the same time | interweaving melodies | overlapping melodies | imitative | imitation | imitative | imitation | canon | canon like | canon-like | one part copies another | one part imitates another | repeated by another part | copied between parts | the melody is copied | successive entries | subject entries | texture thickens | thickens | gets thicker | becomes thicker | the texture becomes thicker | thicker texture | more instruments enter | more parts enter | more orchestral parts | parts are added | parts enter | layers added | layers are added | more layers | fuller texture | full ensemble | tutti | builds up | the texture builds up | chords are added | independent vocal lines | independent voices | independent subject entries | overlapping subject entries | overlapping voices | fugue | fugal | fugal writing | fugal imitation | fugal texture | imitative polyphony | subject entries | answer entries | subject and answer entries | subject enters successively | voices enter successively | polyphonic | contrapuntal | counterpoint | independent parts | independent melodies | several melodies at once | several melodies | multiple melodies | different melodies at the same time | interweaving melodies | overlapping melodies | imitative | imitation | imitative | imitation | canon | canon like | canon-like | one part copies another | one part imitates another | repeated by another part | copied between parts | the melody is copied | successive entries | subject entries | texture thickens | thickens | gets thicker | becomes thicker | the texture becomes thicker | thicker texture | more instruments enter | more parts enter | more orchestral parts | parts are added | parts enter | layers added | layers are added | more layers | fuller texture | full ensemble | tutti | builds up | the texture builds up | chords are added | independent vocal lines | independent voices | independent subject entries | overlapping subject entries | overlapping voices,modules/texture-trainer/audio/TT089.mp3,yes,,,,,,Fugal polyphony,Mastering,,"J. S. Bach — The Well-Tempered Clavier, Book I: Fugue No. 16 in G minor, BWV 861",,Kimiko Ishizaka,"https://commons.wikimedia.org/wiki/File:Kimiko_Ishizaka_-_Bach_-_Well-Tempered_Clavier,_Book_1_-_32_Fugue_No._16_in_G_minor,_BWV_861.ogg",CC0 1.0,Original source extract: 30–41s. Recording performed by Kimiko Ishizaka and released under CC0 1.0 through the Open Well-Tempered Clavier project. Credit is still recommended in EchoAural's source record.
Texture Trainer,texture-trainer,Texture recognition,TT090,,Developing,multiple-choice,1,Identify the texture in the extract. (1),Monophonic,Monophonic | Homophonic | Polyphonic | Unison,monophonic | single unaccompanied melodic line | single melodic line | one melodic line | one melody | one line | one part | solo line | solo melody | unaccompanied melody | unaccompanied melodic line | a single melody | a single melodic line,modules/texture-trainer/audio/TT090.mp3,yes,,,,,,Monophonic texture,Developing,,Niccolò Paganini — Caprice No. 5 — Solo violin extract,,"David Hernando Vitores, violin",https://commons.wikimedia.org/wiki/File:Niccol%C3%B2_Paganini_-_Caprice_No.5_-_David_Hernando_Vitores.ogg,CC BY-SA 4.0,Original source extract: 34–45s. Credit David Hernando Vitores; link CC BY-SA 4.0; state that the audio was edited; retain share-alike terms for the adapted clip.
Texture Trainer,texture-trainer,Texture recognition,TT091,,Mastering,short-text,1,Identify the texture. (1),Homophonic,,homophonic | homophony | melody dominated homophony | melody-dominated homophony | melody and accompaniment | melody with accompaniment | chordal | homorhythmic | block chords | homophonic | chordal | homorhythmic | homorhythm | block chords | same rhythm | moving together | parts move together | harmony moves together | voices move together | all parts move together,modules/texture-trainer/audio/TT091.mp3,yes,,,,,,Homophonic texture,Mastering,,"W. A. Mozart — Symphony No. 40 in G minor, K.550 — I. Molto allegro",,Musopen Symphony Orchestra,https://archive.org/details/MusopenCollectionAsFlac,Public Domain Mark 1.0 / Musopen public-domain recording collection,"Original source extract: 0–11s. Recording supplied through the Musopen Collection hosted by Internet Archive and marked Public Domain Mark 1.0. Commercial use is permitted. Retain the exact item page, direct audio URL and recording-specific evidence screenshot in the EchoAural rights record."
Texture Trainer,texture-trainer,Texture recognition,TT093,,Securing,short-text,2,"Describe the texture in two ways, including how the accompaniment supports the principal melody. (2)",Melody and accompaniment,,homophonic | homophony | melody dominated homophony | melody-dominated homophony | melody and accompaniment | melody with accompaniment | chordal | homorhythmic | block chords | homophonic | melody dominated homophony | melody-dominated homophony | melody and accompaniment | melody with accompaniment | tune with accompaniment | tune with backing | melody with backing | main melody with chords | accompanied melody | main tune with chords | solo melody with accompaniment | homophonic | chordal | homorhythmic | homorhythm | block chords | same rhythm | moving together | parts move together | harmony moves together | voices move together | all parts move together | principal idea supported by other parts | a principal idea is supported by other parts | melody is supported by other parts | melody is supported by the other parts | main tune is supported by other parts | main tune is supported by the other parts | parts support one principal idea | main parts move together chordally | parts moving together | parts move together | voices move together | backing chords | chords underneath | subordinate parts | supporting parts | thick homophonic orchestral texture,modules/texture-trainer/audio/TT093.mp3,yes,,,,,,Melody and accompaniment,Securing,,"W. A. Mozart — Symphony No. 40 in G minor, K.550 — II. Andante",,Musopen Symphony Orchestra,https://archive.org/details/MusopenCollectionAsFlac,Public Domain Mark 1.0 / Musopen public-domain recording collection,"Original source extract: 0–11s. Recording supplied through the Musopen Collection hosted by Internet Archive and marked Public Domain Mark 1.0. Commercial use is permitted. Retain the exact item page, direct audio URL and recording-specific evidence screenshot in the EchoAural rights record."
Texture Trainer,texture-trainer,Texture recognition,TT095,,Mastering,extended-text,2,"Describe the texture in two ways, including the relationship between the principal line and the supporting parts. (2)",Chordal homophony,,homophonic | homophony | melody dominated homophony | melody-dominated homophony | melody and accompaniment | melody with accompaniment | chordal | homorhythmic | block chords | homophonic | melody dominated homophony | melody-dominated homophony | melody and accompaniment | melody with accompaniment | tune with accompaniment | tune with backing | melody with backing | main melody with chords | accompanied melody | main tune with chords | solo melody with accompaniment | homophonic | chordal | homorhythmic | homorhythm | block chords | same rhythm | moving together | parts move together | harmony moves together | voices move together | all parts move together | principal idea supported by other parts | a principal idea is supported by other parts | melody is supported by other parts | melody is supported by the other parts | main tune is supported by other parts | main tune is supported by the other parts | parts support one principal idea | main parts move together chordally | parts moving together | parts move together | voices move together | backing chords | chords underneath | subordinate parts | supporting parts | thick homophonic orchestral texture,modules/texture-trainer/audio/TT095.mp3,yes,,,,,,Homophonic chordal texture,Mastering,,"W. A. Mozart — Symphony No. 40 in G minor, K.550 — III. Menuetto",,Musopen Symphony Orchestra,https://archive.org/details/MusopenCollectionAsFlac,Public Domain Mark 1.0 / Musopen public-domain recording collection,"Original source extract: 0–11s. Recording supplied through the Musopen Collection hosted by Internet Archive and marked Public Domain Mark 1.0. Commercial use is permitted. Retain the exact item page, direct audio URL and recording-specific evidence screenshot in the EchoAural rights record."
Texture Trainer,texture-trainer,Texture recognition,TT097,,Developing,short-text,1,Describe the texture in the extract. (1),Melody and accompaniment,,homophonic | melody dominated homophony | melody-dominated homophony | melody and accompaniment | melody with accompaniment | tune with accompaniment | tune with backing | melody with backing | main melody with chords | accompanied melody | main tune with chords | solo melody with accompaniment,modules/texture-trainer/audio/TT097.mp3,yes,,,,,,Homophonic / melody and accompaniment,Developing,,"Pyotr Ilyich Tchaikovsky — Symphony No. 6 in B minor, Op. 74 ‘Pathétique’ — II. Allegro con grazia",,Musopen Symphony Orchestra,https://archive.org/details/MusopenCollectionAsFlac,Public Domain Mark 1.0 / Musopen public-domain recording collection,"Original source extract: 0–11s. Recording supplied through the Musopen Collection hosted by Internet Archive and marked Public Domain Mark 1.0. Commercial use is permitted. Retain the exact item page, direct audio URL and recording-specific evidence screenshot in the EchoAural rights record."
Texture Trainer,texture-trainer,Texture recognition,TT098,,Mastering,extended-text,2,"Describe the texture in two ways, including the relationship between the principal line and the supporting parts. (2)",Homophonic,,homophonic | homophony | melody dominated homophony | melody-dominated homophony | melody and accompaniment | melody with accompaniment | chordal | homorhythmic | block chords | homophonic | melody dominated homophony | melody-dominated homophony | melody and accompaniment | melody with accompaniment | tune with accompaniment | tune with backing | melody with backing | main melody with chords | accompanied melody | main tune with chords | solo melody with accompaniment | homophonic | chordal | homorhythmic | homorhythm | block chords | same rhythm | moving together | parts move together | harmony moves together | voices move together | all parts move together | principal idea supported by other parts | a principal idea is supported by other parts | melody is supported by other parts | melody is supported by the other parts | main tune is supported by other parts | main tune is supported by the other parts | parts support one principal idea | main parts move together chordally | parts moving together | parts move together | voices move together | backing chords | chords underneath | subordinate parts | supporting parts | thick homophonic orchestral texture,modules/texture-trainer/audio/TT098.mp3,yes,,,,,,Homophonic texture,Mastering,,"Pyotr Ilyich Tchaikovsky — Symphony No. 6 in B minor, Op. 74 ‘Pathétique’ — III. Allegro molto vivace",,Musopen Symphony Orchestra,https://archive.org/details/MusopenCollectionAsFlac,Public Domain Mark 1.0 / Musopen public-domain recording collection,Review note: rebuilt from eight seconds later in the source clip.
Texture Trainer,texture-trainer,Texture recognition,TT099,,Securing,short-text,1,Which description best matches the relationship between the vocal parts?,Chordal homophony,,The voices move together in chords (chordal homophony). | Homophonic | homorhythmic | chordal texture | Chordal | Four-part chorale | homophonic | homophony | melody dominated homophony | melody-dominated homophony | melody and accompaniment | melody with accompaniment | chordal | block chords | tune with accompaniment | tune with backing | melody with backing | main melody with chords | accompanied melody | main tune with chords | solo melody with accompaniment | homorhythm | same rhythm | moving together | parts move together | harmony moves together | voices move together | all parts move together | principal idea supported by other parts | a principal idea is supported by other parts | melody is supported by other parts | melody is supported by the other parts | main tune is supported by other parts | main tune is supported by the other parts | parts support one principal idea | main parts move together chordally | parts moving together | backing chords | chords underneath | subordinate parts | supporting parts | thick homophonic orchestral texture,modules/texture-trainer/audio/TT099.mp3,yes,,,,,,Homophonic,Securing,,"J. S. Bach — Wachet auf, BWV 140 – Chorale 7",,MIT Concert Choir,https://commons.wikimedia.org/wiki/File:Bach_-_cantata_140._7._chorale.ogg,CC BY-SA 2.0,Suggested – audition before release. A deliberately plain first example: focus on the shared rhythm of the four vocal parts.
Texture Trainer,texture-trainer,Texture recognition,TT100,,Mastering,short-text,2,Name the texture and give one reason for your answer.,Chordal homophony,,Homophonic: the choir largely moves together rhythmically to form chords. | Chordal | homorhythmic | Male-voice chordal writing | homophonic | homophony | melody dominated homophony | melody-dominated homophony | melody and accompaniment | melody with accompaniment | chordal | block chords | tune with accompaniment | tune with backing | melody with backing | main melody with chords | accompanied melody | main tune with chords | solo melody with accompaniment | homorhythm | same rhythm | moving together | parts move together | harmony moves together | voices move together | all parts move together | principal idea supported by other parts | a principal idea is supported by other parts | melody is supported by other parts | melody is supported by the other parts | main tune is supported by other parts | main tune is supported by the other parts | parts support one principal idea | main parts move together chordally | parts moving together | backing chords | chords underneath | subordinate parts | supporting parts | thick homophonic orchestral texture | Homophonic: the choir largely moves together rhythmically to form chords. | Chordal | homorhythmic | Clear block-chord sonority | students should not call it monophonic merely because one text is sung. | move together rhythmically | moves together rhythmically | form chords | moving in chords | block chords | parts moving together | parts move together | voices move together | texture changes | texture thickens | solo to chorus | solo to tutti | fuller choral texture | ensemble texture,modules/texture-trainer/audio/TT100.mp3,yes,,,,,,Homophonic,Mastering,,Mozart / choral tradition — Ave verum corpus,,Cwmbach Male Voice Choir,https://commons.wikimedia.org/wiki/File:Ave_verum_Corpus_-_Cwmbach_Male_Voice_Choir.ogg,CC BY-SA 3.0,Review note: skip the first four seconds of the local clip.
Texture Trainer,texture-trainer,Texture recognition,TT101,,Developing,multiple-choice,1,Which term best describes this choral texture?,Monophonic,Monophonic | Homophonic | Polyphonic | Unison,monophonic | single unaccompanied melodic line | single melodic line | one melodic line | one melody | one line | one part | solo line | solo melody | unaccompanied melody | unaccompanied melodic line | a single melody | a single melodic line,modules/texture-trainer/audio/TT101.mp3,yes,,,,,,Monophonic texture,Developing,,Traditional hymn — Amazing Grace,,Choir recording on Wikimedia Commons,https://commons.wikimedia.org/wiki/File:Amazing_Grace_-_Choir.ogg,CC BY-SA 3.0,Suggested – audition before release. Basic hymn-style example with parts supporting the same text and rhythm.
Texture Trainer,texture-trainer,Texture recognition,TT105,,Developing,multiple-choice,1,Which phrase best describes the texture?,Melody and accompaniment,Melody and accompaniment | Polyphonic | Monophonic | Unison,Melody and accompaniment. | Homophonic | melody-dominated homophony | Melody and accompaniment | Singing melody above broken chords | homophonic | homophony | melody dominated homophony | melody and accompaniment | melody with accompaniment | chordal | homorhythmic | block chords | tune with accompaniment | tune with backing | melody with backing | main melody with chords | accompanied melody | main tune with chords | solo melody with accompaniment | homorhythm | same rhythm | moving together | parts move together | harmony moves together | voices move together | all parts move together | principal idea supported by other parts | a principal idea is supported by other parts | melody is supported by other parts | melody is supported by the other parts | main tune is supported by other parts | main tune is supported by the other parts | parts support one principal idea | main parts move together chordally | parts moving together | backing chords | chords underneath | subordinate parts | supporting parts | thick homophonic orchestral texture,modules/texture-trainer/audio/TT105.mp3,yes,,,,,,Homophonic,Developing,,"Frédéric Chopin — Nocturne in E-flat major, Op. 9 No. 2",,Musopen collection performer,https://commons.wikimedia.org/wiki/File:Nocturne_Op._9_no._2_in_E_flat_major.mp3,CC0,Suggested – audition before release. Very clear right-hand melody over patterned accompaniment.
Texture Trainer,texture-trainer,Texture recognition,TT108,,Developing,short-text,2,Describe the texture in this extract in two ways. (2),Melody and accompaniment,,homophonic | melody dominated homophony | melody-dominated homophony | melody and accompaniment | melody with accompaniment | tune with accompaniment | tune with backing | melody with backing | main melody with chords | accompanied melody | main tune with chords | solo melody with accompaniment | homophonic | melody dominated homophony | melody-dominated homophony | melody and accompaniment | melody with accompaniment | tune with accompaniment | tune with backing | melody with backing | main melody with chords | accompanied melody | main tune with chords | solo melody with accompaniment | homophonic | chordal | homorhythmic | homorhythm | block chords | same rhythm | moving together | parts move together | harmony moves together | voices move together | all parts move together | principal idea supported by other parts | a principal idea is supported by other parts | melody is supported by other parts | melody is supported by the other parts | main tune is supported by other parts | main tune is supported by the other parts | parts support one principal idea | main parts move together chordally | parts moving together | parts move together | voices move together | backing chords | chords underneath | subordinate parts | supporting parts | thick homophonic orchestral texture,modules/texture-trainer/audio/TT108.mp3,yes,,,,,,Homophonic,Developing,,Erik Satie — Gymnopédie No. 3,,Teknopazzo,https://commons.wikimedia.org/wiki/File:Gymnop%C3%A9die_no.3.ogg,CC0,Suggested – audition before release. Simple spacing and slow pace make the layers easy to hear.
Texture Trainer,texture-trainer,Texture recognition,TT109,,Securing,short-text,1,Name the texture heard in this solo-guitar extract.,Melody and accompaniment,,Melody and accompaniment. | Homophonic | melody with arpeggiated accompaniment | Melody and accompaniment | Guitar melody and arpeggios | homophonic | homophony | melody dominated homophony | melody-dominated homophony | melody and accompaniment | melody with accompaniment | chordal | homorhythmic | block chords | tune with accompaniment | tune with backing | melody with backing | main melody with chords | accompanied melody | main tune with chords | solo melody with accompaniment | homorhythm | same rhythm | moving together | parts move together | harmony moves together | voices move together | all parts move together | principal idea supported by other parts | a principal idea is supported by other parts | melody is supported by other parts | melody is supported by the other parts | main tune is supported by other parts | main tune is supported by the other parts | parts support one principal idea | main parts move together chordally | parts moving together | backing chords | chords underneath | subordinate parts | supporting parts | thick homophonic orchestral texture,modules/texture-trainer/audio/TT109.mp3,yes,,,,,,Homophonic,Securing,,Traditional — Spanish Romance,,Alisa Gladyseva,https://commons.wikimedia.org/wiki/File:Romanza_espa%C3%B1ola.ogg,CC0 1.0 / Free Art Licence,Suggested – audition before release. Important corrective: one performer can create more than one textural layer.
Texture Trainer,texture-trainer,Texture recognition,TT111,,Foundation,multiple-choice,1,What texture is created by the two independent melodic lines?,Polyphonic,Polyphonic | Homophonic | Monophonic,Polyphonic | contrapuntal. | Two-part counterpoint | Two-part writing | Two independent keyboard lines | polyphonic | contrapuntal | counterpoint | fugal | fugue | imitative | canon | canonic | independent parts | independent melodies | several melodies at once | several melodies | multiple melodies | different melodies at the same time | interweaving melodies | overlapping melodies | imitation | canon like | canon-like | one part copies another | one part imitates another | repeated by another part | copied between parts | the melody is copied | successive entries | subject entries | independent melodic lines | independent lines | two independent parts | two independent lines | two independent melodic parts | two melodic lines are independent | melodic lines are independent | overlapping parts | overlapping independent parts | two or more independent melodic lines overlap | no single line functions only as accompaniment | dialogue between parts,modules/texture-trainer/audio/TT111.mp3,yes,,,,,,Simple polyphonic,Foundation,,"J. S. Bach — Two-Part Invention No. 8, BWV 779",,Live piano recording,https://commons.wikimedia.org/wiki/File:J.S._Bach's_Invention_8_(BWV_779)_on_piano.ogg,CC0,Suggested – audition before release. Opening entries are clear and lightly scored.
Texture Trainer,texture-trainer,Texture recognition,TT112,,Developing,short-text,2,Give one audible reason why this is polyphonic rather than melody and accompaniment.,Polyphonic,,Both parts have melodic independence and similar importance. | Contrapuntal | two-part writing | Two-part writing | Independent lines on harpsichord | polyphonic | contrapuntal | counterpoint | fugal | fugue | imitative | canon | canonic | independent parts | independent melodies | several melodies at once | several melodies | multiple melodies | different melodies at the same time | interweaving melodies | overlapping melodies | imitation | canon like | canon-like | one part copies another | one part imitates another | repeated by another part | copied between parts | the melody is copied | successive entries | subject entries | independent melodic lines | independent lines | two independent parts | two independent lines | two independent melodic parts | two melodic lines are independent | melodic lines are independent | overlapping parts | overlapping independent parts | two or more independent melodic lines overlap | no single line functions only as accompaniment | dialogue between parts | Both parts have melodic independence and similar importance. | Contrapuntal | two-part writing | Same compositional idea with a different timbre and later passage | useful discrimination practice. | independent melodic lines | overlapping lines | overlap | similar importance | two independent parts | two independent lines | two independent melodic parts | two melodic lines are independent | melodic lines are independent,modules/texture-trainer/audio/TT112.mp3,yes,,,,,,Simple polyphonic,Developing,,"J. S. Bach — Two-Part Invention No. 8, BWV 779 – harpsichord",,Live harpsichord recording,https://commons.wikimedia.org/wiki/File:J.S._Bach's_Invention_8_(BWV_779)_on_harpsichord.ogg,CC0,Suggested – audition before release. Same compositional idea with a different timbre and later passage; useful discrimination practice.
Texture Trainer,texture-trainer,Texture recognition,TT113,,Developing,multiple-choice,1,Identify the texture.,Imitative texture,Imitative texture | Homophonic | Monophonic | Unison,It is imitated by the second part. | Imitative texture | imitation | Basic imitation | Imitative two-part entries | polyphonic | contrapuntal | counterpoint | fugal | fugue | imitative | canon | canonic | independent parts | independent melodies | several melodies at once | several melodies | multiple melodies | different melodies at the same time | interweaving melodies | overlapping melodies | canon like | canon-like | one part copies another | one part imitates another | repeated by another part | copied between parts | the melody is copied | successive entries | subject entries | independent melodic lines | independent lines | two independent parts | two independent lines | two independent melodic parts | two melodic lines are independent | melodic lines are independent | overlapping parts | overlapping independent parts | two or more independent melodic lines overlap | no single line functions only as accompaniment | dialogue between parts,modules/texture-trainer/audio/TT113.mp3,yes,,,,,,Simple polyphonic,Developing,,J. S. Bach — Two-Part Invention No. 10 in G major,,Jason M. live recording,"https://commons.wikimedia.org/wiki/File:G_Major_-_10th_2-parts_Invention,_Bach.ogg",CC0,Suggested – audition before release. Focus the answer on imitation rather than demanding the term fugue.
Texture Trainer,texture-trainer,Texture recognition,TT114,,Developing,multiple-choice,1,Which option best describes the texture in this extract?,Polyphonic,Polyphonic | Homophonic | Monophonic | Unison,A principal melody is combined with a countermelody. | Two-part texture | duet texture | polyphonic | Countermelody | Two singing-style piano melodies | contrapuntal | counterpoint | fugal | fugue | imitative | canon | canonic | independent parts | independent melodies | several melodies at once | several melodies | multiple melodies | different melodies at the same time | interweaving melodies | overlapping melodies | imitation | canon like | canon-like | one part copies another | one part imitates another | repeated by another part | copied between parts | the melody is copied | successive entries | subject entries | independent melodic lines | independent lines | two independent parts | two independent lines | two independent melodic parts | two melodic lines are independent | melodic lines are independent | overlapping parts | overlapping independent parts | two or more independent melodic lines overlap | no single line functions only as accompaniment | dialogue between parts | A principal melody is combined with a countermelody. | Two-part texture | duet texture | polyphonic | A gentle example of countermelody without dense Baroque counterpoint. | countermelody | countermelodies | secondary string lines | overlap with the main idea | independent melodic lines | overlapping lines | overlap | similar importance | two independent parts | two independent lines | two independent melodic parts | two melodic lines are independent | melodic lines are independent,modules/texture-trainer/audio/TT114.mp3,yes,,,,,,Simple polyphonic,Developing,,Felix Mendelssohn — Songs Without Words – Duet,,Commons recording,https://commons.wikimedia.org/wiki/File:Mendelssohn_-_Songs_Without_Words_Duet.ogg,CC BY-SA 4.0,Suggested – audition before release. A gentle example of countermelody without dense Baroque counterpoint.
Texture Trainer,texture-trainer,Texture recognition,TT115,,Developing,multiple-choice,1,Identify the texture.,Polyphonic,Polyphonic | Homophonic | Monophonic | Unison,"They sing independent, overlapping melodic lines, producing polyphony. | Contrapuntal duet | Vocal duet | Two independent vocal melodies | polyphonic | contrapuntal | counterpoint | fugal | fugue | imitative | canon | canonic | independent parts | independent melodies | several melodies at once | several melodies | multiple melodies | different melodies at the same time | interweaving melodies | overlapping melodies | imitation | canon like | canon-like | one part copies another | one part imitates another | repeated by another part | copied between parts | the melody is copied | successive entries | subject entries | independent melodic lines | independent lines | two independent parts | two independent lines | two independent melodic parts | two melodic lines are independent | melodic lines are independent | overlapping parts | overlapping independent parts | two or more independent melodic lines overlap | no single line functions only as accompaniment | dialogue between parts | They sing independent, overlapping melodic lines, producing polyphony. | Contrapuntal duet | The two timbres help students follow each line separately. | independent melodic lines | overlapping lines | overlap | similar importance | two independent parts | two independent lines | two independent melodic parts | two melodic lines are independent | melodic lines are independent",modules/texture-trainer/audio/TT115.mp3,yes,,,,,,Simple polyphonic,Developing,,"J. S. Bach — Wachet auf, BWV 140 – Duet",,MIT Concert Choir soloists,https://commons.wikimedia.org/wiki/File:Bach_-_cantata_140._6._duet.ogg,CC BY-SA 2.0,Suggested – audition before release. The two timbres help students follow each line separately.
Texture Trainer,texture-trainer,Texture recognition,TT116,,Developing,multiple-choice,1,Which option best describes the texture in this extract?,Canon,Canon | Homophonic | Heterophonic | Melody and accompaniment,canon | canonic | canonic imitation | one part follows another | one part follows another with the same melodic material | same melodic material | imitative | imitation | canon | canon like | canon-like | one part copies another | one part imitates another | repeated by another part | copied between parts | the melody is copied | successive entries | subject entries,modules/texture-trainer/audio/TT116.mp3,yes,,,,,,Canon,Developing,,Traditional — Frère Jacques – canon,,Flopinot2012,https://commons.wikimedia.org/wiki/File:Frere_Jacques_-_canon.ogg,CC BY-SA 3.0,Suggested – audition before release. The clearest possible introductory round.
Texture Trainer,texture-trainer,Texture recognition,TT117,,Developing,multiple-choice,1,Identify the textural device.,Canon,Canon | Homophonic | Monophonic | Unison,Each voice enters with the same melody after another voice has begun. | Canon | round | Clear vocal canon | polyphonic | contrapuntal | counterpoint | fugal | fugue | imitative | canon | canonic | independent parts | independent melodies | several melodies at once | several melodies | multiple melodies | different melodies at the same time | interweaving melodies | overlapping melodies | imitation | canon like | canon-like | one part copies another | one part imitates another | repeated by another part | copied between parts | the melody is copied | successive entries | subject entries | independent melodic lines | independent lines | two independent parts | two independent lines | two independent melodic parts | two melodic lines are independent | melodic lines are independent | overlapping parts | overlapping independent parts | two or more independent melodic lines overlap | no single line functions only as accompaniment | dialogue between parts | Each voice enters with the same melody after another voice has begun. | Canon | round | More sustained than Frère Jacques but still transparent. | imitated | imitation | same melody | subject enters | successive entries | independent voices | independent melodic lines | overlapping lines | overlap | similar importance | two independent parts | two independent lines | two independent melodic parts | two melodic lines are independent | melodic lines are independent,modules/texture-trainer/audio/TT117.mp3,yes,,,,,,Simple polyphonic,Developing,,Thomas Tallis — Tallis's Canon,,Makemi recording,https://commons.wikimedia.org/wiki/File:Tallis_Canon.ogg,CC BY-SA 3.0 / GFDL,Suggested – audition before release. More sustained than Frère Jacques but still transparent.
Texture Trainer,texture-trainer,Texture recognition,TT118,,Developing,multiple-choice,1,Identify the texture.,Polyphonic,Polyphonic | Homophonic | Monophonic | Unison,They exchange and overlap independent melodic ideas. | Dialogue | imitation | contrapuntal interplay | Two-part | duet writing | Dialogue between two pianos | polyphonic | contrapuntal | counterpoint | fugal | fugue | imitative | canon | canonic | independent parts | independent melodies | several melodies at once | several melodies | multiple melodies | different melodies at the same time | interweaving melodies | overlapping melodies | canon like | canon-like | one part copies another | one part imitates another | repeated by another part | copied between parts | the melody is copied | successive entries | subject entries | independent melodic lines | independent lines | two independent parts | two independent lines | two independent melodic parts | two melodic lines are independent | melodic lines are independent | overlapping parts | overlapping independent parts | two or more independent melodic lines overlap | no single line functions only as accompaniment | dialogue between parts | They exchange and overlap independent melodic ideas. | Dialogue | imitation | contrapuntal interplay | Broadens polyphony beyond voices and Bach. | independent melodic lines | overlapping lines | overlap | similar importance | two independent parts | two independent lines | two independent melodic parts | two melodic lines are independent | melodic lines are independent,modules/texture-trainer/audio/TT118.mp3,yes,,,,,,Simple polyphonic,Developing,,"W. A. Mozart — Sonata for Two Pianos in D major, K. 448 – first movement",,Commons live recording,https://commons.wikimedia.org/wiki/File:Mozart_K448.ogg,CC BY-SA 3.0 / GFDL,Suggested – audition before release. Broadens polyphony beyond voices and Bach.
Texture Trainer,texture-trainer,Texture recognition,TT120,,Securing,multiple-choice,1,Identify the texture.,Polyphonic,Polyphonic | Homophonic | Monophonic | Unison,Secondary string lines form countermelodies and overlap with the main idea. | Contrapuntal interplay | polyphonic | Countermelody | concertino interplay | Interweaving string lines | contrapuntal | counterpoint | fugal | fugue | imitative | canon | canonic | independent parts | independent melodies | several melodies at once | several melodies | multiple melodies | different melodies at the same time | interweaving melodies | overlapping melodies | imitation | canon like | canon-like | one part copies another | one part imitates another | repeated by another part | copied between parts | the melody is copied | successive entries | subject entries | independent melodic lines | independent lines | two independent parts | two independent lines | two independent melodic parts | two melodic lines are independent | melodic lines are independent | overlapping parts | overlapping independent parts | two or more independent melodic lines overlap | no single line functions only as accompaniment | dialogue between parts | Secondary string lines form countermelodies and overlap with the main idea. | Contrapuntal interplay | polyphonic | Use a passage where concertino lines remain individually audible. | countermelody | countermelodies | secondary string lines | overlap with the main idea | independent melodic lines | overlapping lines | overlap | similar importance | two independent parts | two independent lines | two independent melodic parts | two melodic lines are independent | melodic lines are independent | small group and full ensemble | soloist with orchestra | solo and tutti | concertino and ripieno,modules/texture-trainer/audio/TT120.mp3,yes,,,,,,Simple polyphonic,Securing,,"Arcangelo Corelli — Christmas Concerto, Op. 6 No. 8 – part 1",,Advent Chamber Orchestra,https://commons.wikimedia.org/wiki/File:Corelli_-_Concerto_Grosso_in_G_minor_-_Christmas_Concerto_-_part_1.ogg,CC BY-SA 2.0 / EFF Open Audio,Suggested – audition before release. Use a passage where concertino lines remain individually audible.
Texture Trainer,texture-trainer,Texture recognition,TT121,,Securing,short-text,1,Which texture is created when performers play versions of the same tune at the same time?,Heterophonic,,Heterophonic. | Heterophony | Shared melody with variants | Two players vary one tune | heterophonic | heterophony | heterophonic texture | related versions of a shared melody | related versions of the same melody | decorated versions of a tune | shared melodic framework | shared melodic basis | same tune at the same time | individual ornamentation | stratified heterophony,modules/texture-trainer/audio/TT121.mp3,yes,,,,,,Heterophonic,Securing,,Balinese traditional — Bali xylophone duet,,Two Balinese musicians; thedialogueproject recording,https://commons.wikimedia.org/wiki/File:Bali_xylophone.ogg,CC0,"Suggested – audition before release. A modern, close-miked example. Confirm the selected passage clearly contains simultaneous variants."
Texture Trainer,texture-trainer,Texture recognition,TT122,,Developing,multiple-choice,1,Choose the most precise description of the relationship between the melodic layers.,Heterophonic,Heterophonic | Homophonic | Polyphonic | Melody and accompaniment,Heterophonic: related versions of a shared melodic framework sound together. | Stratified heterophony | heterophonic layering | Gamelan variants of a core melody | heterophonic | heterophony | heterophonic texture | related versions of a shared melody | related versions of the same melody | decorated versions of a tune | shared melodic framework | shared melodic basis | same tune at the same time | individual ornamentation | stratified heterophony | Heterophonic: related versions of a shared melodic framework sound together. | Stratified heterophony | heterophonic layering | Teacher note: ethnomusicological descriptions may also use stratified polyphony | accept a well-justified answer. | related versions | shared melodic framework | same melodic material | individual ornamentation | small rhythmic or melodic differences,modules/texture-trainer/audio/TT122.mp3,yes,,,,,,Heterophonic,Developing,,Balinese traditional — Gendér Wayang,,Historic 1928 gamelan recording,https://commons.wikimedia.org/wiki/File:Gend%C3%A9r_Wayang_(1928).ogg,Public domain,Suggested – audition before release. Teacher note: ethnomusicological descriptions may also use stratified polyphony; accept a well-justified answer.
Texture Trainer,texture-trainer,Texture recognition,TT123,,Securing,short-text,2,Describe the texture in the following extract. (2),Heterophonic,,heterophonic | heterophony | heterophonic texture | different versions of the same melody | decorated versions of the same melody | varied versions of the same melody | related versions of a shared melody | related versions of the same melody | same melodic material with individual ornamentation | shared melodic framework | shared melodic basis | same tune at the same time | individual ornamentation,modules/texture-trainer/audio/TT123.mp3,yes,,,,,,Heterophonic,Securing,,Balinese traditional — Gamelan Anklung Berong Pengetjet,,Historic 1931 recording,https://commons.wikimedia.org/wiki/File:Gamelan_Anklung_Berong_Pengetjet_(1931).ogg,Public domain,Suggested – audition before release. Builds precision and discourages calling every multi-part ensemble homophonic.
Texture Trainer,texture-trainer,Texture recognition,TT124,,Securing,multiple-choice,1,Identify the texture.,Heterophonic,Heterophonic | Homophonic | Melody and accompaniment | Antiphonal,Heterophonic | several parts present related versions or levels of the same melodic material. | Stratified heterophony | Layered gamelan melody | heterophonic | heterophony | heterophonic texture | related versions of a shared melody | related versions of the same melody | decorated versions of a tune | shared melodic framework | shared melodic basis | same tune at the same time | individual ornamentation | stratified heterophony | Heterophonic | several parts present related versions or levels of the same melodic material. | Stratified heterophony | Select a stable passage rather than a sudden transition. | related versions | shared melodic framework | same melodic material | individual ornamentation | small rhythmic or melodic differences | layers are added | layered | interlocking patterns | overlapping patterns,modules/texture-trainer/audio/TT124.mp3,yes,,,,,,Heterophonic,Securing,,Balinese traditional — Gamelan Gong Lagu Kebiar,,Historic 1931 recording,https://commons.wikimedia.org/wiki/File:Gamelan_Gong_Lagu_Kebiar_(1931).ogg,Public domain,Suggested – audition before release. Select a stable passage rather than a sudden transition.
Texture Trainer,texture-trainer,Texture recognition,TT125,,Securing,short-text,2,How do the performers treat the underlying melody?,Heterophonic,,They perform it together with individual ornamentation and small rhythmic or melodic differences. | Heterophonic | Ornamented shared line | Arabic ensemble heterophony | heterophonic | heterophony | heterophonic texture | related versions of a shared melody | related versions of the same melody | decorated versions of a tune | shared melodic framework | shared melodic basis | same tune at the same time | individual ornamentation | stratified heterophony | They perform it together with individual ornamentation and small rhythmic or melodic differences. | Heterophonic | Use to prevent heterophony becoming synonymous only with gamelan. | related versions | shared melodic framework | same melodic material | individual ornamentation | small rhythmic or melodic differences,modules/texture-trainer/audio/TT125.mp3,yes,,,,,,Heterophonic,Securing,,Arabic / Ottoman traditional repertoire — Samaii Hijaz Kar Kurdi,,Historic ensemble recording,https://commons.wikimedia.org/wiki/File:Samaii_Hijaz_Kar_Kurdi_(c._1926).ogg,Public domain,Suggested – audition before release. Use to prevent heterophony becoming synonymous only with gamelan.
Texture Trainer,texture-trainer,Texture recognition,TT127,,Securing,multiple-choice,1,Identify the textural device featured in the extract.,Fugue,Fugue | Canon | Heterophony | Antiphony,fugue | fugal | fugal writing | fugal imitation | fugal texture | imitative polyphony | subject entries | answer entries | subject and answer entries | subject enters successively | voices enter successively,modules/texture-trainer/audio/TT127.mp3,yes,,,,,,Fugue,Securing,,"J. S. Bach — Prelude and Fugue in B-flat minor, BWV 891 – fugue section",,Maria Pan'kiv,https://commons.wikimedia.org/wiki/File:Bach-WTC-2-22.ogg,CC BY-SA 3.0,"Suggested – audition before release. Start must be adjusted to the fugue, not the prelude; script timing is a provisional marker."
Texture Trainer,texture-trainer,Texture recognition,TT128,,Securing,multiple-choice,1,What technique produces the dense texture at the opening?,Fugal imitation,Fugal imitation | Homophonic | Monophonic | Unison,Fugal imitation: the subject is introduced by successive independent voices. | Fugue | imitative polyphony | Organ fugue subject entries | polyphonic | contrapuntal | counterpoint | fugal | fugue | imitative | canon | canonic | independent parts | independent melodies | several melodies at once | several melodies | multiple melodies | different melodies at the same time | interweaving melodies | overlapping melodies | imitation | canon like | canon-like | one part copies another | one part imitates another | repeated by another part | copied between parts | the melody is copied | successive entries | subject entries | independent melodic lines | independent lines | two independent parts | two independent lines | two independent melodic parts | two melodic lines are independent | melodic lines are independent | overlapping parts | overlapping independent parts | two or more independent melodic lines overlap | no single line functions only as accompaniment | dialogue between parts | fugal writing | fugal imitation | fugal texture | answer entries | subject and answer entries | subject enters successively | voices enter successively | texture thickens | thickens | gets thicker | becomes thicker | the texture becomes thicker | thicker texture | more instruments enter | more parts enter | more orchestral parts | parts are added | parts enter | layers added | layers are added | more layers | fuller texture | full ensemble | tutti | builds up | the texture builds up | chords are added | independent vocal lines | independent voices | independent subject entries | overlapping subject entries | overlapping voices | canonic imitation | one part follows another | one part follows another with the same melodic material | same melodic material | Fugal imitation: the subject is introduced by successive independent voices. | Fugue | imitative polyphony | Second and final fugue in the new bank. | imitated | imitation | same melody | subject enters | successive entries | independent voices | independent melodic lines | overlapping lines | overlap | similar importance | two independent parts | two independent lines | two independent melodic parts | two melodic lines are independent | melodic lines are independent,modules/texture-trainer/audio/TT128.mp3,yes,,,,,,Advanced polyphonic,Securing,,"J. S. Bach — Little Fugue in G minor, BWV 578",,Formanavt,https://commons.wikimedia.org/wiki/File:J.S.Bach_%E2%80%93_BWV_578.oga,Public domain dedication,Review note: rebuilt from a later 18-second source extract so the fugal entries are audible.
Texture Trainer,texture-trainer,Texture recognition,TT130,,Mastering,short-text,2,Name and describe the textural device used in the extract. (2),Polyphonic,,"Dense polyphonic | contrapuntal texture, with many overlapping vocal lines. | Imitative | multi-choir polyphony | Dense counterpoint | Forty-part vocal polyphony | polyphonic | contrapuntal | counterpoint | fugal | fugue | imitative | canon | canonic | independent parts | independent melodies | several melodies at once | several melodies | multiple melodies | different melodies at the same time | interweaving melodies | overlapping melodies | imitation | canon like | canon-like | one part copies another | one part imitates another | repeated by another part | copied between parts | the melody is copied | successive entries | subject entries | independent melodic lines | independent lines | two independent parts | two independent lines | two independent melodic parts | two melodic lines are independent | melodic lines are independent | overlapping parts | overlapping independent parts | two or more independent melodic lines overlap | no single line functions only as accompaniment | dialogue between parts | fugal writing | fugal imitation | fugal texture | imitative polyphony | answer entries | subject and answer entries | subject enters successively | voices enter successively | texture thickens | thickens | gets thicker | becomes thicker | the texture becomes thicker | thicker texture | more instruments enter | more parts enter | more orchestral parts | parts are added | parts enter | layers added | layers are added | more layers | fuller texture | full ensemble | tutti | builds up | the texture builds up | chords are added | independent vocal lines | independent voices | independent subject entries | overlapping subject entries | overlapping voices | canonic imitation | one part follows another | one part follows another with the same melodic material | same melodic material | Dense polyphonic | contrapuntal texture, with many overlapping vocal lines. | Imitative | multi-choir polyphony | Students need not identify forty parts | reward recognition of dense independent layers. | independent melodic lines | overlapping lines | overlap | similar importance | two independent parts | two independent lines | two independent melodic parts | two melodic lines are independent | melodic lines are independent | layers are added | layered | interlocking patterns | overlapping patterns",modules/texture-trainer/audio/TT130.mp3,yes,,,,,,Advanced polyphonic,Mastering,,Thomas Tallis — Spem in alium – extract,,Janet Cardiff installation recording,https://commons.wikimedia.org/wiki/File:Spem_in_alium.ogg,CC BY-SA 3.0,Suggested – audition before release. Students need not identify forty parts; reward recognition of dense independent layers.
Texture Trainer,texture-trainer,Texture recognition,TT131,,Securing,short-text,2,Which term best describes the texture: contrapuntal or chordal? Give one reason for your answer. (2),Polyphonic,,The voices retain independent melodic movement and overlap rather than always moving in one rhythm. | Polyphonic | imitative counterpoint | Dense counterpoint | Four-part Renaissance polyphony | polyphonic | contrapuntal | counterpoint | fugal | fugue | imitative | canon | canonic | independent parts | independent melodies | several melodies at once | several melodies | multiple melodies | different melodies at the same time | interweaving melodies | overlapping melodies | imitation | canon like | canon-like | one part copies another | one part imitates another | repeated by another part | copied between parts | the melody is copied | successive entries | subject entries | independent melodic lines | independent lines | two independent parts | two independent lines | two independent melodic parts | two melodic lines are independent | melodic lines are independent | overlapping parts | overlapping independent parts | two or more independent melodic lines overlap | no single line functions only as accompaniment | dialogue between parts | fugal writing | fugal imitation | fugal texture | imitative polyphony | answer entries | subject and answer entries | subject enters successively | voices enter successively | texture thickens | thickens | gets thicker | becomes thicker | the texture becomes thicker | thicker texture | more instruments enter | more parts enter | more orchestral parts | parts are added | parts enter | layers added | layers are added | more layers | fuller texture | full ensemble | tutti | builds up | the texture builds up | chords are added | independent vocal lines | independent voices | independent subject entries | overlapping subject entries | overlapping voices | canonic imitation | one part follows another | one part follows another with the same melodic material | same melodic material | The voices retain independent melodic movement and overlap rather than always moving in one rhythm. | Polyphonic | imitative counterpoint | Clear Renaissance contrast with the homophonic choir clips. | independent melodic lines | overlapping lines | overlap | similar importance | two independent parts | two independent lines | two independent melodic parts | two melodic lines are independent | melodic lines are independent | texture changes | texture thickens | solo to chorus | solo to tutti | fuller choral texture | ensemble texture,modules/texture-trainer/audio/TT131.mp3,yes,,,,,,Advanced polyphonic,Securing,,William Byrd — Mass for Four Voices – Agnus Dei,,Ensemble Morales,https://commons.wikimedia.org/wiki/File:Byrd_4-Part_Mass_-_Agnus_Dei.ogg,CC BY 3.0,Suggested – audition before release. Clear Renaissance contrast with the homophonic choir clips.
Texture Trainer,texture-trainer,Texture recognition,TT132,,Securing,multiple-choice,1,Identify the texture.,Polyphonic,Polyphonic | Homophonic | Monophonic | Unison,Overlapping independent vocal lines and | or imitation between voices. | Contrapuntal | imitative | Dense counterpoint | Renaissance vocal imitation | polyphonic | contrapuntal | counterpoint | fugal | fugue | canon | canonic | independent parts | independent melodies | several melodies at once | several melodies | multiple melodies | different melodies at the same time | interweaving melodies | overlapping melodies | imitation | canon like | canon-like | one part copies another | one part imitates another | repeated by another part | copied between parts | the melody is copied | successive entries | subject entries | independent melodic lines | independent lines | two independent parts | two independent lines | two independent melodic parts | two melodic lines are independent | melodic lines are independent | overlapping parts | overlapping independent parts | two or more independent melodic lines overlap | no single line functions only as accompaniment | dialogue between parts | fugal writing | fugal imitation | fugal texture | imitative polyphony | answer entries | subject and answer entries | subject enters successively | voices enter successively | texture thickens | thickens | gets thicker | becomes thicker | the texture becomes thicker | thicker texture | more instruments enter | more parts enter | more orchestral parts | parts are added | parts enter | layers added | layers are added | more layers | fuller texture | full ensemble | tutti | builds up | the texture builds up | chords are added | independent vocal lines | independent voices | independent subject entries | overlapping subject entries | overlapping voices | canonic imitation | one part follows another | one part follows another with the same melodic material | same melodic material | Overlapping independent vocal lines and | or imitation between voices. | Contrapuntal | imitative | Choose a passage with staggered text entries rather than a chordal declamation. | imitated | imitation | same melody | subject enters | successive entries | independent voices | independent melodic lines | overlapping lines | overlap | similar importance | two independent parts | two independent lines | two independent melodic parts | two melodic lines are independent | melodic lines are independent,modules/texture-trainer/audio/TT132.mp3,yes,,,,,,Advanced polyphonic,Securing,,William Byrd — Mass for Four Voices – Credo,,Ensemble Morales,https://commons.wikimedia.org/wiki/File:Byrd_4-Part_Mass_-_Credo.ogg,CC BY 3.0,Suggested – audition before release. Choose a passage with staggered text entries rather than a chordal declamation.
Texture Trainer,texture-trainer,Texture recognition,TT133,,Mastering,extended-text,2,Which term best describes the texture? Give one reason for your answer. (2),Polyphonic,,Polyphonic | imitative | contrapuntal motet texture. | Dense counterpoint | Motet with overlapping lines | polyphonic | contrapuntal | counterpoint | fugal | fugue | canon | canonic | independent parts | independent melodies | several melodies at once | several melodies | multiple melodies | different melodies at the same time | interweaving melodies | overlapping melodies | imitation | canon like | canon-like | one part copies another | one part imitates another | repeated by another part | copied between parts | the melody is copied | successive entries | subject entries | independent melodic lines | independent lines | two independent parts | two independent lines | two independent melodic parts | two melodic lines are independent | melodic lines are independent | overlapping parts | overlapping independent parts | two or more independent melodic lines overlap | no single line functions only as accompaniment | dialogue between parts | fugal writing | fugal imitation | fugal texture | imitative polyphony | answer entries | subject and answer entries | subject enters successively | voices enter successively | texture thickens | thickens | gets thicker | becomes thicker | the texture becomes thicker | thicker texture | more instruments enter | more parts enter | more orchestral parts | parts are added | parts enter | layers added | layers are added | more layers | fuller texture | full ensemble | tutti | builds up | the texture builds up | chords are added | independent vocal lines | independent voices | independent subject entries | overlapping subject entries | overlapping voices | canonic imitation | one part follows another | one part follows another with the same melodic material | same melodic material | Polyphonic | imitative | contrapuntal motet texture. | Dense counterpoint | A new composer and sound-world for EA. | independent melodic lines | overlapping lines | overlap | similar importance | two independent parts | two independent lines | two independent melodic parts | two melodic lines are independent | melodic lines are independent,modules/texture-trainer/audio/TT133.mp3,yes,,,,,,Advanced polyphonic,Mastering,,Jachet of Mantua — O vos omnes,,dwsChorale,https://commons.wikimedia.org/wiki/File:Jachet_O_vos_omnes_sung_by_the_dwsChorale.ogg,CC BY-SA 3.0 / GFDL,Suggested – audition before release. A new composer and sound-world for EA.
Texture Trainer,texture-trainer,Texture recognition,TT134,,Mastering,extended-text,2,Describe the relationship between the melodic parts in this extract. (2),Polyphonic,,several independent melodic lines | independent melodic lines | independent lines | lines overlap | parts overlap | different rhythms | enter at different times | one part imitates another | imitation | no single part functions solely as accompaniment | no single line acts only as accompaniment | polyphonic | contrapuntal | counterpoint | independent parts | independent melodies | several melodies at once | several melodies | multiple melodies | different melodies at the same time | interweaving melodies | overlapping melodies | imitative | imitation | imitative | imitation | canon | canon like | canon-like | one part copies another | one part imitates another | repeated by another part | copied between parts | the melody is copied | successive entries | subject entries | independent melodic lines | independent lines | two independent parts | two independent lines | two independent melodic parts | two melodic lines are independent | melodic lines are independent | overlapping parts | overlapping independent parts | two or more independent melodic lines overlap | no single line functions only as accompaniment | dialogue between parts,modules/texture-trainer/audio/TT134.mp3,yes,,,,,,Advanced polyphonic,Mastering,,William Byrd — Mass for Four Voices – Sanctus,,Ensemble Morales,https://commons.wikimedia.org/wiki/File:Byrd_4-Part_Mass_-_Sanctus.ogg,CC BY 3.0,Suggested – audition before release. Designed to test understanding rather than recognition of a named form.
Texture Trainer,texture-trainer,Texture recognition,TT135,,Securing,short-text,1,Which texture feature is suggested by musical material passing between separated groups?,Antiphonal,,Antiphonal writing. | Antiphony | call and response between choirs | Antiphonal | Spatially separated choirs | antiphonal | antiphony | call and response | call-and-response | layered | layers are added | textural thickening | texture thickens | thicker | drone | pedal | sustained pitch | solo and tutti | solo to tutti | solo to chorus | concertino | ripieno | parallel motion | similar motion | soloist with orchestra | solo led texture | choral texture | ensemble texture | short exchanges | choir alternates | full choir alternates with fewer parts | full choir alternates | fewer parts answer | answering phrases | thickens | gets thicker | becomes thicker | the texture becomes thicker | thicker texture | more instruments enter | more parts enter | more orchestral parts | parts are added | parts enter | layers added | more layers | fuller texture | full ensemble | tutti | builds up | the texture builds up | chords are added,modules/texture-trainer/audio/TT135.mp3,yes,,,,,,Texture feature,Securing,,Thomas Tallis — Spem in alium – antiphonal extract,,Janet Cardiff installation recording,https://commons.wikimedia.org/wiki/File:Spem_in_alium.ogg,CC BY-SA 3.0,Suggested – audition before release. Use a different extract from TT130 where choir-to-choir exchange is especially clear.
Texture Trainer,texture-trainer,Texture recognition,TT136,,Securing,multiple-choice,1,Identify the texture feature.,Antiphonal,Antiphonal | Imitative | Homophonic | Canon,They answer or contrast with one another antiphonally. | Antiphonal | call and response | Double-choir exchange | antiphonal | antiphony | call-and-response | layered | layers are added | textural thickening | texture thickens | thicker | drone | pedal | sustained pitch | solo and tutti | solo to tutti | solo to chorus | concertino | ripieno | parallel motion | similar motion | soloist with orchestra | solo led texture | choral texture | ensemble texture | short exchanges | choir alternates | full choir alternates with fewer parts | full choir alternates | fewer parts answer | answering phrases | thickens | gets thicker | becomes thicker | the texture becomes thicker | thicker texture | more instruments enter | more parts enter | more orchestral parts | parts are added | parts enter | layers added | more layers | fuller texture | full ensemble | tutti | builds up | the texture builds up | chords are added | They answer or contrast with one another antiphonally. | Antiphonal | call and response | Modern double-choir example | composition rights are handled by the Commons licence. | answer one another | contrast with one another | between separated groups | texture changes | texture thickens | solo to chorus | solo to tutti | fuller choral texture | ensemble texture,modules/texture-trainer/audio/TT136.mp3,yes,,,,,,Texture feature,Securing,,"Jonathan Little — Kyrie, Op. 5 for double choir",,Thomas Tallis Society Choir,https://commons.wikimedia.org/wiki/File:Kyrie_-_Jonathan_Little.ogg,CC BY-SA 3.0 / GFDL,Suggested – audition before release. Modern double-choir example; composition rights are handled by the Commons licence.
Texture Trainer,texture-trainer,Texture recognition,TT139,,Foundation,multiple-choice,1,Which textural device is heard beneath the melodic improvisation?,Drone,Drone | Melody and accompaniment | Ostinato,A drone. | Sustained or continuously repeated tonic/dominant support | Drone | Sustained pitch beneath melody | antiphonal | antiphony | call and response | call-and-response | layered | layers are added | textural thickening | texture thickens | thicker | drone | pedal | sustained pitch | solo and tutti | solo to tutti | solo to chorus | concertino | ripieno | parallel motion | similar motion | soloist with orchestra | solo led texture | choral texture | ensemble texture | short exchanges | choir alternates | full choir alternates with fewer parts | full choir alternates | fewer parts answer | answering phrases | thickens | gets thicker | becomes thicker | the texture becomes thicker | thicker texture | more instruments enter | more parts enter | more orchestral parts | parts are added | parts enter | layers added | more layers | fuller texture | full ensemble | tutti | builds up | the texture builds up | chords are added,modules/texture-trainer/audio/TT139.mp3,yes,,,,,,Texture feature,Foundation,,Hindustani classical tradition — Raga Malkounsa,,Historic recording assessed public domain,https://commons.wikimedia.org/wiki/File:Raga_Malkounsa.ogg,Public domain,Suggested – audition before release. Choose a passage with the drone clearly audible under the solo line.
Texture Trainer,texture-trainer,Texture recognition,TT140,,Developing,multiple-choice,1,Which textural device is used in this extract?,Pedal,Pedal | Melody and accompaniment | Ostinato | Unison,drone | pedal | sustained note | sustained bass,modules/texture-trainer/audio/TT140.mp3,yes,,,,,,Pedal / drone,Developing,,Scottish traditional — The Skye Boat Song,,Clan Stewart Pipe Band,https://commons.wikimedia.org/wiki/File:Skye_Boat_Song.ogg,CC BY-SA 2.0 / EFF Open Audio Licence,Suggested – audition before release. An unmistakable instrumental drone example.
