clip_id,audio_path,composer,work,movement,performer,source,rights,period,genre,ensemble,instrument,family,clip_type,potential_skill_codes,question_count,metadata_confidence
CLIP-0024FF2C50EC,modules/instrument-identifier/audio/II192.mp3,Bach,Flute Sonata BWV 1034,,,MusOpen,PD,Baroque,Sonata,Harpsichord,RECORDER,Woodwind,Harpsichord,INS.FAMILY | INS.INDIVIDUAL,1,high
CLIP-00851AB26D00,modules/melody-master/audio/melodic-devices/MDA011.mp3,L. van Beethoven,"Symphony No. 3 in E-flat major, Op. 55 ‘Eroica’",III. Scherzo,Musopen Symphony Orchestra,Musopen Collection hosted by Internet Archive,Public Domain Mark 1.0 / Musopen public-domain recording collection,Classical/Romantic transition,Symphony,,,,Melodic device,MEL.DEVICE,1,high
CLIP-00D0E3017BA2,modules/texture-trainer/audio/TT023.mp3,,"J. S. Bach — The Well-Tempered Clavier, Book I: Fugue No. 6 in D minor, BWV 851",,Kimiko Ishizaka,"https://commons.wikimedia.org/wiki/File:Kimiko_Ishizaka_-_Bach_-_Well-Tempered_Clavier,_Book_1_-_12_Fugue_No._6_in_D_minor,_BWV_851.ogg",CC0 1.0,,Fugue,,,,Polyphonic texture,TEX.TYPE,1,high
CLIP-01042F72A584,modules/instrument-identifier/audio/II125.mp3,Bottesini,Double Bass Concerto No. 2 (3),,,MusOpen,PD,,Concerto,Orchestral,DOUBLE BASS,Strings,Orchestral,INS.FAMILY | INS.INDIVIDUAL,1,medium
CLIP-016C95D89DFA,modules/instrument-identifier/audio/II191.mp3,Bach,Flute Sonata BWV 1034,,,MusOpen,PD,Baroque,Sonata,Harpsichord,RECORDER,Woodwind,Harpsichord,INS.FAMILY | INS.INDIVIDUAL,1,high
CLIP-0177F3A9F876,modules/texture-trainer/audio/TT088.mp3,,"Felix Mendelssohn — Symphony No. 4 in A major, Op. 90 ‘Italian’ — III. Con moto moderato",,Musopen Symphony Orchestra,https://archive.org/details/MusopenCollectionAsFlac,Public Domain Mark 1.0 / Musopen public-domain recording collection,,Symphony,,,,Homophonic texture,TEX.ROLE | TEX.TYPE,1,high
CLIP-0184D6A66619,audio/piano/E3.mp3 | audio/piano/Fs3.mp3,,,,,Generated from modules/melodic-intervals/interval-data.js,Uses bundled piano samples,,Generated ear-training interval,,Piano,,ascending Major 2nd,MEL.INTERVAL.NUMBER | MEL.INTERVAL.QUALITY,10,high
CLIP-01AD6540FAF7,modules/instrument-identifier/audio/II027.mp3,,Sarabande,,,MusOpen,PD,,,Solo,VIOLIN,Strings,Solo,INS.FAMILY | INS.INDIVIDUAL,1,medium
CLIP-01CCE7AA4B49,audio/piano/E4.mp3 | audio/piano/Cs4.mp3,,,,,Generated from modules/melodic-intervals/interval-data.js,Uses bundled piano samples,,Generated ear-training interval,,Piano,,descending Minor 3rd,MEL.INTERVAL.NUMBER | MEL.INTERVAL.QUALITY,7,high
CLIP-01E5B91D04B4,audio/piano/Ds3.mp3 | audio/piano/D4.mp3,,,,,Generated from modules/melodic-intervals/interval-data.js,Uses bundled piano samples,,Generated ear-training interval,,Piano,,ascending Major 7th,MEL.INTERVAL.NUMBER | MEL.INTERVAL.QUALITY,5,high
CLIP-01F7D108527F,modules/instrument-identifier/audio/II003.mp3,Beethoven,"Violin Sonata No. 9 ""Kreutzer""",,,MusOpen,PD,Classical/Romantic transition,Sonata,Piano Accomp.,VIOLIN,Strings,Piano Accomp.,INS.FAMILY | INS.INDIVIDUAL,1,high
CLIP-0231AEACBA0D,audio/piano/C3.mp3 | audio/piano/As3.mp3,,,,,Generated from modules/melodic-intervals/interval-data.js,Uses bundled piano samples,,Generated ear-training interval,,Piano,,ascending Minor 7th,MEL.INTERVAL.NUMBER | MEL.INTERVAL.QUALITY,10,high
CLIP-024537C97304,modules/instrument-identifier/audio/II279.mp3,,Oboe Concerto HWV 302,,,MusOpen,PD,,Concerto,Orchestral,OBOE,Woodwind,Orchestral,INS.FAMILY | INS.INDIVIDUAL,1,high
CLIP-02851133C455,modules/instrument-identifier/audio/II152.mp3,von Weber,Clarinet Concerto Op. 73 (2),,,MusOpen,PD,,Concerto,Orchestral,CLARINET,Woodwind,Orchestral,INS.FAMILY | INS.INDIVIDUAL,1,medium
CLIP-03096476FA01,modules/instrument-identifier/audio/II119.mp3,,Op. 5 No.2 (2),,,MusOpen,PD,,,Piano Accomp.,CELLO,Strings,Piano Accomp.,INS.FAMILY | INS.INDIVIDUAL,1,medium
CLIP-036829455C2C,audio/piano/Fs3.mp3 | audio/piano/G3.mp3,,,,,Generated from modules/melodic-intervals/interval-data.js,Uses bundled piano samples,,Generated ear-training interval,,Piano,,ascending Minor 2nd,MEL.INTERVAL.NUMBER | MEL.INTERVAL.QUALITY,6,high
CLIP-03745CFBFCF8,modules/texture-trainer/audio/TT049.mp3,,"J. S. Bach — Cello Suite No. 1 in G major, BWV 1007 — I. Prelude",,"John Michel, cello",https://commons.wikimedia.org/wiki/File:JOHN_MICHEL_CELLO-J_S_BACH_CELLO_SUITE_1_in_G_Prelude.ogg,CC BY-SA 3.0,,Suite,,,,Monophonic texture,TEX.TYPE,1,high
CLIP-03D21D811CA5,audio/piano/Gs3.mp3 | audio/piano/Ds4.mp3,,,,,Generated from modules/melodic-intervals/interval-data.js,Uses bundled piano samples,,Generated ear-training interval,,Piano,,ascending Perfect 5th,MEL.INTERVAL.NUMBER | MEL.INTERVAL.QUALITY,6,high
CLIP-045162463AF0,modules/texture-trainer/audio/TT009.mp3,,"L. van Beethoven — Piano Sonata No. 14 ‘Moonlight’, movement I",,Paul Pitman,"https://commons.wikimedia.org/wiki/File:Ludwig_van_Beethoven_-_sonata_no._14_in_c_sharp_minor_'moonlight',_op._27_no._2_-_i._adagio_sostenuto.ogg",Public-domain mark on Commons/Musopen source page; re-check before release,,Sonata,,,,Homophonic,TEX.ROLE | TEX.TYPE,1,high
CLIP-046CE7DC2349,modules/instrument-identifier/audio/II264.mp3,,Chansonette,,,MusOpen,PD,,,Piano Accomp.,OBOE,Woodwind,Piano Accomp.,INS.FAMILY | INS.INDIVIDUAL,1,medium
CLIP-0473915DD375,modules/texture-trainer/audio/TT086.mp3,,"Felix Mendelssohn — Symphony No. 4 in A major, Op. 90 ‘Italian’ — II. Andante con moto",,Musopen Symphony Orchestra,https://archive.org/details/MusopenCollectionAsFlac,Public Domain Mark 1.0 / Musopen public-domain recording collection,,Symphony,,,,Melody and accompaniment,TEX.ROLE | TEX.TYPE,1,high
CLIP-054DB7A90916,audio/piano/C4.mp3 | audio/piano/Ds3.mp3,,,,,Generated from modules/melodic-intervals/interval-data.js,Uses bundled piano samples,,Generated ear-training interval,,Piano,,descending Major 6th,MEL.INTERVAL.NUMBER | MEL.INTERVAL.QUALITY,7,high
CLIP-054DDEEB4B3D,audio/piano/F3.mp3 | audio/piano/D3.mp3,,,,,Generated from modules/melodic-intervals/interval-data.js,Uses bundled piano samples,,Generated ear-training interval,,Piano,,descending Minor 3rd,MEL.INTERVAL.NUMBER | MEL.INTERVAL.QUALITY,11,high
CLIP-05CA50569C40,audio/piano/C4.mp3 | audio/piano/E3.mp3,,,,,Generated from modules/melodic-intervals/interval-data.js,Uses bundled piano samples,,Generated ear-training interval,,Piano,,descending Minor 6th,MEL.INTERVAL.NUMBER | MEL.INTERVAL.QUALITY,9,high
CLIP-05DDF4C12254,modules/instrument-identifier/audio/II062.mp3,Debussy,Cello Sonata (2) Serenade,,,MusOpen,PD,Twentieth century,Sonata,Piano Accomp.,CELLO,Strings,Piano Accomp.,INS.FAMILY | INS.INDIVIDUAL,1,high
CLIP-07FD422E937F,modules/instrument-identifier/audio/II130.mp3,Bottesini,Double Bass Concerto No. 2 (1),,,MusOpen,PD,,Concerto,Orchestral,DOUBLE BASS,Strings,Orchestral,INS.FAMILY | INS.INDIVIDUAL,1,medium
CLIP-08F79419BBAE,audio/piano/Cs3.mp3 | audio/piano/B3.mp3,,,,,Generated from modules/melodic-intervals/interval-data.js,Uses bundled piano samples,,Generated ear-training interval,,Piano,,ascending Minor 7th,MEL.INTERVAL.NUMBER | MEL.INTERVAL.QUALITY,7,high
CLIP-092F26817A73,modules/instrument-identifier/audio/II052.mp3,Elgar,Cello Concerto Op. 85,,,MusOpen,PD,,Concerto,Orchestral,CELLO,Strings,Orchestral,INS.FAMILY | INS.INDIVIDUAL,1,medium
CLIP-09909E131C8A,modules/melody-master/questions/mm003/MM003-audio.mp3,Mozart,"Piano Sonata no. 11 in A major, K. 331",I. Andante grazioso,,Musopen,PDM 1.0,Classical,Sonata,,,,dictation,MEL.DICTATION.PITCH,2,high
CLIP-09CEF0C242B2,modules/instrument-identifier/audio/II215.mp3,Kuhlau,3 Fantasies Op. 38 No.1,,,MusOpen,PD,,,Solo,FLUTE,Woodwind,Solo,INS.FAMILY | INS.INDIVIDUAL,1,medium
CLIP-09D034989123,modules/instrument-identifier/audio/II270.mp3,,La Gracieuse (5) Napoltano,,,MusOpen,PD,,,Harpsichord,OBOE,Woodwind,Harpsichord,INS.FAMILY | INS.INDIVIDUAL,1,medium
CLIP-0A2F7B29B712,audio/piano/F3.mp3 | audio/piano/As3.mp3,,,,,Generated from modules/melodic-intervals/interval-data.js,Uses bundled piano samples,,Generated ear-training interval,,Piano,,ascending Perfect 4th,MEL.INTERVAL.NUMBER | MEL.INTERVAL.QUALITY,10,high
CLIP-0AE002FD30B0,modules/instrument-identifier/audio/II252.mp3,,Oboe Concerto F minor,,,MusOpen,PD,,Concerto,Orchestral,OBOE,Woodwind,Orchestral,INS.FAMILY | INS.INDIVIDUAL,1,high
CLIP-0B6C91D57E2C,modules/meter-master/audio/MTR026.mp3,,,,,https://imslp.org/wiki/Symphony_No.40_in_G_minor%2C_K.550_%28Mozart%2C_Wolfgang_Amadeus%29,,,,,,,Full metre explanation,RHY.METRE | RHY.TIME_SIGNATURE,2,high
CLIP-0BB3C0D30090,modules/melody-master/questions/mm005/MM005-audio.mp3,Schumann,"Kinderszenen / Scenes from Childhood, Op. 15",VII. Träumerei / Dreaming / Reverie,,Musopen,PDM 1.0,Romantic,,,,,dictation,MEL.DICTATION.PITCH,2,medium
CLIP-0C0FFC6D626D,modules/instrument-identifier/audio/II206.mp3,Bach,Partita BWV 1013 (3),,,MusOpen,PD,Baroque,,Solo,FLUTE,Woodwind,Solo,INS.FAMILY | INS.INDIVIDUAL,1,medium
CLIP-0C3304CFE62F,modules/melody-master/questions/mm006/MM006-audio.mp3,Chopin,"Nocturne in B flat minor, Op. 9 no. 1",Extract 6,,Musopen,PDM 1.0,Romantic,Character piece,,,,dictation,MEL.DICTATION.PITCH,4,high
CLIP-0CD691FED62A,audio/piano/Ds4.mp3 | audio/piano/As3.mp3,,,,,Generated from modules/melodic-intervals/interval-data.js,Uses bundled piano samples,,Generated ear-training interval,,Piano,,descending Perfect 4th,MEL.INTERVAL.NUMBER | MEL.INTERVAL.QUALITY,7,high
CLIP-0D0BF4608038,audio/piano/G3.mp3 | audio/piano/Fs3.mp3,,,,,Generated from modules/melodic-intervals/interval-data.js,Uses bundled piano samples,,Generated ear-training interval,,Piano,,descending Minor 2nd,MEL.INTERVAL.NUMBER | MEL.INTERVAL.QUALITY,6,high
CLIP-0D7A12C7C8CA,modules/instrument-identifier/audio/II150.mp3,Glazunov,Reverie Op. 24,,,MusOpen,PD,,,Piano Accomp.,FRENCH HORN,Brass,Piano Accomp.,INS.FAMILY | INS.INDIVIDUAL,1,medium
CLIP-0E13F9C57BD1,modules/melody-master/audio/melodic-devices/MDA030.mp3,Felix Mendelssohn,"Symphony No. 4 in A major, Op. 90 ‘Italian’",II. Andante con moto,Musopen Symphony Orchestra,Musopen Collection hosted by Internet Archive,Public Domain Mark 1.0 / Musopen public-domain recording collection,Romantic,Symphony,,,,Melodic device,MEL.DEVICE,1,high
CLIP-0E46DFF9246C,modules/texture-trainer/audio/TT112.mp3,,"J. S. Bach — Two-Part Invention No. 8, BWV 779 – harpsichord",,Live harpsichord recording,https://commons.wikimedia.org/wiki/File:J.S._Bach's_Invention_8_(BWV_779)_on_harpsichord.ogg,CC0,,,,,,Simple polyphonic,TEX.TYPE,1,medium
CLIP-0E9FBFA477CA,modules/instrument-identifier/audio/II032.mp3,Bach,Sonata No 1 (4),,,MusOpen,PD,Baroque,Sonata,Solo,VIOLIN,Strings,Solo,INS.FAMILY | INS.INDIVIDUAL,1,high
CLIP-0EA7FBE3D8A6,modules/meter-master/audio/MTR022.mp3,,,,,https://imslp.org/wiki/Symphony_No.4%2C_Op.90_%28Mendelssohn%2C_Felix%29,,,,,,,Beat-unit analysis,RHY.METRE | RHY.TIME_SIGNATURE,2,high
CLIP-0EBC2458D143,audio/piano/As3.mp3 | audio/piano/D4.mp3,,,,,Generated from modules/melodic-intervals/interval-data.js,Uses bundled piano samples,,Generated ear-training interval,,Piano,,ascending Major 3rd,MEL.INTERVAL.NUMBER | MEL.INTERVAL.QUALITY,8,high
CLIP-0F1FCCD712F0,modules/instrument-identifier/audio/II199.mp3,Bach,Flute Sonata BWV 1034,,,MusOpen,PD,Baroque,Sonata,Harpsichord,RECORDER,Woodwind,Harpsichord,INS.FAMILY | INS.INDIVIDUAL,1,high
CLIP-0F45018F427C,audio/piano/B3.mp3 | audio/piano/B3.mp3,,,,,Generated from modules/melodic-intervals/interval-data.js,Uses bundled piano samples,,Generated ear-training interval,,Piano,,ascending Perfect unison,MEL.INTERVAL.NUMBER | MEL.INTERVAL.QUALITY,27,high
CLIP-106FD744539F,audio/piano/F3.mp3 | audio/piano/C4.mp3,,,,,Generated from modules/melodic-intervals/interval-data.js,Uses bundled piano samples,,Generated ear-training interval,,Piano,,ascending Perfect 5th,MEL.INTERVAL.NUMBER | MEL.INTERVAL.QUALITY,14,high
CLIP-1077844AA846,audio/piano/B3.mp3 | audio/piano/C4.mp3,,,,,Generated from modules/melodic-intervals/interval-data.js,Uses bundled piano samples,,Generated ear-training interval,,Piano,,ascending Minor 2nd,MEL.INTERVAL.NUMBER | MEL.INTERVAL.QUALITY,7,high
CLIP-10A237E236C0,modules/instrument-identifier/audio/II029.mp3,,Sarabande,,,MusOpen,PD,,,Solo,VIOLIN,Strings,Solo,INS.FAMILY | INS.INDIVIDUAL,1,medium
CLIP-11CEF2DB7633,audio/piano/Ds3.mp3 | audio/piano/As3.mp3,,,,,Generated from modules/melodic-intervals/interval-data.js,Uses bundled piano samples,,Generated ear-training interval,,Piano,,ascending Perfect 5th,MEL.INTERVAL.NUMBER | MEL.INTERVAL.QUALITY,7,high
CLIP-1207535F7422,modules/texture-trainer/../instrument-identifier/audio/II201.mp3,,"J. S. Bach — Partita in A minor for solo flute, BWV 1013",,Scott Goff,MusOpen,PD,,,,,,Monophonic,TEX.TYPE,1,medium
CLIP-1208B2F12CF9,modules/texture-trainer/audio/TT123.mp3,,Balinese traditional — Gamelan Anklung Berong Pengetjet,,Historic 1931 recording,https://commons.wikimedia.org/wiki/File:Gamelan_Anklung_Berong_Pengetjet_(1931).ogg,Public domain,,,,,,Heterophonic,TEX.TYPE,1,medium
CLIP-1209E0D5E0E6,audio/piano/Cs3.mp3 | audio/piano/As3.mp3,,,,,Generated from modules/melodic-intervals/interval-data.js,Uses bundled piano samples,,Generated ear-training interval,,Piano,,ascending Major 6th,MEL.INTERVAL.NUMBER | MEL.INTERVAL.QUALITY,2,high
CLIP-121B1C972C49,audio/piano/Cs3.mp3 | audio/piano/E3.mp3,,,,,Generated from modules/melodic-intervals/interval-data.js,Uses bundled piano samples,,Generated ear-training interval,,Piano,,ascending Minor 3rd,MEL.INTERVAL.NUMBER | MEL.INTERVAL.QUALITY,7,high
CLIP-1291C2920869,audio/piano/G3.mp3 | audio/piano/Cs3.mp3,,,,,Generated from modules/melodic-intervals/interval-data.js,Uses bundled piano samples,,Generated ear-training interval,,Piano,,descending Diminished 5th,MEL.INTERVAL.NUMBER | MEL.INTERVAL.QUALITY,3,high
CLIP-12FF0AC2CD96,audio/piano/C4.mp3 | audio/piano/C3.mp3,,,,,Generated from modules/melodic-intervals/interval-data.js,Uses bundled piano samples,,Generated ear-training interval,,Piano,,descending Perfect octave,MEL.INTERVAL.NUMBER | MEL.INTERVAL.QUALITY,16,high
CLIP-134AB31F66D1,audio/piano/G3.mp3 | audio/piano/Gs3.mp3,,,,,Generated from modules/melodic-intervals/interval-data.js,Uses bundled piano samples,,Generated ear-training interval,,Piano,,ascending Minor 2nd,MEL.INTERVAL.NUMBER | MEL.INTERVAL.QUALITY,4,high
CLIP-135A59FE028C,modules/instrument-identifier/audio/II112.mp3,Bach,Suite No. 4 (4),,,MusOpen,PD,Baroque,Suite,Solo,CELLO,Strings,Solo,INS.FAMILY | INS.INDIVIDUAL,1,high
CLIP-140DCD4618BA,audio/piano/Ds3.mp3 | audio/piano/Ds3.mp3,,,,,Generated from modules/melodic-intervals/interval-data.js,Uses bundled piano samples,,Generated ear-training interval,,Piano,,ascending Perfect unison,MEL.INTERVAL.NUMBER | MEL.INTERVAL.QUALITY,18,high
CLIP-142D6CB57300,modules/melody-master/audio/melodic-devices/MDA006.mp3,Haydn,"Symphony no. 94 in G major 'Surprise', Hob. I:94",II. Andante,European Archive,Existing EchoAural Melody Master,PDM 1.0,Classical,Symphony,,,,Melodic device,MEL.DEVICE,1,high
CLIP-1441083271BE,modules/instrument-identifier/audio/II146.mp3,Mozart,Horn Concerto K142 (1),,,MusOpen,PD,Classical,Concerto,Orchestral,FRENCH HORN,Brass,Orchestral,INS.FAMILY | INS.INDIVIDUAL,1,high
CLIP-15738FC9F294,modules/instrument-identifier/audio/II080.mp3,Bach,Cello Suite No.3 (4),,,MusOpen,PD,Baroque,Suite,Solo,CELLO,Strings,Solo,INS.FAMILY | INS.INDIVIDUAL,1,high
CLIP-15AB54CF50E8,modules/texture-trainer/audio/TT046.mp3,,"Edvard Grieg — Peer Gynt Suite No. 1, Op. 46: In the Hall of the Mountain King",,Musopen Symphony Orchestra,https://commons.wikimedia.org/wiki/File:Musopen_-_In_the_Hall_Of_The_Mountain_King.ogg,Public domain dedication,,Suite,,,,Homophonic texture,TEX.ROLE | TEX.TYPE,1,high
CLIP-161A5F051925,modules/instrument-identifier/audio/II258.mp3,,Oboe Concerto BWV1055,,,MusOpen,PD,,Concerto,Orchestral,OBOE,Woodwind,Orchestral,INS.FAMILY | INS.INDIVIDUAL,1,high
CLIP-16D259CD4557,modules/instrument-identifier/audio/II205.mp3,Bach,Partita BWV 1013 (3),,,MusOpen,PD,Baroque,,Solo,FLUTE,Woodwind,Solo,INS.FAMILY | INS.INDIVIDUAL,1,medium
CLIP-1732766ED9CA,audio/piano/G3.mp3 | audio/piano/C3.mp3,,,,,Generated from modules/melodic-intervals/interval-data.js,Uses bundled piano samples,,Generated ear-training interval,,Piano,,descending Perfect 5th,MEL.INTERVAL.NUMBER | MEL.INTERVAL.QUALITY,16,high
CLIP-173A56E80B11,audio/piano/F3.mp3 | audio/piano/C3.mp3,,,,,Generated from modules/melodic-intervals/interval-data.js,Uses bundled piano samples,,Generated ear-training interval,,Piano,,descending Perfect 4th,MEL.INTERVAL.NUMBER | MEL.INTERVAL.QUALITY,13,high
CLIP-19A0AB441BC0,audio/piano/G3.mp3 | audio/piano/E4.mp3,,,,,Generated from modules/melodic-intervals/interval-data.js,Uses bundled piano samples,,Generated ear-training interval,,Piano,,ascending Major 6th,MEL.INTERVAL.NUMBER | MEL.INTERVAL.QUALITY,12,high
CLIP-19DB1567F003,audio/piano/D3.mp3 | audio/piano/E3.mp3,,,,,Generated from modules/melodic-intervals/interval-data.js,Uses bundled piano samples,,Generated ear-training interval,,Piano,,ascending Major 2nd,MEL.INTERVAL.NUMBER | MEL.INTERVAL.QUALITY,15,high
CLIP-19ED672103DD,modules/instrument-identifier/audio/II242.mp3,Telemann,Oboe Concerto TWV 51,,,MusOpen,PD,Baroque,Concerto,Orchestral,OBOE,Woodwind,Orchestral,INS.FAMILY | INS.INDIVIDUAL,1,high
CLIP-1A8F9076DD5C,modules/melody-master/audio/melodic-devices/MDA003.mp3,Grieg,"Peer Gynt Suite no. 1, Op. 46",I. Morning Mood,Musopen Symphony,Existing EchoAural Melody Master,PDM 1.0,Romantic,Suite,,,,Melodic device,MEL.DEVICE,1,high
CLIP-1AA20868AD21,modules/texture-trainer/audio/TT125.mp3,,Arabic / Ottoman traditional repertoire — Samaii Hijaz Kar Kurdi,,Historic ensemble recording,https://commons.wikimedia.org/wiki/File:Samaii_Hijaz_Kar_Kurdi_(c._1926).ogg,Public domain,,,,,,Heterophonic,TEX.TYPE,1,medium
CLIP-1AACF52B8EA4,modules/instrument-identifier/audio/II002.mp3,Beethoven,Violin Concerto Op 61,,,MusOpen,PD,Classical/Romantic transition,Concerto,Orchestral,VIOLIN,Strings,Orchestral,INS.FAMILY | INS.INDIVIDUAL,1,high
CLIP-1ABA0294DD52,audio/piano/Ds4.mp3 | audio/piano/B3.mp3,,,,,Generated from modules/melodic-intervals/interval-data.js,Uses bundled piano samples,,Generated ear-training interval,,Piano,,descending Major 3rd,MEL.INTERVAL.NUMBER | MEL.INTERVAL.QUALITY,2,high
CLIP-1AC448A4BBE5,modules/instrument-identifier/audio/II017.mp3,Beethoven,Violin Sonata No. 5 Spring (1),,,MusOpen,PD,Classical/Romantic transition,Sonata,Piano Accomp.,VIOLIN,Strings,Piano Accomp.,INS.FAMILY | INS.INDIVIDUAL,1,high
CLIP-1AE8537D18E1,modules/instrument-identifier/audio/II220.mp3,Andersen,24 Etudes for Flute Op. 15 (6),,,MusOpen,PD,,Study,Solo,FLUTE,Woodwind,Solo,INS.FAMILY | INS.INDIVIDUAL,1,medium
CLIP-1B33A5F2373F,modules/meter-master/audio/MTR030.mp3,,,,,https://imslp.org/wiki/Symphony_No.6%2C_Op.74_%28Tchaikovsky%2C_Pyotr%29,,,,,,,Full metre description,RHY.METRE,2,high
CLIP-1B38EA59E2EE,modules/instrument-identifier/audio/II005.mp3,Beethoven,"Violin Sonata No. 9 ""Kreutzer""",,,MusOpen,PD,Classical/Romantic transition,Sonata,Piano Accomp.,VIOLIN,Strings,Piano Accomp.,INS.FAMILY | INS.INDIVIDUAL,1,high
CLIP-1B941FF1FCA8,modules/instrument-identifier/audio/II171.mp3,von Weber,Clarinet Concerto Op. 26,,,MusOpen,PD,,Concerto,Orchestral,CLARINET,Woodwind,Orchestral,INS.FAMILY | INS.INDIVIDUAL,1,medium
CLIP-1BC0145CD248,modules/instrument-identifier/audio/II020.mp3,Handel,Violin (Trumpet) Sonata F (2),,,MusOpen,PD,Baroque,Sonata,Organ Accomp.,TRUMPET,Brass,Organ Accomp.,INS.FAMILY | INS.INDIVIDUAL,1,high
CLIP-1CFDF15A817F,modules/texture-trainer/audio/TT084.mp3,,"Joseph Haydn — String Quartet in D major, Hob.III:63, Op.64 No.5 ‘The Lark’ — III. Menuetto",,Musopen String Quartet,https://archive.org/details/MusopenCollectionAsFlac,Public Domain Mark 1.0 / Musopen public-domain recording collection,,Chamber music,,,,Homophonic chordal texture,TEX.TYPE,1,high
CLIP-1D1E6E47D950,audio/piano/B3.mp3 | audio/piano/Ds4.mp3,,,,,Generated from modules/melodic-intervals/interval-data.js,Uses bundled piano samples,,Generated ear-training interval,,Piano,,ascending Major 3rd,MEL.INTERVAL.NUMBER | MEL.INTERVAL.QUALITY,2,high
CLIP-1DE00A9590AD,modules/instrument-identifier/audio/II201.mp3,Bach,Partita BWV 1013,,,MusOpen,PD,Baroque,,Solo,FLUTE,Woodwind,Solo,INS.FAMILY | INS.INDIVIDUAL,1,medium
CLIP-1E08BC27E146,modules/instrument-identifier/audio/II013.mp3,Mozart,Violin Sonata No.21 K304 (1),,,MusOpen,PD,Classical,Sonata,Piano Accomp.,VIOLIN,Strings,Piano Accomp.,INS.FAMILY | INS.INDIVIDUAL,1,high
CLIP-1E99F3D4446D,audio/piano/D4.mp3 | audio/piano/Fs3.mp3,,,,,Generated from modules/melodic-intervals/interval-data.js,Uses bundled piano samples,,Generated ear-training interval,,Piano,,descending Minor 6th,MEL.INTERVAL.NUMBER | MEL.INTERVAL.QUALITY,8,high
CLIP-1E9D9D3CDC65,modules/instrument-identifier/audio/II059.mp3,Elgar,Cello Concerto Op. 85 (4),,,MusOpen,PD,,Concerto,Orchestral,CELLO,Strings,Orchestral,INS.FAMILY | INS.INDIVIDUAL,1,medium
CLIP-1ECEC26BE1DE,audio/piano/A3.mp3 | audio/piano/B3.mp3,,,,,Generated from modules/melodic-intervals/interval-data.js,Uses bundled piano samples,,Generated ear-training interval,,Piano,,ascending Major 2nd,MEL.INTERVAL.NUMBER | MEL.INTERVAL.QUALITY,14,high
CLIP-1F2CE7B5C2FD,audio/piano/Cs4.mp3 | audio/piano/C4.mp3,,,,,Generated from modules/melodic-intervals/interval-data.js,Uses bundled piano samples,,Generated ear-training interval,,Piano,,descending Minor 2nd,MEL.INTERVAL.NUMBER | MEL.INTERVAL.QUALITY,2,high
CLIP-206AB2ADEA48,modules/texture-trainer/audio/TT058.mp3,,"J. S. Bach — Cello Suite No. 1 in G major, BWV 1007 — IV. Sarabande",,"John Michel, cello",https://commons.wikimedia.org/wiki/File:JOHN_MICHEL_CELLO-J_S_BACH_CELLO_SUITE_1_in_G_Sarabande.ogg,CC BY-SA 3.0,,Suite,,,,Monophonic texture,TEX.TYPE,1,high
CLIP-211E587E6C05,audio/piano/Gs3.mp3 | audio/piano/Cs3.mp3,,,,,Generated from modules/melodic-intervals/interval-data.js,Uses bundled piano samples,,Generated ear-training interval,,Piano,,descending Perfect 5th,MEL.INTERVAL.NUMBER | MEL.INTERVAL.QUALITY,6,high
CLIP-21531100A236,modules/texture-trainer/audio/TT027.mp3,,"J. S. Bach — The Well-Tempered Clavier, Book I: Fugue No. 10 in E minor, BWV 855",,Kimiko Ishizaka,"https://commons.wikimedia.org/wiki/File:Kimiko_Ishizaka_-_Bach_-_Well-Tempered_Clavier,_Book_1_-_20_Fugue_No._10_in_E_minor,_BWV_855.ogg",CC0 1.0,,Fugue,,,,Monophonic → fugal polyphony,TEX.TYPE,1,high
CLIP-2188810222C5,modules/instrument-identifier/audio/II065.mp3,Debussy,Cello Sonata (2) Serenade,,,MusOpen,PD,Twentieth century,Sonata,Piano Accomp.,CELLO,Strings,Piano Accomp.,INS.FAMILY | INS.INDIVIDUAL,1,high
CLIP-223625F52037,modules/instrument-identifier/audio/II141.mp3,Haydn,Trumpet Concerto HOB VIIe (3),,,MusOpen,PD,Classical,Concerto,Orchestral,TRUMPET,Brass,Orchestral,INS.FAMILY | INS.INDIVIDUAL,1,high
CLIP-2327F3193F69,audio/piano/D3.mp3 | audio/piano/B3.mp3,,,,,Generated from modules/melodic-intervals/interval-data.js,Uses bundled piano samples,,Generated ear-training interval,,Piano,,ascending Major 6th,MEL.INTERVAL.NUMBER | MEL.INTERVAL.QUALITY,11,high
CLIP-2329CF8B1986,audio/piano/F3.mp3 | audio/piano/G3.mp3,,,,,Generated from modules/melodic-intervals/interval-data.js,Uses bundled piano samples,,Generated ear-training interval,,Piano,,ascending Major 2nd,MEL.INTERVAL.NUMBER | MEL.INTERVAL.QUALITY,14,high
CLIP-235FF3C606AA,modules/melody-master/audio/melodic-devices/MDA037.mp3,Pyotr Ilyich Tchaikovsky,"Symphony No. 6 in B minor, Op. 74 ‘Pathétique’",II. Allegro con grazia,Musopen Symphony Orchestra,Musopen Collection hosted by Internet Archive,Public Domain Mark 1.0 / Musopen public-domain recording collection,Romantic,Symphony,,,,Melodic device,MEL.DEVICE,1,high
CLIP-238F53CC5FBB,modules/meter-master/audio/MTR014.mp3,,,,,https://imslp.org/wiki/Peer_Gynt_Suite_No.1%2C_Op.46_%28Grieg%2C_Edvard%29,,,,,,,Aural classification,RHY.METRE,2,high
CLIP-23DE5D1E8029,modules/texture-trainer/audio/TT079.mp3,,"Joseph Haydn — String Quartet in D major, Hob.III:63, Op.64 No.5 ‘The Lark’ — I. Allegro moderato",,Musopen String Quartet,https://archive.org/details/MusopenCollectionAsFlac,Public Domain Mark 1.0 / Musopen public-domain recording collection,,Chamber music,,,,Homophonic texture,TEX.ROLE | TEX.TYPE,1,high
CLIP-23E2D8976E58,modules/texture-trainer/audio/TT082.mp3,,"Joseph Haydn — String Quartet in D major, Hob.III:63, Op.64 No.5 ‘The Lark’ — II. Adagio cantabile",,Musopen String Quartet,https://archive.org/details/MusopenCollectionAsFlac,Public Domain Mark 1.0 / Musopen public-domain recording collection,,Chamber music,,,,Melody and accompaniment,TEX.ROLE | TEX.TYPE,1,high
CLIP-24ABDA5CDE9D,audio/piano/E3.mp3 | audio/piano/As3.mp3,,,,,Generated from modules/melodic-intervals/interval-data.js,Uses bundled piano samples,,Generated ear-training interval,,Piano,,ascending Diminished 5th,MEL.INTERVAL.NUMBER | MEL.INTERVAL.QUALITY,2,high
CLIP-24FC456F06B9,audio/piano/Fs3.mp3 | audio/piano/Cs3.mp3,,,,,Generated from modules/melodic-intervals/interval-data.js,Uses bundled piano samples,,Generated ear-training interval,,Piano,,descending Perfect 4th,MEL.INTERVAL.NUMBER | MEL.INTERVAL.QUALITY,7,high
CLIP-25A70E919D4B,modules/texture-trainer/audio/TT095.mp3,,"W. A. Mozart — Symphony No. 40 in G minor, K.550 — III. Menuetto",,Musopen Symphony Orchestra,https://archive.org/details/MusopenCollectionAsFlac,Public Domain Mark 1.0 / Musopen public-domain recording collection,,Symphony,,,,Homophonic chordal texture,TEX.TYPE,1,high
CLIP-25AA4211BCF1,audio/piano/Gs3.mp3 | audio/piano/E4.mp3,,,,,Generated from modules/melodic-intervals/interval-data.js,Uses bundled piano samples,,Generated ear-training interval,,Piano,,ascending Minor 6th,MEL.INTERVAL.NUMBER | MEL.INTERVAL.QUALITY,4,high
CLIP-25F4D9626BFA,modules/instrument-identifier/audio/II211.mp3,,Allegro - Rondeau,,,MusOpen,PD,,,Solo,TRUMPET,Brass,Solo,INS.FAMILY | INS.INDIVIDUAL,1,medium
CLIP-26956EAE642E,modules/texture-trainer/audio/TT010.mp3,,"F. Chopin — Prelude in C minor, Op. 28 No. 20",,Ivan Ilić,"https://commons.wikimedia.org/wiki/File:Chopin_-_Preludes,_Op._28_-_No._20_'Funeral_march'.ogg",CC BY 3.0,,Prelude,,,,Homophonic,TEX.ROLE | TEX.TYPE,1,high
CLIP-26ABA172BC96,audio/piano/C4.mp3 | audio/piano/F3.mp3,,,,,Generated from modules/melodic-intervals/interval-data.js,Uses bundled piano samples,,Generated ear-training interval,,Piano,,descending Perfect 5th,MEL.INTERVAL.NUMBER | MEL.INTERVAL.QUALITY,13,high
CLIP-26C631BAA9EC,modules/texture-trainer/audio/TT033.mp3,,"J. S. Bach — The Well-Tempered Clavier, Book I: Fugue No. 16 in G minor, BWV 861",,Kimiko Ishizaka,"https://commons.wikimedia.org/wiki/File:Kimiko_Ishizaka_-_Bach_-_Well-Tempered_Clavier,_Book_1_-_32_Fugue_No._16_in_G_minor,_BWV_861.ogg",CC0 1.0,,Fugue,,,,Monophonic → fugal polyphony,TEX.TYPE,1,high
CLIP-27234A7CB5C6,modules/instrument-identifier/audio/II100.mp3,Chopin,Cello Sonata Op.65 (3),,,MusOpen,PD,Romantic,Sonata,Piano Accomp.,CELLO,Strings,Piano Accomp.,INS.FAMILY | INS.INDIVIDUAL,1,high
CLIP-2763CD0157D9,modules/texture-trainer/audio/TT116.mp3,,Traditional — Frère Jacques – canon,,Flopinot2012,https://commons.wikimedia.org/wiki/File:Frere_Jacques_-_canon.ogg,CC BY-SA 3.0,,,,,,Canon,TEX.TYPE,1,medium
CLIP-27F5513303C0,audio/piano/Gs3.mp3 | audio/piano/D3.mp3,,,,,Generated from modules/melodic-intervals/interval-data.js,Uses bundled piano samples,,Generated ear-training interval,,Piano,,descending Augmented 4th,MEL.INTERVAL.NUMBER | MEL.INTERVAL.QUALITY,2,high
CLIP-285328251AAC,modules/instrument-identifier/audio/II268.mp3,,La Gracieuse (5) Napoltano,,,MusOpen,PD,,,Harpsichord,OBOE,Woodwind,Harpsichord,INS.FAMILY | INS.INDIVIDUAL,1,medium
CLIP-29124C7DADF3,modules/meter-master/audio/MTR001.mp3,,,,,https://imslp.org/wiki/Symphony_No.3%2C_Op.55_%28Beethoven%2C_Ludwig_van%29,,,,,,,Aural classification,RHY.METRE | RHY.TIME_SIGNATURE,2,high
CLIP-2969EC8B1C34,audio/piano/A3.mp3 | audio/piano/G3.mp3,,,,,Generated from modules/melodic-intervals/interval-data.js,Uses bundled piano samples,,Generated ear-training interval,,Piano,,descending Major 2nd,MEL.INTERVAL.NUMBER | MEL.INTERVAL.QUALITY,15,high
CLIP-29BF56FE2D6C,audio/piano/E3.mp3 | audio/piano/F3.mp3,,,,,Generated from modules/melodic-intervals/interval-data.js,Uses bundled piano samples,,Generated ear-training interval,,Piano,,ascending Minor 2nd,MEL.INTERVAL.NUMBER | MEL.INTERVAL.QUALITY,7,high
CLIP-2B1891BA07A3,audio/piano/D4.mp3 | audio/piano/G3.mp3,,,,,Generated from modules/melodic-intervals/interval-data.js,Uses bundled piano samples,,Generated ear-training interval,,Piano,,descending Perfect 5th,MEL.INTERVAL.NUMBER | MEL.INTERVAL.QUALITY,17,high
CLIP-2B5322F919D4,audio/piano/B3.mp3 | audio/piano/C3.mp3,,,,,Generated from modules/melodic-intervals/interval-data.js,Uses bundled piano samples,,Generated ear-training interval,,Piano,,descending Major 7th,MEL.INTERVAL.NUMBER | MEL.INTERVAL.QUALITY,6,high
CLIP-2B66A9196F3B,modules/instrument-identifier/audio/II041.mp3,Bach,Cello Suite No. 3 (6),,,MusOpen,PD,Baroque,Suite,Solo,CELLO,Strings,Solo,INS.FAMILY | INS.INDIVIDUAL,1,high
CLIP-2B9B42A266C6,modules/texture-trainer/audio/TT056.mp3,,"L. van Beethoven — Symphony No. 3 in E-flat major, Op. 55 ‘Eroica’ — III. Scherzo",,Musopen Symphony Orchestra,https://archive.org/details/MusopenCollectionAsFlac,Public Domain Mark 1.0 / Musopen public-domain recording collection,,Symphony,,,,Homophonic texture,TEX.ROLE | TEX.TYPE,1,high
CLIP-2C00B7CB77AF,modules/instrument-identifier/audio/II107.mp3,Bach,Suite No. 4 (Gigue),,,MusOpen,PD,Baroque,Suite,Solo,ACOUSTIC GUITAR,Strings,Solo,INS.FAMILY | INS.INDIVIDUAL,1,high
CLIP-2C0314D5DD91,audio/piano/E3.mp3 | audio/piano/Ds4.mp3,,,,,Generated from modules/melodic-intervals/interval-data.js,Uses bundled piano samples,,Generated ear-training interval,,Piano,,ascending Major 7th,MEL.INTERVAL.NUMBER | MEL.INTERVAL.QUALITY,2,high
CLIP-2C0E3996293E,modules/instrument-identifier/audio/II257.mp3,,Oboe Concerto BWV1055,,,MusOpen,PD,,Concerto,Orchestral,OBOE,Woodwind,Orchestral,INS.FAMILY | INS.INDIVIDUAL,1,high
CLIP-2C21446B6F93,audio/piano/E3.mp3 | audio/piano/D3.mp3,,,,,Generated from modules/melodic-intervals/interval-data.js,Uses bundled piano samples,,Generated ear-training interval,,Piano,,descending Major 2nd,MEL.INTERVAL.NUMBER | MEL.INTERVAL.QUALITY,14,high
CLIP-2CD6E549BFF9,audio/piano/C4.mp3 | audio/piano/D3.mp3,,,,,Generated from modules/melodic-intervals/interval-data.js,Uses bundled piano samples,,Generated ear-training interval,,Piano,,descending Minor 7th,MEL.INTERVAL.NUMBER | MEL.INTERVAL.QUALITY,14,high
CLIP-2CF444AE7DBC,modules/instrument-identifier/audio/II061.mp3,Elgar,Cello Concerto Op. 85 (4),,,MusOpen,PD,,Concerto,Orchestral,CELLO,Strings,Orchestral,INS.FAMILY | INS.INDIVIDUAL,1,medium
CLIP-2DC361124552,modules/instrument-identifier/audio/II099.mp3,Chopin,Cello Sonata Op.65 (3),,,MusOpen,PD,Romantic,Sonata,Piano Accomp.,CELLO,Strings,Piano Accomp.,INS.FAMILY | INS.INDIVIDUAL,1,high
CLIP-2E02BA2BFA7C,modules/instrument-identifier/audio/II035.mp3,Schumann,Marchenbilder Op. 113,,,MusOpen,PD,Romantic,,Piano Accomp.,VIOLA,Strings,Piano Accomp.,INS.FAMILY | INS.INDIVIDUAL,1,medium
CLIP-2EB8FA03E4FF,modules/texture-trainer/audio/TT093.mp3,,"W. A. Mozart — Symphony No. 40 in G minor, K.550 — II. Andante",,Musopen Symphony Orchestra,https://archive.org/details/MusopenCollectionAsFlac,Public Domain Mark 1.0 / Musopen public-domain recording collection,,Symphony,,,,Melody and accompaniment,TEX.ROLE | TEX.TYPE,1,high
CLIP-2F181EF25D62,modules/instrument-identifier/audio/II096.mp3,Beethoven,Cello Sonata Op. 69 (1),,,MusOpen,PD,Classical/Romantic transition,Sonata,Piano Accomp.,CELLO,Strings,Piano Accomp.,INS.FAMILY | INS.INDIVIDUAL,1,high
CLIP-2F21E7F7C090,audio/piano/D3.mp3 | audio/piano/F3.mp3,,,,,Generated from modules/melodic-intervals/interval-data.js,Uses bundled piano samples,,Generated ear-training interval,,Piano,,ascending Minor 3rd,MEL.INTERVAL.NUMBER | MEL.INTERVAL.QUALITY,12,high
CLIP-2FBCD147C45A,modules/instrument-identifier/audio/II164.mp3,von Weber,Clarinet Concerto Op. 73 (3),,,MusOpen,PD,,Concerto,Organ Accomp.,CLARINET,Woodwind,Organ Accomp.,INS.FAMILY | INS.INDIVIDUAL,1,medium
CLIP-2FDFE66B6323,audio/piano/As3.mp3 | audio/piano/As3.mp3,,,,,Generated from modules/melodic-intervals/interval-data.js,Uses bundled piano samples,,Generated ear-training interval,,Piano,,ascending Perfect unison,MEL.INTERVAL.NUMBER | MEL.INTERVAL.QUALITY,20,high
CLIP-3085A65022C0,modules/texture-trainer/audio/TT078.mp3,,"J. S. Bach — Partita in A minor for solo flute, BWV 1013 — III. Sarabande",,"Scott Goff, flute",https://commons.wikimedia.org/wiki/File:Bach_-_Partita_For_Solo_Flute_-_Modern_Flute_-_3._Sarabande.ogg,CC BY-SA 2.0 / EFF Open Audio-compatible,,,,,,Monophonic texture,TEX.TYPE,1,medium
CLIP-31028F514A54,modules/instrument-identifier/audio/II043.mp3,,Cello Sonata - 3 Finale,,,MusOpen,PD,,Sonata,Piano Accomp.,CELLO,Strings,Piano Accomp.,INS.FAMILY | INS.INDIVIDUAL,1,high
CLIP-313874FBC762,modules/texture-trainer/audio/TT111.mp3,,"J. S. Bach — Two-Part Invention No. 8, BWV 779",,Live piano recording,https://commons.wikimedia.org/wiki/File:J.S._Bach's_Invention_8_(BWV_779)_on_piano.ogg,CC0,,,,,,Simple polyphonic,TEX.TYPE,1,medium
CLIP-31903357C654,modules/instrument-identifier/audio/II143.mp3,Haydn,Trumpet Concerto HOB VIIe (3),,,MusOpen,PD,Classical,Concerto,Orchestral,TRUMPET,Brass,Orchestral,INS.FAMILY | INS.INDIVIDUAL,1,high
CLIP-320B0FD9BE64,audio/piano/A3.mp3 | audio/piano/Ds3.mp3,,,,,Generated from modules/melodic-intervals/interval-data.js,Uses bundled piano samples,,Generated ear-training interval,,Piano,,descending Augmented 4th,MEL.INTERVAL.NUMBER | MEL.INTERVAL.QUALITY,3,high
CLIP-322AD3A66CD0,audio/piano/Ds4.mp3 | audio/piano/G3.mp3,,,,,Generated from modules/melodic-intervals/interval-data.js,Uses bundled piano samples,,Generated ear-training interval,,Piano,,descending Minor 6th,MEL.INTERVAL.NUMBER | MEL.INTERVAL.QUALITY,7,high
CLIP-33403F045684,audio/piano/E4.mp3 | audio/piano/C4.mp3,,,,,Generated from modules/melodic-intervals/interval-data.js,Uses bundled piano samples,,Generated ear-training interval,,Piano,,descending Major 3rd,MEL.INTERVAL.NUMBER | MEL.INTERVAL.QUALITY,9,high
CLIP-33A49A248820,audio/piano/C3.mp3 | audio/piano/D3.mp3,,,,,Generated from modules/melodic-intervals/interval-data.js,Uses bundled piano samples,,Generated ear-training interval,,Piano,,ascending Major 2nd,MEL.INTERVAL.NUMBER | MEL.INTERVAL.QUALITY,15,high
CLIP-344A69365085,modules/texture-trainer/audio/TT130.mp3,,Thomas Tallis — Spem in alium – extract,,Janet Cardiff installation recording,https://commons.wikimedia.org/wiki/File:Spem_in_alium.ogg,CC BY-SA 3.0,,,,,,Advanced polyphonic,TEX.TYPE,1,medium
CLIP-345313403B34,modules/texture-trainer/audio/TT117.mp3,,Thomas Tallis — Tallis's Canon,,Makemi recording,https://commons.wikimedia.org/wiki/File:Tallis_Canon.ogg,CC BY-SA 3.0 / GFDL,,,,,,Simple polyphonic,TEX.TYPE,1,medium
CLIP-347F6711471E,modules/meter-master/audio/MTR019.mp3,,,,,https://imslp.org/wiki/String_Quartet_in_D_major%2C_Hob.III%3A63_%28Haydn%2C_Joseph%29,,,,,,,Discrimination,RHY.METRE,2,high
CLIP-34C418A52540,modules/melody-master/audio/melodic-devices/MDA027.mp3,Joseph Haydn,"String Quartet in D major, Hob.III:63, Op.64 No.5 ‘The Lark’",III. Menuetto,Musopen String Quartet,Musopen Collection hosted by Internet Archive,Public Domain Mark 1.0 / Musopen public-domain recording collection,Classical,Chamber music,,,,Melodic device,MEL.DEVICE,1,high
CLIP-34D1760E6ECF,audio/piano/C3.mp3 | audio/piano/C4.mp3,,,,,Generated from modules/melodic-intervals/interval-data.js,Uses bundled piano samples,,Generated ear-training interval,,Piano,,ascending Perfect octave,MEL.INTERVAL.NUMBER | MEL.INTERVAL.QUALITY,17,high
CLIP-35720CD161C2,audio/piano/As3.mp3 | audio/piano/F3.mp3,,,,,Generated from modules/melodic-intervals/interval-data.js,Uses bundled piano samples,,Generated ear-training interval,,Piano,,descending Perfect 4th,MEL.INTERVAL.NUMBER | MEL.INTERVAL.QUALITY,10,high
CLIP-35DF42429447,modules/instrument-identifier/audio/II232.mp3,,Concerto for Oboe and Orch.,,,MusOpen,PD,,Concerto,Orchestral,OBOE,Woodwind,Orchestral,INS.FAMILY | INS.INDIVIDUAL,1,high
CLIP-36541CB40FFF,modules/instrument-identifier/audio/II095.mp3,Beethoven,Cello Sonata Op. 69 (1),,,MusOpen,PD,Classical/Romantic transition,Sonata,Piano Accomp.,CELLO,Strings,Piano Accomp.,INS.FAMILY | INS.INDIVIDUAL,1,high
CLIP-36921F8C2C62,modules/instrument-identifier/audio/II129.mp3,Bottesini,Double Bass Concerto No. 2 (1),,,MusOpen,PD,,Concerto,Orchestral,DOUBLE BASS,Strings,Orchestral,INS.FAMILY | INS.INDIVIDUAL,1,medium
CLIP-369CA710A8B5,audio/piano/G3.mp3 | audio/piano/G3.mp3,,,,,Generated from modules/melodic-intervals/interval-data.js,Uses bundled piano samples,,Generated ear-training interval,,Piano,,ascending Perfect unison,MEL.INTERVAL.NUMBER | MEL.INTERVAL.QUALITY,39,high
CLIP-36D960DB602A,audio/piano/A3.mp3 | audio/piano/F3.mp3,,,,,Generated from modules/melodic-intervals/interval-data.js,Uses bundled piano samples,,Generated ear-training interval,,Piano,,descending Major 3rd,MEL.INTERVAL.NUMBER | MEL.INTERVAL.QUALITY,9,high
CLIP-3781A65DBAE6,audio/piano/As3.mp3 | audio/piano/Ds4.mp3,,,,,Generated from modules/melodic-intervals/interval-data.js,Uses bundled piano samples,,Generated ear-training interval,,Piano,,ascending Perfect 4th,MEL.INTERVAL.NUMBER | MEL.INTERVAL.QUALITY,7,high
CLIP-37A7379871C1,modules/instrument-identifier/audio/II118.mp3,,Op. 5 No.2 (2),,,MusOpen,PD,,,Piano Accomp.,CELLO,Strings,Piano Accomp.,INS.FAMILY | INS.INDIVIDUAL,1,medium
CLIP-385B207ACD7E,modules/texture-trainer/audio/TT068.mp3,,"J. S. Bach — Partita in A minor for solo flute, BWV 1013 — I. Allemande",,"Scott Goff, flute",https://commons.wikimedia.org/wiki/File:Bach_-_Partita_For_Solo_Flute_-_Modern_Flute_-_1._Allemande.ogg,CC BY-SA 2.0 / EFF Open Audio-compatible,,,,,,Monophonic texture,TEX.TYPE,1,medium
CLIP-38BA71B3507B,modules/texture-trainer/audio/TT134.mp3,,William Byrd — Mass for Four Voices – Sanctus,,Ensemble Morales,https://commons.wikimedia.org/wiki/File:Byrd_4-Part_Mass_-_Sanctus.ogg,CC BY 3.0,,Sacred choral,,,,Advanced polyphonic,TEX.TYPE,1,high
CLIP-391DE188E382,audio/piano/D4.mp3 | audio/piano/As3.mp3,,,,,Generated from modules/melodic-intervals/interval-data.js,Uses bundled piano samples,,Generated ear-training interval,,Piano,,descending Major 3rd,MEL.INTERVAL.NUMBER | MEL.INTERVAL.QUALITY,8,high
CLIP-3986F4D1EC56,audio/piano/B3.mp3 | audio/piano/E4.mp3,,,,,Generated from modules/melodic-intervals/interval-data.js,Uses bundled piano samples,,Generated ear-training interval,,Piano,,ascending Perfect 4th,MEL.INTERVAL.NUMBER | MEL.INTERVAL.QUALITY,14,high
CLIP-39A78E100F57,modules/instrument-identifier/audio/II121.mp3,Bottesini,Double Bass Concerto No. 2 (2),,,MusOpen,PD,,Concerto,Orchestral,DOUBLE BASS,Strings,Orchestral,INS.FAMILY | INS.INDIVIDUAL,1,medium
CLIP-3A43794AE92E,modules/instrument-identifier/audio/II092.mp3,Beethoven,Cello Sonata Op. 69 (3),,,MusOpen,PD,Classical/Romantic transition,Sonata,Piano Accomp.,CELLO,Strings,Piano Accomp.,INS.FAMILY | INS.INDIVIDUAL,1,high
CLIP-3A5C04740CDB,modules/texture-trainer/audio/TT140.mp3,,Scottish traditional — The Skye Boat Song,,Clan Stewart Pipe Band,https://commons.wikimedia.org/wiki/File:Skye_Boat_Song.ogg,CC BY-SA 2.0 / EFF Open Audio Licence,,Song,,,,Pedal / drone,TEX.TYPE,1,high
CLIP-3AA5815D2BB3,audio/piano/E4.mp3 | audio/piano/D4.mp3,,,,,Generated from modules/melodic-intervals/interval-data.js,Uses bundled piano samples,,Generated ear-training interval,,Piano,,descending Major 2nd,MEL.INTERVAL.NUMBER | MEL.INTERVAL.QUALITY,14,high
CLIP-3ACFF6CE24F8,modules/instrument-identifier/audio/II221.mp3,Andersen,24 Etudes for Flute Op. 15 (6),,,MusOpen,PD,,Study,Solo,FLUTE,Woodwind,Solo,INS.FAMILY | INS.INDIVIDUAL,1,medium
CLIP-3B0B57D23E49,modules/instrument-identifier/audio/II060.mp3,Elgar,Cello Concerto Op. 85 (4),,,MusOpen,PD,,Concerto,Orchestral,CELLO,Strings,Orchestral,INS.FAMILY | INS.INDIVIDUAL,1,medium
CLIP-3C4FCDB588CA,audio/piano/Cs3.mp3 | audio/piano/Gs3.mp3,,,,,Generated from modules/melodic-intervals/interval-data.js,Uses bundled piano samples,,Generated ear-training interval,,Piano,,ascending Perfect 5th,MEL.INTERVAL.NUMBER | MEL.INTERVAL.QUALITY,6,high
CLIP-3C7878B63AF9,modules/instrument-identifier/audio/II044.mp3,,Cello Sonata - 3 Finale,,,MusOpen,PD,,Sonata,Piano Accomp.,CELLO,Strings,Piano Accomp.,INS.FAMILY | INS.INDIVIDUAL,1,high
CLIP-3CC8E09A2CA9,modules/melody-master/audio/melodic-devices/MDA015.mp3,Johannes Brahms,"Symphony No. 4 in E minor, Op. 98",III. Allegro giocoso,Musopen Symphony Orchestra,Musopen Collection hosted by Internet Archive,Public Domain Mark 1.0 / Musopen public-domain recording collection,Romantic,Symphony,,,,Melodic device,MEL.DEVICE,1,high
CLIP-3CD1AABF08E3,modules/instrument-identifier/audio/II229.mp3,,2 Siciliano Rondeau Arr.,,,MusOpen,PD,,,Solo,TRUMPET,Brass,Solo,INS.FAMILY | INS.INDIVIDUAL,1,medium
CLIP-3D32DE59AFED,modules/melody-master/audio/melodic-devices/MDA008.mp3,Beethoven,"Symphony no. 6 in F major, Op. 68 'Pastoral'",II. Andante molto mosso,European Archive,Existing EchoAural Melody Master,PDM 1.0,Classical/Romantic transition,Symphony,,,,Melodic device,MEL.DEVICE,1,high
CLIP-3DF3A674EC78,audio/piano/G3.mp3 | audio/piano/E3.mp3,,,,,Generated from modules/melodic-intervals/interval-data.js,Uses bundled piano samples,,Generated ear-training interval,,Piano,,descending Minor 3rd,MEL.INTERVAL.NUMBER | MEL.INTERVAL.QUALITY,12,high
CLIP-3E4F16754582,modules/texture-trainer/audio/TT043.mp3,,"G. F. Handel — Messiah, HWV 56 — 37. The Lord Gave the Word",,MIT Concert Choir; directed by William C. Cutter,https://commons.wikimedia.org/wiki/File:Handel_-_messiah_-_37_the_lord_gave_the_word.ogg,CC BY-SA 2.0,,,,,,Thin texture → full choral texture,TEX.TYPE,1,medium
CLIP-3E7A1A5AD123,modules/meter-master/audio/MTR003.mp3,,,,,https://imslp.org/wiki/Symphony_No.3%2C_Op.55_%28Beethoven%2C_Ludwig_van%29,,,,,,,Aural classification,RHY.METRE,2,high
CLIP-3E816ACAF811,modules/instrument-identifier/audio/II230.mp3,,2 Siciliano Rondeau Arr.,,,MusOpen,PD,,,Solo,TRUMPET,Brass,Solo,INS.FAMILY | INS.INDIVIDUAL,1,medium
CLIP-3EAB9ED166F6,modules/instrument-identifier/audio/II028.mp3,,Sarabande,,,MusOpen,PD,,,Solo,VIOLIN,Strings,Solo,INS.FAMILY | INS.INDIVIDUAL,1,medium
CLIP-3EAD4854A69E,modules/instrument-identifier/audio/II208.mp3,,Allegro - Rondeau,,,MusOpen,PD,,,Solo,TRUMPET,Brass,Solo,INS.FAMILY | INS.INDIVIDUAL,1,medium
CLIP-3EE7AA59E4B0,modules/instrument-identifier/audio/II074.mp3,Bach,Cello Suite No.3 (1),,,MusOpen,PD,Baroque,Suite,Solo,CELLO,Strings,Solo,INS.FAMILY | INS.INDIVIDUAL,1,high
CLIP-3EFA80723BD7,modules/instrument-identifier/audio/II078.mp3,Chopin,Cello Sonata Op.65 (1),,,MusOpen,PD,Romantic,Sonata,Orchestral,CELLO,Strings,Orchestral,INS.FAMILY | INS.INDIVIDUAL,1,high
CLIP-3F73207F8391,audio/piano/Ds4.mp3 | audio/piano/Ds4.mp3,,,,,Generated from modules/melodic-intervals/interval-data.js,Uses bundled piano samples,,Generated ear-training interval,,Piano,,ascending Perfect unison,MEL.INTERVAL.NUMBER | MEL.INTERVAL.QUALITY,18,high
CLIP-3F823C7CC92C,audio/piano/Ds3.mp3 | audio/piano/Gs3.mp3,,,,,Generated from modules/melodic-intervals/interval-data.js,Uses bundled piano samples,,Generated ear-training interval,,Piano,,ascending Perfect 4th,MEL.INTERVAL.NUMBER | MEL.INTERVAL.QUALITY,6,high
CLIP-3FBF373E58E8,modules/texture-trainer/audio/TT054.mp3,,"L. van Beethoven — Symphony No. 3 in E-flat major, Op. 55 ‘Eroica’ — IV. Finale",,Musopen Symphony Orchestra,https://archive.org/details/MusopenCollectionAsFlac,Public Domain Mark 1.0 / Musopen public-domain recording collection,,Symphony,,,,Polyphonic texture,TEX.TYPE,1,high
CLIP-4005AEB24617,audio/piano/E3.mp3 | audio/piano/C3.mp3,,,,,Generated from modules/melodic-intervals/interval-data.js,Uses bundled piano samples,,Generated ear-training interval,,Piano,,descending Major 3rd,MEL.INTERVAL.NUMBER | MEL.INTERVAL.QUALITY,9,high
CLIP-40174255572C,audio/piano/As3.mp3 | audio/piano/Cs3.mp3,,,,,Generated from modules/melodic-intervals/interval-data.js,Uses bundled piano samples,,Generated ear-training interval,,Piano,,descending Major 6th,MEL.INTERVAL.NUMBER | MEL.INTERVAL.QUALITY,2,high
CLIP-406258F99D41,audio/piano/C4.mp3 | audio/piano/As3.mp3,,,,,Generated from modules/melodic-intervals/interval-data.js,Uses bundled piano samples,,Generated ear-training interval,,Piano,,descending Major 2nd,MEL.INTERVAL.NUMBER | MEL.INTERVAL.QUALITY,10,high
CLIP-408AF91DE1FD,modules/texture-trainer/audio/TT132.mp3,,William Byrd — Mass for Four Voices – Credo,,Ensemble Morales,https://commons.wikimedia.org/wiki/File:Byrd_4-Part_Mass_-_Credo.ogg,CC BY 3.0,,Sacred choral,,,,Advanced polyphonic,TEX.TYPE,1,high
CLIP-416BBD5A1F0E,audio/piano/F3.mp3 | audio/piano/E3.mp3,,,,,Generated from modules/melodic-intervals/interval-data.js,Uses bundled piano samples,,Generated ear-training interval,,Piano,,descending Minor 2nd,MEL.INTERVAL.NUMBER | MEL.INTERVAL.QUALITY,6,high
CLIP-421F46094C80,modules/instrument-identifier/audio/II023.mp3,Bach,Double Violin Concerto,,,MusOpen,PD,Baroque,Concerto,Orchestral,VIOLIN,Strings,Orchestral,INS.FAMILY | INS.INDIVIDUAL,1,high
CLIP-42580DC569B8,modules/melody-master/audio/melodic-devices/MDA022.mp3,Edvard Grieg,"Peer Gynt Suite No. 1, Op. 46",II. The Death of Åse,Musopen Symphony Orchestra,Musopen Collection hosted by Internet Archive,Public Domain Mark 1.0 / Musopen public-domain recording collection,Romantic,Suite,,,,Melodic device,MEL.DEVICE,1,high
CLIP-4269B3B5E0B5,audio/piano/B3.mp3 | audio/piano/D3.mp3,,,,,Generated from modules/melodic-intervals/interval-data.js,Uses bundled piano samples,,Generated ear-training interval,,Piano,,descending Major 6th,MEL.INTERVAL.NUMBER | MEL.INTERVAL.QUALITY,11,high
CLIP-42A26B1CE7F3,modules/instrument-identifier/audio/II147.mp3,Mozart,Horn Concerto K142 (1),,,MusOpen,PD,Classical,Concerto,Orchestral,FRENCH HORN,Brass,Orchestral,INS.FAMILY | INS.INDIVIDUAL,1,high
CLIP-42C8FF439A0F,modules/melody-master/audio/melodic-devices/MDA017.mp3,Antonín Dvořák,"String Quartet No. 12 in F major, Op. 96 ‘American’",I. Allegro ma non troppo,Musopen String Quartet,Musopen Collection hosted by Internet Archive,Public Domain Mark 1.0 / Musopen public-domain recording collection,,Chamber music,,,,Melodic device,MEL.DEVICE,1,medium
CLIP-4396464E26E9,modules/texture-trainer/audio/TT032.mp3,,"J. S. Bach — The Well-Tempered Clavier, Book I: Fugue No. 15 in G major, BWV 860",,Kimiko Ishizaka,"https://commons.wikimedia.org/wiki/File:Kimiko_Ishizaka_-_Bach_-_Well-Tempered_Clavier,_Book_1_-_30_Fugue_No._15_in_G_major,_BWV_860.ogg",CC0 1.0,,Fugue,,,,Monophonic → fugal polyphony,TEX.TYPE,1,high
CLIP-43BEEA988951,modules/instrument-identifier/audio/II153.mp3,von Weber,Clarinet Concerto Op. 73 (2),,,MusOpen,PD,,Concerto,Orchestral,CLARINET,Woodwind,Orchestral,INS.FAMILY | INS.INDIVIDUAL,1,medium
CLIP-4496388612F7,modules/instrument-identifier/audio/II217.mp3,Kuhlau,3 Fantasies Op. 38 No.1,,,MusOpen,PD,,,Solo,FLUTE,Woodwind,Solo,INS.FAMILY | INS.INDIVIDUAL,1,medium
CLIP-453FE3DB5970,modules/instrument-identifier/audio/II243.mp3,Telemann,Oboe Concerto TWV 51,,,MusOpen,PD,Baroque,Concerto,Orchestral,OBOE,Woodwind,Orchestral,INS.FAMILY | INS.INDIVIDUAL,1,high
CLIP-45567A041FB9,modules/instrument-identifier/audio/II284.mp3,,Oboe Concerto HWV 302,,,MusOpen,PD,,Concerto,Orchestral,OBOE,Woodwind,Orchestral,INS.FAMILY | INS.INDIVIDUAL,1,high
CLIP-45E4DA13B791,audio/piano/Fs3.mp3 | audio/piano/Fs3.mp3,,,,,Generated from modules/melodic-intervals/interval-data.js,Uses bundled piano samples,,Generated ear-training interval,,Piano,,ascending Perfect unison,MEL.INTERVAL.NUMBER | MEL.INTERVAL.QUALITY,20,high
CLIP-460D4D6F8C73,modules/texture-trainer/audio/TT118.mp3,,"W. A. Mozart — Sonata for Two Pianos in D major, K. 448 – first movement",,Commons live recording,https://commons.wikimedia.org/wiki/File:Mozart_K448.ogg,CC BY-SA 3.0 / GFDL,,Sonata,,,,Simple polyphonic,TEX.TYPE,1,high
CLIP-4664C02F7F3E,modules/instrument-identifier/audio/II282.mp3,,Oboe Concerto HWV 302,,,MusOpen,PD,,Concerto,Orchestral,OBOE,Woodwind,Orchestral,INS.FAMILY | INS.INDIVIDUAL,1,high
CLIP-4676386D9EB9,audio/piano/A3.mp3 | audio/piano/Cs3.mp3,,,,,Generated from modules/melodic-intervals/interval-data.js,Uses bundled piano samples,,Generated ear-training interval,,Piano,,descending Minor 6th,MEL.INTERVAL.NUMBER | MEL.INTERVAL.QUALITY,7,high
CLIP-47108A11ECD6,modules/texture-trainer/audio/TT050.mp3,,"L. van Beethoven — Symphony No. 3 in E-flat major, Op. 55 ‘Eroica’ — I. Allegro con brio",,Musopen Symphony Orchestra,https://archive.org/details/MusopenCollectionAsFlac,Public Domain Mark 1.0 / Musopen public-domain recording collection,,Symphony,,,,Homophonic chordal texture,TEX.ROLE | TEX.TYPE,1,high
CLIP-476AD11F16E8,modules/instrument-identifier/audio/II063.mp3,Debussy,Cello Sonata (2) Serenade,,,MusOpen,PD,Twentieth century,Sonata,Piano Accomp.,CELLO,Strings,Piano Accomp.,INS.FAMILY | INS.INDIVIDUAL,1,high
CLIP-47B122EC23DC,modules/texture-trainer/audio/TT025.mp3,,"J. S. Bach — The Well-Tempered Clavier, Book I: Fugue No. 8 in D-sharp minor, BWV 853",,Kimiko Ishizaka,"https://commons.wikimedia.org/wiki/File:Kimiko_Ishizaka_-_Bach_-_Well-Tempered_Clavier,_Book_1_-_16_Fugue_No._8_in_D-sharp_minor,_BWV_853.ogg",CC0 1.0,,Fugue,,,,Monophonic → fugal polyphony,TEX.TYPE,1,high
CLIP-47D7D98369F9,modules/instrument-identifier/audio/II115.mp3,Beethoven,Cello Sonata Op. 69 (2),,,MusOpen,PD,Classical/Romantic transition,Sonata,Piano Accomp.,CELLO,Strings,Piano Accomp.,INS.FAMILY | INS.INDIVIDUAL,1,high
CLIP-4854131DD101,audio/piano/D3.mp3 | audio/piano/C3.mp3,,,,,Generated from modules/melodic-intervals/interval-data.js,Uses bundled piano samples,,Generated ear-training interval,,Piano,,descending Major 2nd,MEL.INTERVAL.NUMBER | MEL.INTERVAL.QUALITY,14,high
CLIP-487EFDB64270,modules/instrument-identifier/audio/II140.mp3,Haydn,Trumpet Concerto HOB VIIe (3),,,MusOpen,PD,Classical,Concerto,Orchestral,TRUMPET,Brass,Orchestral,INS.FAMILY | INS.INDIVIDUAL,1,high
CLIP-48E27688FE57,modules/instrument-identifier/audio/II223.mp3,CPE Bach,Flute Sonata H562 (1),,,MusOpen,PD,Baroque,Sonata,Solo,FLUTE,Woodwind,Solo,INS.FAMILY | INS.INDIVIDUAL,1,high
CLIP-48F13861151B,modules/instrument-identifier/audio/II008.mp3,Bach,Partita No.2 BWV 1004 (5),,,MusOpen,PD,Baroque,,Solo,VIOLIN,Strings,Solo,INS.FAMILY | INS.INDIVIDUAL,1,medium
CLIP-4A359D3AA48D,modules/instrument-identifier/audio/II135.mp3,Haydn,Trumpet Concerto HOB VIIe (1),,,MusOpen,PD,Classical,Concerto,Orchestral,TRUMPET,Brass,Orchestral,INS.FAMILY | INS.INDIVIDUAL,1,high
CLIP-4A4A80174AE2,modules/instrument-identifier/audio/II168.mp3,,Clarinet Concerto,,,MusOpen,PD,,Concerto,Organ Accomp.,CLARINET,Woodwind,Organ Accomp.,INS.FAMILY | INS.INDIVIDUAL,1,high
CLIP-4A5FAF4D271C,modules/instrument-identifier/audio/II180.mp3,Mozart,Clarinet Concerto K662,,,MusOpen,PD,Classical,Concerto,Orchestral,CLARINET,Woodwind,Orchestral,INS.FAMILY | INS.INDIVIDUAL,1,high
CLIP-4AB38AFAE388,modules/texture-trainer/audio/TT037.mp3,,"G. F. Handel — Messiah, HWV 56 — 1. Sinfony",,MIT Concert Choir; directed by William C. Cutter,https://commons.wikimedia.org/wiki/File:Handel_-_messiah_-_01_sinfony.ogg,CC BY-SA 2.0,,,,,,Homophonic texture,TEX.ROLE | TEX.TYPE,1,medium
CLIP-4AC509496742,modules/instrument-identifier/audio/II103.mp3,Bach,Suite No. 4 (3),,,MusOpen,PD,Baroque,Suite,Solo,CELLO,Strings,Solo,INS.FAMILY | INS.INDIVIDUAL,1,high
CLIP-4B14662FEA29,modules/melody-master/audio/melodic-devices/MDA024.mp3,Edvard Grieg,"Peer Gynt Suite No. 1, Op. 46",IV. In the Hall of the Mountain King,Musopen Symphony Orchestra,Musopen Collection hosted by Internet Archive,Public Domain Mark 1.0 / Musopen public-domain recording collection,Romantic,Suite,,,,Melodic device,MEL.DEVICE,1,high
CLIP-4B4FFFB4CD09,modules/meter-master/audio/MTR015.mp3,,,,,https://imslp.org/wiki/Peer_Gynt_Suite_No.1%2C_Op.46_%28Grieg%2C_Edvard%29,,,,,,,Aural classification,RHY.METRE | RHY.TIME_SIGNATURE,2,high
CLIP-4B7BD05024F8,audio/piano/D3.mp3 | audio/piano/Ds3.mp3,,,,,Generated from modules/melodic-intervals/interval-data.js,Uses bundled piano samples,,Generated ear-training interval,,Piano,,ascending Minor 2nd,MEL.INTERVAL.NUMBER | MEL.INTERVAL.QUALITY,5,high
CLIP-4C4CF8BF6643,audio/piano/G3.mp3 | audio/piano/D4.mp3,,,,,Generated from modules/melodic-intervals/interval-data.js,Uses bundled piano samples,,Generated ear-training interval,,Piano,,ascending Perfect 5th,MEL.INTERVAL.NUMBER | MEL.INTERVAL.QUALITY,18,high
CLIP-4C7F459EAC0D,audio/piano/E3.mp3 | audio/piano/Cs4.mp3,,,,,Generated from modules/melodic-intervals/interval-data.js,Uses bundled piano samples,,Generated ear-training interval,,Piano,,ascending Major 6th,MEL.INTERVAL.NUMBER | MEL.INTERVAL.QUALITY,7,high
CLIP-4CC36BBE4D41,audio/piano/A3.mp3 | audio/piano/E4.mp3,,,,,Generated from modules/melodic-intervals/interval-data.js,Uses bundled piano samples,,Generated ear-training interval,,Piano,,ascending Perfect 5th,MEL.INTERVAL.NUMBER | MEL.INTERVAL.QUALITY,17,high
CLIP-4D8E159595EE,modules/instrument-identifier/audio/II236.mp3,,Concerto for Oboe and Orch.,,,MusOpen,PD,,Concerto,Orchestral,OBOE,Woodwind,Orchestral,INS.FAMILY | INS.INDIVIDUAL,1,high
CLIP-4D99BCB14373,modules/texture-trainer/audio/TT098.mp3,,"Pyotr Ilyich Tchaikovsky — Symphony No. 6 in B minor, Op. 74 ‘Pathétique’ — III. Allegro molto vivace",,Musopen Symphony Orchestra,https://archive.org/details/MusopenCollectionAsFlac,Public Domain Mark 1.0 / Musopen public-domain recording collection,,Symphony,,,,Homophonic texture,TEX.ROLE | TEX.TYPE,1,high
CLIP-4DFFD26408F6,modules/instrument-identifier/audio/II265.mp3,,Chansonette,,,MusOpen,PD,,,Piano Accomp.,OBOE,Woodwind,Piano Accomp.,INS.FAMILY | INS.INDIVIDUAL,1,medium
CLIP-4E49851F08A7,audio/piano/Cs3.mp3 | audio/piano/F3.mp3,,,,,Generated from modules/melodic-intervals/interval-data.js,Uses bundled piano samples,,Generated ear-training interval,,Piano,,ascending Major 3rd,MEL.INTERVAL.NUMBER | MEL.INTERVAL.QUALITY,2,high
CLIP-4E9AE763AD2A,audio/piano/C4.mp3 | audio/piano/Fs3.mp3,,,,,Generated from modules/melodic-intervals/interval-data.js,Uses bundled piano samples,,Generated ear-training interval,,Piano,,descending Diminished 5th,MEL.INTERVAL.NUMBER | MEL.INTERVAL.QUALITY,2,high
CLIP-4EE3AA2514D4,modules/instrument-identifier/audio/II225.mp3,CPE Bach,Flute Sonata H562 (1),,,MusOpen,PD,Baroque,Sonata,Solo,FLUTE,Woodwind,Solo,INS.FAMILY | INS.INDIVIDUAL,1,high
CLIP-4F5E8F8A74FE,modules/instrument-identifier/audio/II238.mp3,,Concerto for Oboe and Orch.,,,MusOpen,PD,,Concerto,Orchestral,OBOE,Woodwind,Orchestral,INS.FAMILY | INS.INDIVIDUAL,1,high
CLIP-4FBBB1E3EC4C,modules/instrument-identifier/audio/II166.mp3,,Clarinet Concerto,,,MusOpen,PD,,Concerto,Organ Accomp.,CLARINET,Woodwind,Organ Accomp.,INS.FAMILY | INS.INDIVIDUAL,1,high
CLIP-504F90757D50,modules/instrument-identifier/audio/II071.mp3,Vivaldi,Sonata No. 5 (3),,,MusOpen,PD,Baroque,Sonata,Harpsichord,CELLO,Strings,Harpsichord,INS.FAMILY | INS.INDIVIDUAL,1,high
CLIP-50D7D774C9E3,modules/instrument-identifier/audio/II239.mp3,,Concerto for Oboe and Orch.,,,MusOpen,PD,,Concerto,Orchestral,OBOE,Woodwind,Orchestral,INS.FAMILY | INS.INDIVIDUAL,1,high
CLIP-51070B8928DB,modules/melody-master/audio/melodic-devices/MDA038.mp3,Pyotr Ilyich Tchaikovsky,"Symphony No. 6 in B minor, Op. 74 ‘Pathétique’",III. Allegro molto vivace,Musopen Symphony Orchestra,Musopen Collection hosted by Internet Archive,Public Domain Mark 1.0 / Musopen public-domain recording collection,Romantic,Symphony,,,,Melodic device,MEL.DEVICE,1,high
CLIP-5188F36C5EA1,audio/piano/E3.mp3 | audio/piano/D4.mp3,,,,,Generated from modules/melodic-intervals/interval-data.js,Uses bundled piano samples,,Generated ear-training interval,,Piano,,ascending Minor 7th,MEL.INTERVAL.NUMBER | MEL.INTERVAL.QUALITY,14,high
CLIP-51B6C75DC2BD,modules/texture-trainer/audio/TT057.mp3,,"Johannes Brahms — Symphony No. 4 in E minor, Op. 98 — IV. Allegro energico e passionato",,Musopen Symphony Orchestra,https://archive.org/details/MusopenCollectionAsFlac,Public Domain Mark 1.0 / Musopen public-domain recording collection,,Symphony,,,,Homophonic texture,TEX.ROLE | TEX.TYPE,1,high
CLIP-51F4EA1BE573,audio/piano/B3.mp3 | audio/piano/G3.mp3,,,,,Generated from modules/melodic-intervals/interval-data.js,Uses bundled piano samples,,Generated ear-training interval,,Piano,,descending Major 3rd,MEL.INTERVAL.NUMBER | MEL.INTERVAL.QUALITY,9,high
CLIP-51FFEE4585B5,audio/piano/Ds4.mp3 | audio/piano/Ds3.mp3,,,,,Generated from modules/melodic-intervals/interval-data.js,Uses bundled piano samples,,Generated ear-training interval,,Piano,,descending Perfect octave,MEL.INTERVAL.NUMBER | MEL.INTERVAL.QUALITY,9,high
CLIP-5209AD0016B3,modules/instrument-identifier/audio/II090.mp3,Beethoven,Cello Sonata Op. 69 (3),,,MusOpen,PD,Classical/Romantic transition,Sonata,Piano Accomp.,CELLO,Strings,Piano Accomp.,INS.FAMILY | INS.INDIVIDUAL,1,high
CLIP-53063E1776A2,audio/piano/E4.mp3 | audio/piano/Gs3.mp3,,,,,Generated from modules/melodic-intervals/interval-data.js,Uses bundled piano samples,,Generated ear-training interval,,Piano,,descending Minor 6th,MEL.INTERVAL.NUMBER | MEL.INTERVAL.QUALITY,4,high
CLIP-5335CB74B95E,modules/instrument-identifier/audio/II250.mp3,,Oboe Concerto F minor,,,MusOpen,PD,,Concerto,Orchestral,OBOE,Woodwind,Orchestral,INS.FAMILY | INS.INDIVIDUAL,1,high
CLIP-537A2D5CF5E5,modules/texture-trainer/audio/TT122.mp3,,Balinese traditional — Gendér Wayang,,Historic 1928 gamelan recording,https://commons.wikimedia.org/wiki/File:Gend%C3%A9r_Wayang_(1928).ogg,Public domain,,,,,,Heterophonic,TEX.TYPE,1,medium
CLIP-53D206882ACF,audio/piano/Cs4.mp3 | audio/piano/G3.mp3,,,,,Generated from modules/melodic-intervals/interval-data.js,Uses bundled piano samples,,Generated ear-training interval,,Piano,,descending Augmented 4th,MEL.INTERVAL.NUMBER | MEL.INTERVAL.QUALITY,3,high
CLIP-5463C2CAB12A,audio/piano/D3.mp3 | audio/piano/Fs3.mp3,,,,,Generated from modules/melodic-intervals/interval-data.js,Uses bundled piano samples,,Generated ear-training interval,,Piano,,ascending Major 3rd,MEL.INTERVAL.NUMBER | MEL.INTERVAL.QUALITY,8,high
CLIP-54AE2272D186,audio/piano/Fs3.mp3 | audio/piano/D4.mp3,,,,,Generated from modules/melodic-intervals/interval-data.js,Uses bundled piano samples,,Generated ear-training interval,,Piano,,ascending Minor 6th,MEL.INTERVAL.NUMBER | MEL.INTERVAL.QUALITY,8,high
CLIP-54CA39D22D73,modules/texture-trainer/audio/TT091.mp3,,"W. A. Mozart — Symphony No. 40 in G minor, K.550 — I. Molto allegro",,Musopen Symphony Orchestra,https://archive.org/details/MusopenCollectionAsFlac,Public Domain Mark 1.0 / Musopen public-domain recording collection,,Symphony,,,,Homophonic texture,TEX.ROLE | TEX.TYPE,1,high
CLIP-550AFF24F04A,audio/piano/A3.mp3 | audio/piano/D3.mp3,,,,,Generated from modules/melodic-intervals/interval-data.js,Uses bundled piano samples,,Generated ear-training interval,,Piano,,descending Perfect 5th,MEL.INTERVAL.NUMBER | MEL.INTERVAL.QUALITY,17,high
CLIP-557B6C58C628,modules/meter-master/audio/MTR024.mp3,,,,,https://imslp.org/wiki/Symphony_No.4%2C_Op.90_%28Mendelssohn%2C_Felix%29,,,,,,,Notation vocabulary,RHY.METRE,2,high
CLIP-55D4282CCD22,modules/instrument-identifier/audio/II228.mp3,,2 Siciliano Rondeau Arr.,,,MusOpen,PD,,,Solo,TRUMPET,Brass,Solo,INS.FAMILY | INS.INDIVIDUAL,1,medium
CLIP-56C93B48E3B9,modules/instrument-identifier/audio/II019.mp3,Beethoven,Violin Sonata No. 5 Spring (1),,,MusOpen,PD,Classical/Romantic transition,Sonata,Piano Accomp.,VIOLIN,Strings,Piano Accomp.,INS.FAMILY | INS.INDIVIDUAL,1,high
CLIP-56E94FD0FE5C,modules/instrument-identifier/audio/II091.mp3,Beethoven,Cello Sonata Op. 69 (3),,,MusOpen,PD,Classical/Romantic transition,Sonata,Piano Accomp.,CELLO,Strings,Piano Accomp.,INS.FAMILY | INS.INDIVIDUAL,1,high
CLIP-576391C6A154,modules/instrument-identifier/audio/II105.mp3,Bach,Suite No. 4 (Bouree),,,MusOpen,PD,Baroque,Suite,Solo,ACOUSTIC GUITAR,Strings,Solo,INS.FAMILY | INS.INDIVIDUAL,1,high
CLIP-577311A94ECC,audio/piano/Gs3.mp3 | audio/piano/Ds3.mp3,,,,,Generated from modules/melodic-intervals/interval-data.js,Uses bundled piano samples,,Generated ear-training interval,,Piano,,descending Perfect 4th,MEL.INTERVAL.NUMBER | MEL.INTERVAL.QUALITY,6,high
CLIP-57A148C6D30C,audio/piano/B3.mp3 | audio/piano/A3.mp3,,,,,Generated from modules/melodic-intervals/interval-data.js,Uses bundled piano samples,,Generated ear-training interval,,Piano,,descending Major 2nd,MEL.INTERVAL.NUMBER | MEL.INTERVAL.QUALITY,13,high
CLIP-57C047F8D75D,modules/instrument-identifier/audio/II124.mp3,Bottesini,Double Bass Concerto No. 2 (2),,,MusOpen,PD,,Concerto,Orchestral,DOUBLE BASS,Strings,Orchestral,INS.FAMILY | INS.INDIVIDUAL,1,medium
CLIP-57D39FB99ACA,audio/piano/C3.mp3 | audio/piano/G3.mp3,,,,,Generated from modules/melodic-intervals/interval-data.js,Uses bundled piano samples,,Generated ear-training interval,,Piano,,ascending Perfect 5th,MEL.INTERVAL.NUMBER | MEL.INTERVAL.QUALITY,17,high
CLIP-57DC7A06B8BF,modules/texture-trainer/audio/TT114.mp3,,Felix Mendelssohn — Songs Without Words – Duet,,Commons recording,https://commons.wikimedia.org/wiki/File:Mendelssohn_-_Songs_Without_Words_Duet.ogg,CC BY-SA 4.0,,Song,,,,Simple polyphonic,TEX.TYPE,1,high
CLIP-5845A044CD66,modules/instrument-identifier/audio/II194.mp3,Bach,Flute Sonata BWV 1034,,,MusOpen,PD,Baroque,Sonata,Harpsichord,RECORDER,Woodwind,Harpsichord,INS.FAMILY | INS.INDIVIDUAL,1,high
CLIP-584B1A4734BA,audio/piano/F3.mp3 | audio/piano/D4.mp3,,,,,Generated from modules/melodic-intervals/interval-data.js,Uses bundled piano samples,,Generated ear-training interval,,Piano,,ascending Major 6th,MEL.INTERVAL.NUMBER | MEL.INTERVAL.QUALITY,11,high
CLIP-589AB5F213BA,audio/piano/Ds4.mp3 | audio/piano/Cs4.mp3,,,,,Generated from modules/melodic-intervals/interval-data.js,Uses bundled piano samples,,Generated ear-training interval,,Piano,,descending Major 2nd,MEL.INTERVAL.NUMBER | MEL.INTERVAL.QUALITY,4,high
CLIP-58B3F86A4B02,modules/melody-master/audio/melodic-devices/MDA034.mp3,W. A. Mozart,"Symphony No. 40 in G minor, K.550",II. Andante,Musopen Symphony Orchestra,Musopen Collection hosted by Internet Archive,Public Domain Mark 1.0 / Musopen public-domain recording collection,Classical,Symphony,,,,Melodic device,MEL.DEVICE,1,high
CLIP-58ED23C72C9D,audio/piano/D4.mp3 | audio/piano/C4.mp3,,,,,Generated from modules/melodic-intervals/interval-data.js,Uses bundled piano samples,,Generated ear-training interval,,Piano,,descending Major 2nd,MEL.INTERVAL.NUMBER | MEL.INTERVAL.QUALITY,14,high
CLIP-5990621FA476,audio/piano/E4.mp3 | audio/piano/Ds4.mp3,,,,,Generated from modules/melodic-intervals/interval-data.js,Uses bundled piano samples,,Generated ear-training interval,,Piano,,descending Minor 2nd,MEL.INTERVAL.NUMBER | MEL.INTERVAL.QUALITY,2,high
CLIP-59AF0A59579B,modules/texture-trainer/audio/TT008.mp3,,"J. S. Bach — Partita in A minor for solo flute, BWV 1013",,Scott Goff,https://commons.wikimedia.org/wiki/File:Jsbach_BWV_1013.ogg,CC BY-SA 2.0,,,,,,Monophonic,TEX.TYPE,1,medium
CLIP-59D1BDB2A7EF,modules/instrument-identifier/audio/II077.mp3,Chopin,Cello Sonata Op.65 (1),,,MusOpen,PD,Romantic,Sonata,Orchestral,CELLO,Strings,Orchestral,INS.FAMILY | INS.INDIVIDUAL,1,high
CLIP-5A8CE86E4B4B,modules/instrument-identifier/audio/II051.mp3,Elgar,Cello Concerto Op. 85,,,MusOpen,PD,,Concerto,Orchestral,CELLO,Strings,Orchestral,INS.FAMILY | INS.INDIVIDUAL,1,medium
CLIP-5AC8B1302957,audio/piano/B3.mp3 | audio/piano/Cs4.mp3,,,,,Generated from modules/melodic-intervals/interval-data.js,Uses bundled piano samples,,Generated ear-training interval,,Piano,,ascending Major 2nd,MEL.INTERVAL.NUMBER | MEL.INTERVAL.QUALITY,7,high
CLIP-5ACEF58F7A67,audio/piano/D4.mp3 | audio/piano/D4.mp3,,,,,Generated from modules/melodic-intervals/interval-data.js,Uses bundled piano samples,,Generated ear-training interval,,Piano,,ascending Perfect unison,MEL.INTERVAL.NUMBER | MEL.INTERVAL.QUALITY,38,high
CLIP-5BC88E82E4CA,modules/texture-trainer/audio/TT030.mp3,,"J. S. Bach — The Well-Tempered Clavier, Book I: Fugue No. 13 in F-sharp major, BWV 858",,Kimiko Ishizaka,"https://commons.wikimedia.org/wiki/File:Kimiko_Ishizaka_-_Bach_-_Well-Tempered_Clavier,_Book_1_-_26_Fugue_No._13_in_F-sharp_major,_BWV_858.ogg",CC0 1.0,,Fugue,,,,Fugal imitation,TEX.TYPE,1,high
CLIP-5C1C2CDB445E,audio/piano/A3.mp3 | audio/piano/Gs3.mp3,,,,,Generated from modules/melodic-intervals/interval-data.js,Uses bundled piano samples,,Generated ear-training interval,,Piano,,descending Minor 2nd,MEL.INTERVAL.NUMBER | MEL.INTERVAL.QUALITY,4,high
CLIP-5C68D32AC90A,audio/piano/Cs3.mp3 | audio/piano/Cs3.mp3,,,,,Generated from modules/melodic-intervals/interval-data.js,Uses bundled piano samples,,Generated ear-training interval,,Piano,,ascending Perfect unison,MEL.INTERVAL.NUMBER | MEL.INTERVAL.QUALITY,18,high
CLIP-5C8A87DCD272,modules/texture-trainer/audio/TT085.mp3,,"Felix Mendelssohn — Symphony No. 4 in A major, Op. 90 ‘Italian’ — I. Allegro vivace",,Musopen Symphony Orchestra,https://archive.org/details/MusopenCollectionAsFlac,Public Domain Mark 1.0 / Musopen public-domain recording collection,,Symphony,,,,Homophonic chordal texture,TEX.TYPE,1,high
CLIP-5CE164B6E2E2,modules/melody-master/audio/melodic-devices/MDA032.mp3,Felix Mendelssohn,"Symphony No. 4 in A major, Op. 90 ‘Italian’",IV. Saltarello: Presto,Musopen Symphony Orchestra,Musopen Collection hosted by Internet Archive,Public Domain Mark 1.0 / Musopen public-domain recording collection,Romantic,Symphony,,,,Melodic device,MEL.DEVICE,1,high
CLIP-5D06541EE76D,modules/instrument-identifier/audio/II132.mp3,Haydn,Trumpet Concerto HOB VIIe (1),,,MusOpen,PD,Classical,Concerto,Orchestral,TRUMPET,Brass,Orchestral,INS.FAMILY | INS.INDIVIDUAL,1,high
CLIP-5DBEAC8A2C84,modules/instrument-identifier/audio/II174.mp3,von Weber,Clarinet Concerto Op. 26,,,MusOpen,PD,,Concerto,Orchestral,CLARINET,Woodwind,Orchestral,INS.FAMILY | INS.INDIVIDUAL,1,medium
CLIP-5E3697E97AF9,modules/instrument-identifier/audio/II133.mp3,Haydn,Trumpet Concerto HOB VIIe (1),,,MusOpen,PD,Classical,Concerto,Orchestral,TRUMPET,Brass,Orchestral,INS.FAMILY | INS.INDIVIDUAL,1,high
CLIP-5E8544720EB7,modules/instrument-identifier/audio/II012.mp3,Beethoven,Violin Sonata No. 5 (1),,,MusOpen,PD,Classical/Romantic transition,Sonata,Piano Accomp.,VIOLIN,Strings,Piano Accomp.,INS.FAMILY | INS.INDIVIDUAL,1,high
CLIP-5E87D453DCBB,audio/piano/Fs3.mp3 | audio/piano/D3.mp3,,,,,Generated from modules/melodic-intervals/interval-data.js,Uses bundled piano samples,,Generated ear-training interval,,Piano,,descending Major 3rd,MEL.INTERVAL.NUMBER | MEL.INTERVAL.QUALITY,8,high
CLIP-5EE666745614,modules/instrument-identifier/audio/II255.mp3,,Oboe Sonata FAWB,,,MusOpen,PD,,Sonata,Organ Accomp.,TRUMPET,BRASS,Organ Accomp.,INS.FAMILY | INS.INDIVIDUAL,1,high
CLIP-5F1879348783,modules/instrument-identifier/audio/II213.mp3,Kuhlau,3 Fantasies Op. 38 No.1,,,MusOpen,PD,,,Solo,FLUTE,Woodwind,Solo,INS.FAMILY | INS.INDIVIDUAL,1,medium
CLIP-5FBFC520757E,modules/texture-trainer/audio/TT073.mp3,,"Edvard Grieg — Peer Gynt Suite No. 1, Op. 46 — II. The Death of Åse",,Musopen Symphony Orchestra,https://archive.org/details/MusopenCollectionAsFlac,Public Domain Mark 1.0 / Musopen public-domain recording collection,,Suite,,,,Homophonic texture,TEX.ROLE | TEX.TYPE,1,high
CLIP-6064A5FB19CA,audio/piano/Gs3.mp3 | audio/piano/Gs3.mp3,,,,,Generated from modules/melodic-intervals/interval-data.js,Uses bundled piano samples,,Generated ear-training interval,,Piano,,ascending Perfect unison,MEL.INTERVAL.NUMBER | MEL.INTERVAL.QUALITY,16,high
CLIP-60BB46F776B2,modules/instrument-identifier/audio/II224.mp3,CPE Bach,Flute Sonata H562 (1),,,MusOpen,PD,Baroque,Sonata,Solo,FLUTE,Woodwind,Solo,INS.FAMILY | INS.INDIVIDUAL,1,high
CLIP-60E0224E0AA3,modules/instrument-identifier/audio/II273.mp3,,La Gracieuse (1) Prelude,,,MusOpen,PD,,Prelude,Harpsichord,OBOE,Woodwind,Harpsichord,INS.FAMILY | INS.INDIVIDUAL,1,high
CLIP-61DFFBA55ACC,audio/piano/Ds3.mp3 | audio/piano/Cs4.mp3,,,,,Generated from modules/melodic-intervals/interval-data.js,Uses bundled piano samples,,Generated ear-training interval,,Piano,,ascending Minor 7th,MEL.INTERVAL.NUMBER | MEL.INTERVAL.QUALITY,4,high
CLIP-61EDD8F2F201,modules/instrument-identifier/audio/II274.mp3,,La Gracieuse (6) Minuet,,,MusOpen,PD,,Dance,Harpsichord,OBOE,Woodwind,Harpsichord,INS.FAMILY | INS.INDIVIDUAL,1,high
CLIP-62148D3D4575,modules/melody-master/audio/melodic-devices/MDA012.mp3,L. van Beethoven,"Symphony No. 3 in E-flat major, Op. 55 ‘Eroica’",IV. Finale,Musopen Symphony Orchestra,Musopen Collection hosted by Internet Archive,Public Domain Mark 1.0 / Musopen public-domain recording collection,Classical/Romantic transition,Symphony,,,,Melodic device,MEL.DEVICE,1,high
CLIP-6235CE40C9F8,audio/piano/Cs4.mp3 | audio/piano/Ds4.mp3,,,,,Generated from modules/melodic-intervals/interval-data.js,Uses bundled piano samples,,Generated ear-training interval,,Piano,,ascending Major 2nd,MEL.INTERVAL.NUMBER | MEL.INTERVAL.QUALITY,4,high
CLIP-624C40CE7B6E,audio/piano/C4.mp3 | audio/piano/D4.mp3,,,,,Generated from modules/melodic-intervals/interval-data.js,Uses bundled piano samples,,Generated ear-training interval,,Piano,,ascending Major 2nd,MEL.INTERVAL.NUMBER | MEL.INTERVAL.QUALITY,15,high
CLIP-6256AC151E95,audio/piano/Gs3.mp3 | audio/piano/F3.mp3,,,,,Generated from modules/melodic-intervals/interval-data.js,Uses bundled piano samples,,Generated ear-training interval,,Piano,,descending Minor 3rd,MEL.INTERVAL.NUMBER | MEL.INTERVAL.QUALITY,4,high
CLIP-62BACE7D6718,modules/meter-master/audio/MTR029.mp3,,,,,https://imslp.org/wiki/Symphony_No.6%2C_Op.74_%28Tchaikovsky%2C_Pyotr%29,,,,,,,Irregular metre,RHY.METRE,2,high
CLIP-62C75ECD829C,modules/instrument-identifier/audio/II197.mp3,Bach,Flute Sonata BWV 1034,,,MusOpen,PD,Baroque,Sonata,Harpsichord,RECORDER,Woodwind,Harpsichord,INS.FAMILY | INS.INDIVIDUAL,1,high
CLIP-63216FED56DD,modules/melody-master/audio/melodic-devices/MDA019.mp3,Antonín Dvořák,"String Quartet No. 12 in F major, Op. 96 ‘American’",III. Molto vivace,Musopen String Quartet,Musopen Collection hosted by Internet Archive,Public Domain Mark 1.0 / Musopen public-domain recording collection,,Chamber music,,,,Melodic device,MEL.DEVICE,1,medium
CLIP-63398358FE34,audio/piano/B3.mp3 | audio/piano/Ds3.mp3,,,,,Generated from modules/melodic-intervals/interval-data.js,Uses bundled piano samples,,Generated ear-training interval,,Piano,,descending Minor 6th,MEL.INTERVAL.NUMBER | MEL.INTERVAL.QUALITY,2,high
CLIP-63ADBD1F4739,modules/texture-trainer/audio/TT007.mp3,,"J. S. Bach — Cello Suite No. 1 in G major, BWV 1007: Prelude",,John Michel,https://commons.wikimedia.org/wiki/File:JOHN_MICHEL_CELLO-J_S_BACH_CELLO_SUITE_1_in_G_Prelude.ogg,CC BY-SA 3.0 (verify on source page before release),,Suite,,,,Monophonic,TEX.TYPE,1,high
CLIP-63EB450C8A35,modules/instrument-identifier/audio/II226.mp3,CPE Bach,Flute Sonata H562 (1),,,MusOpen,PD,Baroque,Sonata,Solo,FLUTE,Woodwind,Solo,INS.FAMILY | INS.INDIVIDUAL,1,high
CLIP-63F20BBFF32C,audio/piano/Cs4.mp3 | audio/piano/Ds3.mp3,,,,,Generated from modules/melodic-intervals/interval-data.js,Uses bundled piano samples,,Generated ear-training interval,,Piano,,descending Minor 7th,MEL.INTERVAL.NUMBER | MEL.INTERVAL.QUALITY,4,high
CLIP-646DD279B656,modules/instrument-identifier/audio/II010.mp3,Bach,Partita No.2 BWV 1004 (2),,,MusOpen,PD,Baroque,,Solo,VIOLIN,Strings,Solo,INS.FAMILY | INS.INDIVIDUAL,1,medium
CLIP-64E68253C4E7,audio/piano/B3.mp3 | audio/piano/D4.mp3,,,,,Generated from modules/melodic-intervals/interval-data.js,Uses bundled piano samples,,Generated ear-training interval,,Piano,,ascending Minor 3rd,MEL.INTERVAL.NUMBER | MEL.INTERVAL.QUALITY,12,high
CLIP-64F03196836B,modules/instrument-identifier/audio/II082.mp3,Vivaldi,Sonata No. 5 (2),,,MusOpen,PD,Baroque,Sonata,Harpsichord,CELLO,Strings,Harpsichord,INS.FAMILY | INS.INDIVIDUAL,1,high
CLIP-654B85259F36,audio/piano/Ds3.mp3 | audio/piano/Fs3.mp3,,,,,Generated from modules/melodic-intervals/interval-data.js,Uses bundled piano samples,,Generated ear-training interval,,Piano,,ascending Minor 3rd,MEL.INTERVAL.NUMBER | MEL.INTERVAL.QUALITY,2,high
CLIP-662A0A36D21F,audio/piano/F3.mp3 | audio/piano/B3.mp3,,,,,Generated from modules/melodic-intervals/interval-data.js,Uses bundled piano samples,,Generated ear-training interval,,Piano,,ascending Augmented 4th,MEL.INTERVAL.NUMBER | MEL.INTERVAL.QUALITY,2,high
CLIP-662DDAF266D2,audio/piano/B3.mp3 | audio/piano/Cs3.mp3,,,,,Generated from modules/melodic-intervals/interval-data.js,Uses bundled piano samples,,Generated ear-training interval,,Piano,,descending Minor 7th,MEL.INTERVAL.NUMBER | MEL.INTERVAL.QUALITY,7,high
CLIP-66B806EB191F,modules/texture-trainer/audio/TT067.mp3,,"Antonín Dvořák — String Quartet No. 12 in F major, Op. 96 ‘American’ — III. Molto vivace",,Musopen String Quartet,https://archive.org/details/MusopenCollectionAsFlac,Public Domain Mark 1.0 / Musopen public-domain recording collection,,Chamber music,,,,Polyphonic texture,TEX.TYPE,1,high
CLIP-670012110D20,modules/texture-trainer/audio/TT020.mp3,,"J. S. Bach — The Well-Tempered Clavier, Book I: Fugue No. 2 in C minor, BWV 847",,Kimiko Ishizaka,"https://commons.wikimedia.org/wiki/File:Kimiko_Ishizaka_-_Bach_-_Well-Tempered_Clavier,_Book_1_-_04_Fugue_No._2_in_C_minor,_BWV_847.ogg",CC0 1.0,,Fugue,,,,Fugal imitation,TEX.TYPE,1,high
CLIP-67137DF9DBF8,modules/texture-trainer/audio/TT133.mp3,,Jachet of Mantua — O vos omnes,,dwsChorale,https://commons.wikimedia.org/wiki/File:Jachet_O_vos_omnes_sung_by_the_dwsChorale.ogg,CC BY-SA 3.0 / GFDL,,,,,,Advanced polyphonic,TEX.TYPE,1,medium
CLIP-676B3E4E8F81,audio/piano/A3.mp3 | audio/piano/C4.mp3,,,,,Generated from modules/melodic-intervals/interval-data.js,Uses bundled piano samples,,Generated ear-training interval,,Piano,,ascending Minor 3rd,MEL.INTERVAL.NUMBER | MEL.INTERVAL.QUALITY,13,high
CLIP-67C06A0F0AAE,audio/piano/E3.mp3 | audio/piano/Cs3.mp3,,,,,Generated from modules/melodic-intervals/interval-data.js,Uses bundled piano samples,,Generated ear-training interval,,Piano,,descending Minor 3rd,MEL.INTERVAL.NUMBER | MEL.INTERVAL.QUALITY,7,high
CLIP-68125E59E385,audio/piano/Cs4.mp3 | audio/piano/Fs3.mp3,,,,,Generated from modules/melodic-intervals/interval-data.js,Uses bundled piano samples,,Generated ear-training interval,,Piano,,descending Perfect 5th,MEL.INTERVAL.NUMBER | MEL.INTERVAL.QUALITY,7,high
CLIP-684AD73F0177,modules/instrument-identifier/audio/II036.mp3,Schumann,Marchenbilder Op. 113,,,MusOpen,PD,Romantic,,Piano Accomp.,VIOLA,Strings,Piano Accomp.,INS.FAMILY | INS.INDIVIDUAL,1,medium
CLIP-68515C29EA4B,audio/piano/Fs3.mp3 | audio/piano/A3.mp3,,,,,Generated from modules/melodic-intervals/interval-data.js,Uses bundled piano samples,,Generated ear-training interval,,Piano,,ascending Minor 3rd,MEL.INTERVAL.NUMBER | MEL.INTERVAL.QUALITY,10,high
CLIP-6876B6152E9A,modules/instrument-identifier/audio/II120.mp3,,Op. 5 No.2 (2),,,MusOpen,PD,,,Piano Accomp.,CELLO,Strings,Piano Accomp.,INS.FAMILY | INS.INDIVIDUAL,1,medium
CLIP-687AE37A5454,audio/piano/E3.mp3 | audio/piano/E4.mp3,,,,,Generated from modules/melodic-intervals/interval-data.js,Uses bundled piano samples,,Generated ear-training interval,,Piano,,ascending Perfect octave,MEL.INTERVAL.NUMBER | MEL.INTERVAL.QUALITY,17,high
CLIP-68AF0678FFE5,modules/instrument-identifier/audio/II167.mp3,,Clarinet Concerto,,,MusOpen,PD,,Concerto,Organ Accomp.,CLARINET,Woodwind,Organ Accomp.,INS.FAMILY | INS.INDIVIDUAL,1,high
CLIP-68BF4D7DE7B6,modules/melody-master/questions/mm008/MM008-audio.mp3,Grieg,"Peer Gynt Suite no. 1, Op. 46",I. Morning Mood,,Musopen,PDM 1.0,Romantic,Suite,,,,dictation,MEL.DICTATION.PITCH,4,high
CLIP-694D92D20D44,audio/piano/Ds4.mp3 | audio/piano/C4.mp3,,,,,Generated from modules/melodic-intervals/interval-data.js,Uses bundled piano samples,,Generated ear-training interval,,Piano,,descending Minor 3rd,MEL.INTERVAL.NUMBER | MEL.INTERVAL.QUALITY,7,high
CLIP-695F200AB400,modules/texture-trainer/audio/TT083.mp3,,"J. S. Bach — Brandenburg Concerto No. 3 in G major, BWV 1048 — III. Allegro",,Advent Chamber Orchestra / performers listed on source page,https://commons.wikimedia.org/wiki/File:Bach_-_Brandenburg_Concerto_No._3_-_3._Allegro.ogg,CC BY-SA 2.0,,Concerto,,,,Polyphonic texture,TEX.TYPE,1,high
CLIP-696651300B16,modules/texture-trainer/audio/TT022.mp3,,"J. S. Bach — The Well-Tempered Clavier, Book I: Fugue No. 4 in C-sharp minor, BWV 849",,Kimiko Ishizaka,"https://commons.wikimedia.org/wiki/File:Kimiko_Ishizaka_-_Bach_-_Well-Tempered_Clavier,_Book_1_-_08_Fugue_No._4_in_C-sharp_minor,_BWV_849.ogg",CC0 1.0,,Fugue,,,,Fugal imitation,TEX.TYPE,1,high
CLIP-69C5DDBCA026,modules/melody-master/questions/mm004/MM004-audio.mp3,Chopin,"Nocturne in E flat major, Op. 9 no. 2",Extract 4,,Musopen,PDM 1.0,Romantic,Character piece,,,,dictation,MEL.DICTATION.PITCH,3,high
CLIP-6A2DBC9520F9,audio/piano/F3.mp3 | audio/piano/Cs4.mp3,,,,,Generated from modules/melodic-intervals/interval-data.js,Uses bundled piano samples,,Generated ear-training interval,,Piano,,ascending Minor 6th,MEL.INTERVAL.NUMBER | MEL.INTERVAL.QUALITY,2,high
CLIP-6A58D561B588,audio/piano/E4.mp3 | audio/piano/G3.mp3,,,,,Generated from modules/melodic-intervals/interval-data.js,Uses bundled piano samples,,Generated ear-training interval,,Piano,,descending Major 6th,MEL.INTERVAL.NUMBER | MEL.INTERVAL.QUALITY,12,high
CLIP-6A7A4F3B2195,audio/piano/Ds3.mp3 | audio/piano/B3.mp3,,,,,Generated from modules/melodic-intervals/interval-data.js,Uses bundled piano samples,,Generated ear-training interval,,Piano,,ascending Minor 6th,MEL.INTERVAL.NUMBER | MEL.INTERVAL.QUALITY,2,high
CLIP-6AB946BE1B1F,modules/texture-trainer/audio/TT026.mp3,,"J. S. Bach — The Well-Tempered Clavier, Book I: Fugue No. 9 in E major, BWV 854",,Kimiko Ishizaka,"https://commons.wikimedia.org/wiki/File:Kimiko_Ishizaka_-_Bach_-_Well-Tempered_Clavier,_Book_1_-_18_Fugue_No._9_in_E_major,_BWV_854.ogg",CC0 1.0,,Fugue,,,,Fugal imitation,TEX.TYPE,1,high
CLIP-6ABC5EA44AD5,modules/melody-master/audio/melodic-devices/MDA026.mp3,Joseph Haydn,"String Quartet in D major, Hob.III:63, Op.64 No.5 ‘The Lark’",II. Adagio cantabile,Musopen String Quartet,Musopen Collection hosted by Internet Archive,Public Domain Mark 1.0 / Musopen public-domain recording collection,Classical,Chamber music,,,,Melodic device,MEL.DEVICE,1,high
CLIP-6ADE25AEDCAD,modules/instrument-identifier/audio/II069.mp3,Haydn,Cello Concerto HOB VIId (1),,,MusOpen,PD,Classical,Concerto,Orchestral,CELLO,Strings,Orchestral,INS.FAMILY | INS.INDIVIDUAL,1,high
CLIP-6AF32876910F,modules/instrument-identifier/audio/II055.mp3,Debussy,Cello Sonata (2) Moderramente Anime,,,MusOpen,PD,Twentieth century,Sonata,Piano Accomp.,CELLO,Strings,Piano Accomp.,INS.FAMILY | INS.INDIVIDUAL,1,high
CLIP-6B1DB1D7609F,modules/melody-master/audio/melodic-devices/MDA031.mp3,Felix Mendelssohn,"Symphony No. 4 in A major, Op. 90 ‘Italian’",III. Con moto moderato,Musopen Symphony Orchestra,Musopen Collection hosted by Internet Archive,Public Domain Mark 1.0 / Musopen public-domain recording collection,Romantic,Symphony,,,,Melodic device,MEL.DEVICE,1,high
CLIP-6B2D2BBC123E,modules/instrument-identifier/audio/II161.mp3,von Weber,Clarinet Concerto Op. 73 (3),,,MusOpen,PD,,Concerto,Orchestral,CLARINET,Woodwind,Orchestral,INS.FAMILY | INS.INDIVIDUAL,1,medium
CLIP-6B7EA76D1048,audio/piano/Cs3.mp3 | audio/piano/D3.mp3,,,,,Generated from modules/melodic-intervals/interval-data.js,Uses bundled piano samples,,Generated ear-training interval,,Piano,,ascending Minor 2nd,MEL.INTERVAL.NUMBER | MEL.INTERVAL.QUALITY,5,high
CLIP-6B89A21B0D72,audio/piano/As3.mp3 | audio/piano/Ds3.mp3,,,,,Generated from modules/melodic-intervals/interval-data.js,Uses bundled piano samples,,Generated ear-training interval,,Piano,,descending Perfect 5th,MEL.INTERVAL.NUMBER | MEL.INTERVAL.QUALITY,7,high
CLIP-6BF2F2634734,audio/piano/A3.mp3 | audio/piano/C3.mp3,,,,,Generated from modules/melodic-intervals/interval-data.js,Uses bundled piano samples,,Generated ear-training interval,,Piano,,descending Major 6th,MEL.INTERVAL.NUMBER | MEL.INTERVAL.QUALITY,12,high
CLIP-6CC0D4E475C0,modules/melody-master/audio/melodic-devices/MDA029.mp3,Felix Mendelssohn,"Symphony No. 4 in A major, Op. 90 ‘Italian’",I. Allegro vivace,Musopen Symphony Orchestra,Musopen Collection hosted by Internet Archive,Public Domain Mark 1.0 / Musopen public-domain recording collection,Romantic,Symphony,,,,Melodic device,MEL.DEVICE,1,high
CLIP-6D04F46E1D7B,modules/instrument-identifier/audio/II156.mp3,von Weber,Clarinet Concerto Op. 73 (1),,,MusOpen,PD,,Concerto,Orchestral,CLARINET,Woodwind,Orchestral,INS.FAMILY | INS.INDIVIDUAL,1,medium
CLIP-6D1916C62FBD,audio/piano/E3.mp3 | audio/piano/A3.mp3,,,,,Generated from modules/melodic-intervals/interval-data.js,Uses bundled piano samples,,Generated ear-training interval,,Piano,,ascending Perfect 4th,MEL.INTERVAL.NUMBER | MEL.INTERVAL.QUALITY,17,high
CLIP-6D3ECC75CAAA,modules/instrument-identifier/audio/II104.mp3,Bach,Suite No. 4 (3),,,MusOpen,PD,Baroque,Suite,Solo,CELLO,Strings,Solo,INS.FAMILY | INS.INDIVIDUAL,1,high
CLIP-6DBD07286367,audio/piano/As3.mp3 | audio/piano/C4.mp3,,,,,Generated from modules/melodic-intervals/interval-data.js,Uses bundled piano samples,,Generated ear-training interval,,Piano,,ascending Major 2nd,MEL.INTERVAL.NUMBER | MEL.INTERVAL.QUALITY,10,high
CLIP-6DC88C922F42,modules/texture-trainer/audio/TT076.mp3,,"Edvard Grieg — Peer Gynt Suite No. 1, Op. 46 — IV. In the Hall of the Mountain King",,Musopen Symphony Orchestra,https://archive.org/details/MusopenCollectionAsFlac,Public Domain Mark 1.0 / Musopen public-domain recording collection,,Suite,,,,Homophonic texture,TEX.ROLE | TEX.TYPE,1,high
CLIP-6DE9B4950940,modules/instrument-identifier/audio/II089.mp3,,Cello Sonata Op.1 (2),,,MusOpen,PD,,Sonata,Piano Accomp.,CELLO,Strings,Piano Accomp.,INS.FAMILY | INS.INDIVIDUAL,1,high
CLIP-6E037A9F9829,modules/instrument-identifier/audio/II209.mp3,,Allegro - Rondeau,,,MusOpen,PD,,,Solo,TRUMPET,Brass,Solo,INS.FAMILY | INS.INDIVIDUAL,1,medium
CLIP-6E4947E43E2D,modules/instrument-identifier/audio/II038.mp3,Schumann,Marchenbilder Op. 113,,,MusOpen,PD,Romantic,,Piano Accomp.,VIOLA,Strings,Piano Accomp.,INS.FAMILY | INS.INDIVIDUAL,1,medium
CLIP-6EAA1B494D50,modules/instrument-identifier/audio/II068.mp3,Haydn,Cello Concerto HOB VIId (1),,,MusOpen,PD,Classical,Concerto,Orchestral,CELLO,Strings,Orchestral,INS.FAMILY | INS.INDIVIDUAL,1,high
CLIP-6EF758CCCD7A,modules/instrument-identifier/audio/II098.mp3,Chopin,Cello Sonata Op.65 (3),,,MusOpen,PD,Romantic,Sonata,Piano Accomp.,CELLO,Strings,Piano Accomp.,INS.FAMILY | INS.INDIVIDUAL,1,high
CLIP-6F1A9E41BEF0,modules/melody-master/questions/mm007/MM007-audio.mp3,Clementi,Sonatina No. 1 in C major,III. Vivace,,Musopen,PDM 1.0,Classical,,,,,dictation,MEL.DICTATION.PITCH,4,medium
CLIP-6F84DEBB8645,modules/instrument-identifier/audio/II207.mp3,Bach,Partita BWV 1013 (3),,,MusOpen,PD,Baroque,,Solo,FLUTE,Woodwind,Solo,INS.FAMILY | INS.INDIVIDUAL,1,medium
CLIP-70308671E2D0,modules/instrument-identifier/audio/II128.mp3,Bottesini,Double Bass Concerto No. 2 (3),,,MusOpen,PD,,Concerto,Orchestral,DOUBLE BASS,Strings,Orchestral,INS.FAMILY | INS.INDIVIDUAL,1,medium
CLIP-707CC2BADEB8,audio/piano/E3.mp3 | audio/piano/B3.mp3,,,,,Generated from modules/melodic-intervals/interval-data.js,Uses bundled piano samples,,Generated ear-training interval,,Piano,,ascending Perfect 5th,MEL.INTERVAL.NUMBER | MEL.INTERVAL.QUALITY,14,high
CLIP-7167B298FD6F,modules/texture-trainer/audio/TT100.mp3,,Mozart / choral tradition — Ave verum corpus,,Cwmbach Male Voice Choir,https://commons.wikimedia.org/wiki/File:Ave_verum_Corpus_-_Cwmbach_Male_Voice_Choir.ogg,CC BY-SA 3.0,,,,,,Homophonic,TEX.TYPE,1,medium
CLIP-71ED9B400FCD,modules/instrument-identifier/audio/II026.mp3,Dushkin,Sicilliene,,,MusOpen,PD,,,Piano Accomp.,VIOLIN,Strings,Piano Accomp.,INS.FAMILY | INS.INDIVIDUAL,1,medium
CLIP-730CD7F09941,audio/piano/Ds3.mp3 | audio/piano/G3.mp3,,,,,Generated from modules/melodic-intervals/interval-data.js,Uses bundled piano samples,,Generated ear-training interval,,Piano,,ascending Major 3rd,MEL.INTERVAL.NUMBER | MEL.INTERVAL.QUALITY,7,high
CLIP-7351229D7951,modules/instrument-identifier/audio/II263.mp3,,Oboe Concerto BWV1055,,,MusOpen,PD,,Concerto,Orchestral,OBOE,Woodwind,Orchestral,INS.FAMILY | INS.INDIVIDUAL,1,high
CLIP-73D5EEB7A8ED,modules/instrument-identifier/audio/II172.mp3,von Weber,Clarinet Concerto Op. 26,,,MusOpen,PD,,Concerto,Orchestral,CLARINET,Woodwind,Orchestral,INS.FAMILY | INS.INDIVIDUAL,1,medium
CLIP-73DC72BF2BFD,modules/instrument-identifier/audio/II138.mp3,Haydn,Trumpet Concerto HOB VIIe (2),,,MusOpen,PD,Classical,Concerto,Orchestral,TRUMPET,Brass,Orchestral,INS.FAMILY | INS.INDIVIDUAL,1,high
CLIP-741D54F5D5EF,audio/piano/C4.mp3 | audio/piano/Gs3.mp3,,,,,Generated from modules/melodic-intervals/interval-data.js,Uses bundled piano samples,,Generated ear-training interval,,Piano,,descending Major 3rd,MEL.INTERVAL.NUMBER | MEL.INTERVAL.QUALITY,4,high
CLIP-743C92F975FF,modules/instrument-identifier/audio/II087.mp3,,Cello Sonata Op.1 (2),,,MusOpen,PD,,Sonata,Piano Accomp.,CELLO,Strings,Piano Accomp.,INS.FAMILY | INS.INDIVIDUAL,1,high
CLIP-74FC499C1520,modules/instrument-identifier/audio/II253.mp3,,Oboe Concerto F minor,,,MusOpen,PD,,Concerto,Orchestral,OBOE,Woodwind,Orchestral,INS.FAMILY | INS.INDIVIDUAL,1,high
CLIP-75330FED18CA,modules/instrument-identifier/audio/II162.mp3,von Weber,Clarinet Concerto Op. 73 (3),,,MusOpen,PD,,Concerto,Orchestral,CLARINET,Woodwind,Orchestral,INS.FAMILY | INS.INDIVIDUAL,1,medium
CLIP-75B603C7E7AC,audio/piano/As3.mp3 | audio/piano/E3.mp3,,,,,Generated from modules/melodic-intervals/interval-data.js,Uses bundled piano samples,,Generated ear-training interval,,Piano,,descending Diminished 5th,MEL.INTERVAL.NUMBER | MEL.INTERVAL.QUALITY,2,high
CLIP-75C20F2E0764,audio/piano/C4.mp3 | audio/piano/C4.mp3,,,,,Generated from modules/melodic-intervals/interval-data.js,Uses bundled piano samples,,Generated ear-training interval,,Piano,,ascending Perfect unison,MEL.INTERVAL.NUMBER | MEL.INTERVAL.QUALITY,33,high
CLIP-75E4EE2A0477,modules/texture-trainer/audio/TT021.mp3,,"J. S. Bach — The Well-Tempered Clavier, Book I: Fugue No. 3 in C-sharp major, BWV 848",,Kimiko Ishizaka,"https://commons.wikimedia.org/wiki/File:Kimiko_Ishizaka_-_Bach_-_Well-Tempered_Clavier,_Book_1_-_06_Fugue_No._3_in_C-sharp_major,_BWV_848.ogg",CC0 1.0,,Fugue,,,,Monophonic → fugal polyphony,TEX.TYPE,1,high
CLIP-75ECED611AA3,modules/texture-trainer/audio/TT099.mp3,,"J. S. Bach — Wachet auf, BWV 140 – Chorale 7",,MIT Concert Choir,https://commons.wikimedia.org/wiki/File:Bach_-_cantata_140._7._chorale.ogg,CC BY-SA 2.0,,,,,,Homophonic,TEX.TYPE,1,medium
CLIP-76114C61BAA6,audio/piano/Gs3.mp3 | audio/piano/E3.mp3,,,,,Generated from modules/melodic-intervals/interval-data.js,Uses bundled piano samples,,Generated ear-training interval,,Piano,,descending Major 3rd,MEL.INTERVAL.NUMBER | MEL.INTERVAL.QUALITY,4,high
CLIP-7618D2ADFE4C,modules/instrument-identifier/audio/II123.mp3,Bottesini,Double Bass Concerto No. 2 (2),,,MusOpen,PD,,Concerto,Orchestral,DOUBLE BASS,Strings,Orchestral,INS.FAMILY | INS.INDIVIDUAL,1,medium
CLIP-76F3C12DA52A,audio/piano/Gs3.mp3 | audio/piano/As3.mp3,,,,,Generated from modules/melodic-intervals/interval-data.js,Uses bundled piano samples,,Generated ear-training interval,,Piano,,ascending Major 2nd,MEL.INTERVAL.NUMBER | MEL.INTERVAL.QUALITY,4,high
CLIP-777ADE752C1B,modules/melody-master/questions/mm002/MM002-audio.mp3,Mozart,"Piano Sonata no. 11 in A major, K. 331",I. Andante grazioso,,Musopen,PDM 1.0,Classical,Sonata,,,,dictation,MEL.DICTATION.PITCH,2,high
CLIP-77BA98ACC65E,audio/piano/E4.mp3 | audio/piano/A3.mp3,,,,,Generated from modules/melodic-intervals/interval-data.js,Uses bundled piano samples,,Generated ear-training interval,,Piano,,descending Perfect 5th,MEL.INTERVAL.NUMBER | MEL.INTERVAL.QUALITY,16,high
CLIP-77C6B89FA7B3,audio/piano/C3.mp3 | audio/piano/Fs3.mp3,,,,,Generated from modules/melodic-intervals/interval-data.js,Uses bundled piano samples,,Generated ear-training interval,,Piano,,ascending Augmented 4th,MEL.INTERVAL.NUMBER | MEL.INTERVAL.QUALITY,2,high
CLIP-77DE80019C0B,modules/instrument-identifier/audio/II188.mp3,Faure,Fantasia Op. 79 Andantino,,,MusOpen,PD,,,Piano Accomp.,FLUTE,Woodwind,Piano Accomp.,INS.FAMILY | INS.INDIVIDUAL,1,medium
CLIP-7874532D3820,modules/instrument-identifier/audio/II057.mp3,Elgar,Cello Concerto Op. 85 (4),,,MusOpen,PD,,Concerto,Orchestral,CELLO,Strings,Orchestral,INS.FAMILY | INS.INDIVIDUAL,1,medium
CLIP-78D1F8D9C0D8,modules/instrument-identifier/audio/II076.mp3,Chopin,Cello Sonata Op.65 (1),,,MusOpen,PD,Romantic,Sonata,Orchestral,CELLO,Strings,Orchestral,INS.FAMILY | INS.INDIVIDUAL,1,high
CLIP-798FB76436FA,modules/instrument-identifier/audio/II136.mp3,Haydn,Trumpet Concerto HOB VIIe (1),,,MusOpen,PD,Classical,Concerto,Orchestral,TRUMPET,Brass,Orchestral,INS.FAMILY | INS.INDIVIDUAL,1,high
CLIP-7997EFBA03ED,modules/instrument-identifier/audio/II067.mp3,Haydn,Cello Concerto HOB VIId (1),,,MusOpen,PD,Classical,Concerto,Orchestral,CELLO,Strings,Orchestral,INS.FAMILY | INS.INDIVIDUAL,1,high
CLIP-799CF8808BFA,audio/piano/C3.mp3 | audio/piano/Cs3.mp3,,,,,Generated from modules/melodic-intervals/interval-data.js,Uses bundled piano samples,,Generated ear-training interval,,Piano,,ascending Minor 2nd,MEL.INTERVAL.NUMBER | MEL.INTERVAL.QUALITY,2,high
CLIP-79C31EDA9AEB,modules/meter-master/audio/MTR004.mp3,,,,,https://imslp.org/wiki/Symphony_No.3%2C_Op.55_%28Beethoven%2C_Ludwig_van%29,,,,,,,Aural classification,RHY.METRE,2,high
CLIP-7A09D04064D8,audio/piano/D4.mp3 | audio/piano/B3.mp3,,,,,Generated from modules/melodic-intervals/interval-data.js,Uses bundled piano samples,,Generated ear-training interval,,Piano,,descending Minor 3rd,MEL.INTERVAL.NUMBER | MEL.INTERVAL.QUALITY,11,high
CLIP-7A107CA03634,audio/piano/Gs3.mp3 | audio/piano/C4.mp3,,,,,Generated from modules/melodic-intervals/interval-data.js,Uses bundled piano samples,,Generated ear-training interval,,Piano,,ascending Major 3rd,MEL.INTERVAL.NUMBER | MEL.INTERVAL.QUALITY,4,high
CLIP-7A57A0BD817D,modules/instrument-identifier/audio/II276.mp3,,Oboe Concerto HWV 302,,,MusOpen,PD,,Concerto,Orchestral,OBOE,Woodwind,Orchestral,INS.FAMILY | INS.INDIVIDUAL,1,high
CLIP-7A6D6357B1C2,modules/instrument-identifier/audio/II281.mp3,,Oboe Concerto HWV 302,,,MusOpen,PD,,Concerto,Orchestral,OBOE,Woodwind,Orchestral,INS.FAMILY | INS.INDIVIDUAL,1,high
CLIP-7A7904D88692,modules/texture-trainer/audio/TT024.mp3,,"J. S. Bach — The Well-Tempered Clavier, Book I: Fugue No. 7 in E-flat major, BWV 852",,Kimiko Ishizaka,"https://commons.wikimedia.org/wiki/File:Kimiko_Ishizaka_-_Bach_-_Well-Tempered_Clavier,_Book_1_-_14_Fugue_No._7_in_E-flat_major,_BWV_852.ogg",CC0 1.0,,Fugue,,,,Monophonic → fugal polyphony,TEX.TYPE,1,high
CLIP-7A8B0FCDD487,audio/piano/D3.mp3 | audio/piano/Gs3.mp3,,,,,Generated from modules/melodic-intervals/interval-data.js,Uses bundled piano samples,,Generated ear-training interval,,Piano,,ascending Augmented 4th,MEL.INTERVAL.NUMBER | MEL.INTERVAL.QUALITY,2,high
CLIP-7AB1C3EBC27B,audio/piano/F3.mp3 | audio/piano/Ds4.mp3,,,,,Generated from modules/melodic-intervals/interval-data.js,Uses bundled piano samples,,Generated ear-training interval,,Piano,,ascending Minor 7th,MEL.INTERVAL.NUMBER | MEL.INTERVAL.QUALITY,7,high
CLIP-7AD88A237659,modules/meter-master/audio/MTR018.mp3,,,,,https://imslp.org/wiki/String_Quartet_in_D_major%2C_Hob.III%3A63_%28Haydn%2C_Joseph%29,,,,,,,Full metre description,RHY.METRE,2,high
CLIP-7AE36AB5A4E3,modules/texture-trainer/audio/TT097.mp3,,"Pyotr Ilyich Tchaikovsky — Symphony No. 6 in B minor, Op. 74 ‘Pathétique’ — II. Allegro con grazia",,Musopen Symphony Orchestra,https://archive.org/details/MusopenCollectionAsFlac,Public Domain Mark 1.0 / Musopen public-domain recording collection,,Symphony,,,,Homophonic / melody and accompaniment,TEX.ROLE | TEX.TYPE,1,high
CLIP-7BA4AC8E14CB,audio/piano/B3.mp3 | audio/piano/E3.mp3,,,,,Generated from modules/melodic-intervals/interval-data.js,Uses bundled piano samples,,Generated ear-training interval,,Piano,,descending Perfect 5th,MEL.INTERVAL.NUMBER | MEL.INTERVAL.QUALITY,13,high
CLIP-7BB5B895D6A5,modules/instrument-identifier/audio/II203.mp3,Bach,Partita BWV 1013,,,MusOpen,PD,Baroque,,Solo,FLUTE,Woodwind,Solo,INS.FAMILY | INS.INDIVIDUAL,1,medium
CLIP-7C123A03E607,modules/melody-master/audio/melodic-devices/MDA004.mp3,Mozart,"Piano Concerto no. 17 in G major, K. 453",III. Allegretto,European Archive,Existing EchoAural Melody Master,PDM 1.0,Classical,Concerto,,,,Melodic device,MEL.DEVICE,1,high
CLIP-7C1A1EAE77F3,modules/texture-trainer/audio/TT017.mp3,,"J. S. Bach — Brandenburg Concerto No. 3, movement I",,See source page,https://commons.wikimedia.org/wiki/File:Bach_-_Brandenburg_Concerto_No._3_-_1._Allegro.ogg,Check the current licence statement on the source page,,Concerto,,,,Homophonic texture,TEX.ROLE | TEX.TYPE,1,high
CLIP-7C3B0CFAF574,modules/meter-master/audio/MTR016.mp3,,,,,https://imslp.org/wiki/Peer_Gynt_Suite_No.1%2C_Op.46_%28Grieg%2C_Edvard%29,,,,,,,Pulse analysis,RHY.METRE | RHY.TIME_SIGNATURE,2,high
CLIP-7DD41093F678,audio/piano/Ds4.mp3 | audio/piano/Fs3.mp3,,,,,Generated from modules/melodic-intervals/interval-data.js,Uses bundled piano samples,,Generated ear-training interval,,Piano,,descending Major 6th,MEL.INTERVAL.NUMBER | MEL.INTERVAL.QUALITY,2,high
CLIP-7E0AC5ACD21B,modules/instrument-identifier/audio/II177.mp3,Mozart,Clarinet Concerto K662,,,MusOpen,PD,Classical,Concerto,Orchestral,CLARINET,Woodwind,Orchestral,INS.FAMILY | INS.INDIVIDUAL,1,high
CLIP-7E20DA6BED3D,modules/instrument-identifier/audio/II011.mp3,Beethoven,Violin Sonata No. 5 (1),,,MusOpen,PD,Classical/Romantic transition,Sonata,Piano Accomp.,VIOLIN,Strings,Piano Accomp.,INS.FAMILY | INS.INDIVIDUAL,1,high
CLIP-7F3C6260AFEF,modules/texture-trainer/audio/TT064.mp3,,"J. S. Bach — The Well-Tempered Clavier, Book I: Fugue No. 2 in C minor, BWV 847",,Kimiko Ishizaka,"https://commons.wikimedia.org/wiki/File:Kimiko_Ishizaka_-_Bach_-_Well-Tempered_Clavier,_Book_1_-_04_Fugue_No._2_in_C_minor,_BWV_847.ogg",CC0 1.0,,Fugue,,,,Fugal polyphony,TEX.TYPE,1,high
CLIP-7F56E263BAF9,modules/melody-master/questions/mm010/MM010-audio.mp3,Mozart,"Piano Sonata no. 11 in A major, K. 331",III. Alla Turca,,Musopen,PDM 1.0,Classical,Sonata,,,,dictation,MEL.DICTATION.PITCH,2,high
CLIP-80BBC8C616E4,audio/piano/D4.mp3 | audio/piano/D3.mp3,,,,,Generated from modules/melodic-intervals/interval-data.js,Uses bundled piano samples,,Generated ear-training interval,,Piano,,descending Perfect octave,MEL.INTERVAL.NUMBER | MEL.INTERVAL.QUALITY,19,high
CLIP-80EB25C0BC48,audio/piano/C3.mp3 | audio/piano/A3.mp3,,,,,Generated from modules/melodic-intervals/interval-data.js,Uses bundled piano samples,,Generated ear-training interval,,Piano,,ascending Major 6th,MEL.INTERVAL.NUMBER | MEL.INTERVAL.QUALITY,12,high
CLIP-8123B5AC6606,modules/meter-master/audio/MTR021.mp3,,,,,https://imslp.org/wiki/Symphony_No.4%2C_Op.90_%28Mendelssohn%2C_Felix%29,,,,,,,Beat-unit analysis,RHY.METRE | RHY.TIME_SIGNATURE,2,high
CLIP-81348CBD3138,audio/piano/G3.mp3 | audio/piano/As3.mp3,,,,,Generated from modules/melodic-intervals/interval-data.js,Uses bundled piano samples,,Generated ear-training interval,,Piano,,ascending Minor 3rd,MEL.INTERVAL.NUMBER | MEL.INTERVAL.QUALITY,10,high
CLIP-814FF391A831,modules/instrument-identifier/audio/II235.mp3,,Concerto for Oboe and Orch.,,,MusOpen,PD,,Concerto,Orchestral,OBOE,Woodwind,Orchestral,INS.FAMILY | INS.INDIVIDUAL,1,high
CLIP-824757EBEE02,modules/instrument-identifier/audio/II137.mp3,Haydn,Trumpet Concerto HOB VIIe (1),,,MusOpen,PD,Classical,Concerto,Orchestral,TRUMPET,Brass,Orchestral,INS.FAMILY | INS.INDIVIDUAL,1,high
CLIP-830F4973A196,audio/piano/Cs4.mp3 | audio/piano/A3.mp3,,,,,Generated from modules/melodic-intervals/interval-data.js,Uses bundled piano samples,,Generated ear-training interval,,Piano,,descending Major 3rd,MEL.INTERVAL.NUMBER | MEL.INTERVAL.QUALITY,7,high
CLIP-83C6C0E30D6C,modules/instrument-identifier/audio/II249.mp3,Telemann,Oboe Concerto TWV 51,,,MusOpen,PD,Baroque,Concerto,Orchestral,OBOE,Woodwind,Orchestral,INS.FAMILY | INS.INDIVIDUAL,1,high
CLIP-83F1AD77A603,modules/instrument-identifier/audio/II106.mp3,Bach,Suite No. 4 (Bouree),,,MusOpen,PD,Baroque,Suite,Solo,ACOUSTIC GUITAR,Strings,Solo,INS.FAMILY | INS.INDIVIDUAL,1,high
CLIP-843210991A7E,modules/instrument-identifier/audio/II193.mp3,Bach,Flute Sonata BWV 1034,,,MusOpen,PD,Baroque,Sonata,Harpsichord,RECORDER,Woodwind,Harpsichord,INS.FAMILY | INS.INDIVIDUAL,1,high
CLIP-853BE2324B22,modules/instrument-identifier/audio/II084.mp3,Vivaldi,Sonata No. 5 (4),,,MusOpen,PD,Baroque,Sonata,Harpsichord,CELLO,Strings,Harpsichord,INS.FAMILY | INS.INDIVIDUAL,1,high
CLIP-85D68D6217F6,modules/instrument-identifier/audio/II058.mp3,Elgar,Cello Concerto Op. 85 (4),,,MusOpen,PD,,Concerto,Orchestral,CELLO,Strings,Orchestral,INS.FAMILY | INS.INDIVIDUAL,1,medium
CLIP-8679929A56DB,modules/instrument-identifier/audio/II160.mp3,von Weber,Clarinet Concerto Op. 73 (1),,,MusOpen,PD,,Concerto,Orchestral,CLARINET,Woodwind,Orchestral,INS.FAMILY | INS.INDIVIDUAL,1,medium
CLIP-86C34A7CC395,modules/instrument-identifier/audio/II182.mp3,Mozart,Clarinet Concerto K662 (2),,,MusOpen,PD,Classical,Concerto,Orchestral,CLARINET,Woodwind,Orchestral,INS.FAMILY | INS.INDIVIDUAL,1,high
CLIP-8717BFBEF8BE,audio/piano/Cs4.mp3 | audio/piano/B3.mp3,,,,,Generated from modules/melodic-intervals/interval-data.js,Uses bundled piano samples,,Generated ear-training interval,,Piano,,descending Major 2nd,MEL.INTERVAL.NUMBER | MEL.INTERVAL.QUALITY,7,high
CLIP-87B3B1997579,audio/piano/C3.mp3 | audio/piano/E3.mp3,,,,,Generated from modules/melodic-intervals/interval-data.js,Uses bundled piano samples,,Generated ear-training interval,,Piano,,ascending Major 3rd,MEL.INTERVAL.NUMBER | MEL.INTERVAL.QUALITY,10,high
CLIP-87E481200A13,modules/texture-trainer/audio/TT071.mp3,,"Edvard Grieg — Peer Gynt Suite No. 1, Op. 46 — I. Morning Mood",,Musopen Symphony Orchestra,https://archive.org/details/MusopenCollectionAsFlac,Public Domain Mark 1.0 / Musopen public-domain recording collection,,Suite,,,,Homophonic texture,TEX.TYPE,1,high
CLIP-87E9492E1C09,modules/instrument-identifier/audio/II214.mp3,Kuhlau,3 Fantasies Op. 38 No.1,,,MusOpen,PD,,,Solo,FLUTE,Woodwind,Solo,INS.FAMILY | INS.INDIVIDUAL,1,medium
CLIP-880A1ABB030C,modules/instrument-identifier/audio/II015.mp3,Beethoven,Violin Concerto Op 61 (2),,,MusOpen,PD,Classical/Romantic transition,Concerto,Orchestral,VIOLIN,Strings,Orchestral,INS.FAMILY | INS.INDIVIDUAL,1,high
CLIP-8895B408801D,modules/instrument-identifier/audio/II016.mp3,Beethoven,Violin Concerto Op 61 (2),,,MusOpen,PD,Classical/Romantic transition,Concerto,Orchestral,VIOLIN,Strings,Orchestral,INS.FAMILY | INS.INDIVIDUAL,1,high
CLIP-88A76ADC73FC,modules/texture-trainer/audio/TT089.mp3,,"J. S. Bach — The Well-Tempered Clavier, Book I: Fugue No. 16 in G minor, BWV 861",,Kimiko Ishizaka,"https://commons.wikimedia.org/wiki/File:Kimiko_Ishizaka_-_Bach_-_Well-Tempered_Clavier,_Book_1_-_32_Fugue_No._16_in_G_minor,_BWV_861.ogg",CC0 1.0,,Fugue,,,,Fugal polyphony,TEX.TYPE,1,high
CLIP-890F00F069F8,audio/piano/C4.mp3 | audio/piano/G3.mp3,,,,,Generated from modules/melodic-intervals/interval-data.js,Uses bundled piano samples,,Generated ear-training interval,,Piano,,descending Perfect 4th,MEL.INTERVAL.NUMBER | MEL.INTERVAL.QUALITY,16,high
CLIP-8970C2F99BBD,modules/instrument-identifier/audio/II181.mp3,Mozart,Clarinet Concerto K662 (2),,,MusOpen,PD,Classical,Concerto,Orchestral,CLARINET,Woodwind,Orchestral,INS.FAMILY | INS.INDIVIDUAL,1,high
CLIP-8A44A4F2C79F,audio/piano/Gs3.mp3 | audio/piano/C3.mp3,,,,,Generated from modules/melodic-intervals/interval-data.js,Uses bundled piano samples,,Generated ear-training interval,,Piano,,descending Minor 6th,MEL.INTERVAL.NUMBER | MEL.INTERVAL.QUALITY,4,high
CLIP-8A9A68F102CF,modules/texture-trainer/audio/TT124.mp3,,Balinese traditional — Gamelan Gong Lagu Kebiar,,Historic 1931 recording,https://commons.wikimedia.org/wiki/File:Gamelan_Gong_Lagu_Kebiar_(1931).ogg,Public domain,,,,,,Heterophonic,TEX.TYPE,1,medium
CLIP-8AE8FD72E093,modules/texture-trainer/audio/TT019.mp3,,"J. S. Bach — The Well-Tempered Clavier, Book I: Fugue No. 1 in C major, BWV 846",,Kimiko Ishizaka,"https://commons.wikimedia.org/wiki/File:Kimiko_Ishizaka_-_Bach_-_Well-Tempered_Clavier,_Book_1_-_02_Fugue_No._1_in_C_major,_BWV_846.ogg",CC0 1.0,,Fugue,,,,Monophonic → fugal polyphony,TEX.TYPE,1,high
CLIP-8B49137AE23A,modules/instrument-identifier/audio/II034.mp3,Rolla,Viola Sonatas Op. 3 (1),,,MusOpen,PD,,Sonata,Orchestral,VIOLA,Strings,Orchestral,INS.FAMILY | INS.INDIVIDUAL,1,medium
CLIP-8B6C21CC9D6F,modules/instrument-identifier/audio/II022.mp3,Bach,Double Violin Concerto,,,MusOpen,PD,Baroque,Concerto,Orchestral,VIOLIN,Strings,Orchestral,INS.FAMILY | INS.INDIVIDUAL,1,high
CLIP-8BCC3B38A9BC,audio/piano/C4.mp3 | audio/piano/A3.mp3,,,,,Generated from modules/melodic-intervals/interval-data.js,Uses bundled piano samples,,Generated ear-training interval,,Piano,,descending Minor 3rd,MEL.INTERVAL.NUMBER | MEL.INTERVAL.QUALITY,12,high
CLIP-8BD6BA2B1A8C,audio/piano/Cs4.mp3 | audio/piano/Gs3.mp3,,,,,Generated from modules/melodic-intervals/interval-data.js,Uses bundled piano samples,,Generated ear-training interval,,Piano,,descending Perfect 4th,MEL.INTERVAL.NUMBER | MEL.INTERVAL.QUALITY,6,high
CLIP-8CB61A1C170B,modules/texture-trainer/audio/TT090.mp3,,Niccolò Paganini — Caprice No. 5 — Solo violin extract,,"David Hernando Vitores, violin",https://commons.wikimedia.org/wiki/File:Niccol%C3%B2_Paganini_-_Caprice_No.5_-_David_Hernando_Vitores.ogg,CC BY-SA 4.0,,,,,,Monophonic texture,TEX.TYPE,1,medium
CLIP-8CFD9EEB0A97,audio/piano/G3.mp3 | audio/piano/Ds3.mp3,,,,,Generated from modules/melodic-intervals/interval-data.js,Uses bundled piano samples,,Generated ear-training interval,,Piano,,descending Major 3rd,MEL.INTERVAL.NUMBER | MEL.INTERVAL.QUALITY,7,high
CLIP-8D83A6ACE3AE,modules/texture-trainer/audio/TT028.mp3,,"J. S. Bach — The Well-Tempered Clavier, Book I: Fugue No. 11 in F major, BWV 856",,Kimiko Ishizaka,"https://commons.wikimedia.org/wiki/File:Kimiko_Ishizaka_-_Bach_-_Well-Tempered_Clavier,_Book_1_-_22_Fugue_No._11_in_F_major,_BWV_856.ogg",CC0 1.0,,Fugue,,,,Monophonic → fugal polyphony,TEX.TYPE,1,high
CLIP-8DB5B07D9E7C,modules/texture-trainer/audio/TT051.mp3,,"J. S. Bach — The Well-Tempered Clavier, Book I: Fugue No. 1 in C major, BWV 846",,Kimiko Ishizaka,"https://commons.wikimedia.org/wiki/File:Kimiko_Ishizaka_-_Bach_-_Well-Tempered_Clavier,_Book_1_-_02_Fugue_No._1_in_C_major,_BWV_846.ogg",CC0 1.0,,Fugue,,,,Fugal polyphony,TEX.TYPE,1,high
CLIP-8E43AE73D1BB,modules/instrument-identifier/audio/II231.mp3,,2 Siciliano Rondeau Arr.,,,MusOpen,PD,,,Solo,TRUMPET,Brass,Solo,INS.FAMILY | INS.INDIVIDUAL,1,medium
CLIP-8EA1B2CF1363,modules/meter-master/audio/MTR012.mp3,,,,,https://imslp.org/wiki/String_Quartet_No.12%2C_Op.96_%28Dvo%C5%99%C3%A1k%2C_Anton%C3%ADn%29,,,,,,,Beat-unit analysis,RHY.METRE | RHY.TIME_SIGNATURE,2,high
CLIP-8ED8CD53D031,audio/piano/B3.mp3 | audio/piano/Fs3.mp3,,,,,Generated from modules/melodic-intervals/interval-data.js,Uses bundled piano samples,,Generated ear-training interval,,Piano,,descending Perfect 4th,MEL.INTERVAL.NUMBER | MEL.INTERVAL.QUALITY,10,high
CLIP-907A4DEDEE62,audio/piano/A3.mp3 | audio/piano/Ds4.mp3,,,,,Generated from modules/melodic-intervals/interval-data.js,Uses bundled piano samples,,Generated ear-training interval,,Piano,,ascending Diminished 5th,MEL.INTERVAL.NUMBER | MEL.INTERVAL.QUALITY,3,high
CLIP-90B4A5F8F14E,audio/piano/G3.mp3 | audio/piano/Ds4.mp3,,,,,Generated from modules/melodic-intervals/interval-data.js,Uses bundled piano samples,,Generated ear-training interval,,Piano,,ascending Minor 6th,MEL.INTERVAL.NUMBER | MEL.INTERVAL.QUALITY,7,high
CLIP-90D319FF10FB,modules/instrument-identifier/audio/II173.mp3,von Weber,Clarinet Concerto Op. 26,,,MusOpen,PD,,Concerto,Orchestral,CLARINET,Woodwind,Orchestral,INS.FAMILY | INS.INDIVIDUAL,1,medium
CLIP-91552C18FA1A,audio/piano/F3.mp3 | audio/piano/Gs3.mp3,,,,,Generated from modules/melodic-intervals/interval-data.js,Uses bundled piano samples,,Generated ear-training interval,,Piano,,ascending Minor 3rd,MEL.INTERVAL.NUMBER | MEL.INTERVAL.QUALITY,4,high
CLIP-9199ADAC9AED,modules/instrument-identifier/audio/II251.mp3,,Oboe Concerto F minor,,,MusOpen,PD,,Concerto,Orchestral,OBOE,Woodwind,Orchestral,INS.FAMILY | INS.INDIVIDUAL,1,high
CLIP-91DCB9FCDF66,audio/piano/C4.mp3 | audio/piano/Cs3.mp3,,,,,Generated from modules/melodic-intervals/interval-data.js,Uses bundled piano samples,,Generated ear-training interval,,Piano,,descending Major 7th,MEL.INTERVAL.NUMBER | MEL.INTERVAL.QUALITY,2,high
CLIP-91DCEFDCA8D1,modules/melody-master/questions/mm012/MM012-audio.mp3,Mussorgsky,Pictures at an Exhibition,Extract 12,,Musopen,CC BY 3.0,Romantic,,,,,dictation,MEL.DICTATION.PITCH,2,medium
CLIP-9239BB7B2FB8,modules/instrument-identifier/audio/II189.mp3,Faure,Fantasia Op. 79 Andantino,,,MusOpen,PD,,,Piano Accomp.,FLUTE,Woodwind,Piano Accomp.,INS.FAMILY | INS.INDIVIDUAL,1,medium
CLIP-92D39B274504,audio/piano/Fs3.mp3 | audio/piano/Ds4.mp3,,,,,Generated from modules/melodic-intervals/interval-data.js,Uses bundled piano samples,,Generated ear-training interval,,Piano,,ascending Major 6th,MEL.INTERVAL.NUMBER | MEL.INTERVAL.QUALITY,2,high
CLIP-935E38FF6084,audio/piano/As3.mp3 | audio/piano/Cs4.mp3,,,,,Generated from modules/melodic-intervals/interval-data.js,Uses bundled piano samples,,Generated ear-training interval,,Piano,,ascending Minor 3rd,MEL.INTERVAL.NUMBER | MEL.INTERVAL.QUALITY,2,high
CLIP-93D4FBD0B4EF,modules/texture-trainer/audio/TT136.mp3,,"Jonathan Little — Kyrie, Op. 5 for double choir",,Thomas Tallis Society Choir,https://commons.wikimedia.org/wiki/File:Kyrie_-_Jonathan_Little.ogg,CC BY-SA 3.0 / GFDL,,,,,,Texture feature,TEX.TYPE,1,medium
CLIP-93FE2168ED49,modules/instrument-identifier/audio/II233.mp3,,Concerto for Oboe and Orch.,,,MusOpen,PD,,Concerto,Orchestral,OBOE,Woodwind,Orchestral,INS.FAMILY | INS.INDIVIDUAL,1,high
CLIP-94823CA72B44,audio/piano/F3.mp3 | audio/piano/A3.mp3,,,,,Generated from modules/melodic-intervals/interval-data.js,Uses bundled piano samples,,Generated ear-training interval,,Piano,,ascending Major 3rd,MEL.INTERVAL.NUMBER | MEL.INTERVAL.QUALITY,10,high
CLIP-94B6BA022D2E,modules/instrument-identifier/audio/II126.mp3,Bottesini,Double Bass Concerto No. 2 (3),,,MusOpen,PD,,Concerto,Orchestral,DOUBLE BASS,Strings,Orchestral,INS.FAMILY | INS.INDIVIDUAL,1,medium
CLIP-952610961D87,modules/instrument-identifier/audio/II227.mp3,CPE Bach,Flute Sonata H562 (1),,,MusOpen,PD,Baroque,Sonata,Solo,FLUTE,Woodwind,Solo,INS.FAMILY | INS.INDIVIDUAL,1,high
CLIP-9526FE4CA91F,modules/melody-master/audio/melodic-devices/MDA014.mp3,Johannes Brahms,"Symphony No. 4 in E minor, Op. 98",II. Andante moderato,Musopen Symphony Orchestra,Musopen Collection hosted by Internet Archive,Public Domain Mark 1.0 / Musopen public-domain recording collection,Romantic,Symphony,,,,Melodic device,MEL.DEVICE,1,high
CLIP-956EBCC86656,audio/piano/E4.mp3 | audio/piano/Fs3.mp3,,,,,Generated from modules/melodic-intervals/interval-data.js,Uses bundled piano samples,,Generated ear-training interval,,Piano,,descending Minor 7th,MEL.INTERVAL.NUMBER | MEL.INTERVAL.QUALITY,10,high
CLIP-957481286263,audio/piano/Fs3.mp3 | audio/piano/E4.mp3,,,,,Generated from modules/melodic-intervals/interval-data.js,Uses bundled piano samples,,Generated ear-training interval,,Piano,,ascending Minor 7th,MEL.INTERVAL.NUMBER | MEL.INTERVAL.QUALITY,10,high
CLIP-95C9E9D5DB99,modules/texture-trainer/audio/TT087.mp3,,"Claude Debussy — Syrinx, L. 129 — Solo flute extract",,"Sarah Bassingthwaite, flute",https://commons.wikimedia.org/wiki/File:Debussy_-_Syrinx.ogg,CC BY-SA 2.0 / EFF Open Audio License,,,,,,Monophonic texture,TEX.TYPE,1,medium
CLIP-9617A9CBBDF6,audio/piano/E4.mp3 | audio/piano/B3.mp3,,,,,Generated from modules/melodic-intervals/interval-data.js,Uses bundled piano samples,,Generated ear-training interval,,Piano,,descending Perfect 4th,MEL.INTERVAL.NUMBER | MEL.INTERVAL.QUALITY,13,high
CLIP-9712C9354F45,modules/instrument-identifier/audio/II039.mp3,Bach,Cello Suite No. 3 (2),,,MusOpen,PD,Baroque,Suite,Solo,CELLO,Strings,Solo,INS.FAMILY | INS.INDIVIDUAL,1,high
CLIP-974420A59B4B,audio/piano/Cs4.mp3 | audio/piano/Cs3.mp3,,,,,Generated from modules/melodic-intervals/interval-data.js,Uses bundled piano samples,,Generated ear-training interval,,Piano,,descending Perfect octave,MEL.INTERVAL.NUMBER | MEL.INTERVAL.QUALITY,9,high
CLIP-983F7369A058,modules/texture-trainer/audio/TT128.mp3,,"J. S. Bach — Little Fugue in G minor, BWV 578",,Formanavt,https://commons.wikimedia.org/wiki/File:J.S.Bach_%E2%80%93_BWV_578.oga,Public domain dedication,,Fugue,,,,Advanced polyphonic,TEX.TYPE,1,high
CLIP-988026B56804,modules/instrument-identifier/audio/II149.mp3,Mozart,Horn Concerto K142 (1),,,MusOpen,PD,Classical,Concerto,Orchestral,FRENCH HORN,Brass,Orchestral,INS.FAMILY | INS.INDIVIDUAL,1,high
CLIP-98CFB28AD36A,audio/piano/Ds4.mp3 | audio/piano/F3.mp3,,,,,Generated from modules/melodic-intervals/interval-data.js,Uses bundled piano samples,,Generated ear-training interval,,Piano,,descending Minor 7th,MEL.INTERVAL.NUMBER | MEL.INTERVAL.QUALITY,7,high
CLIP-98EDF9E83533,modules/melody-master/audio/melodic-devices/MDA025.mp3,Joseph Haydn,"String Quartet in D major, Hob.III:63, Op.64 No.5 ‘The Lark’",I. Allegro moderato,Musopen String Quartet,Musopen Collection hosted by Internet Archive,Public Domain Mark 1.0 / Musopen public-domain recording collection,Classical,Chamber music,,,,Melodic device,MEL.DEVICE,1,high
CLIP-99D9878E6880,modules/meter-master/audio/MTR010.mp3,,,,,https://imslp.org/wiki/String_Quartet_No.12%2C_Op.96_%28Dvo%C5%99%C3%A1k%2C_Anton%C3%ADn%29,,,,,,,Aural classification,RHY.METRE,2,high
CLIP-99F3317F092B,modules/instrument-identifier/audio/II066.mp3,Haydn,Cello Concerto HOB VIId (1),,,MusOpen,PD,Classical,Concerto,Orchestral,CELLO,Strings,Orchestral,INS.FAMILY | INS.INDIVIDUAL,1,high
CLIP-99FBE1FD0A14,audio/piano/D3.mp3 | audio/piano/G3.mp3,,,,,Generated from modules/melodic-intervals/interval-data.js,Uses bundled piano samples,,Generated ear-training interval,,Piano,,ascending Perfect 4th,MEL.INTERVAL.NUMBER | MEL.INTERVAL.QUALITY,18,high
CLIP-9AE4E7B8D385,audio/piano/G3.mp3 | audio/piano/B3.mp3,,,,,Generated from modules/melodic-intervals/interval-data.js,Uses bundled piano samples,,Generated ear-training interval,,Piano,,ascending Major 3rd,MEL.INTERVAL.NUMBER | MEL.INTERVAL.QUALITY,10,high
CLIP-9B1F20CC2E1B,modules/meter-master/audio/MTR017.mp3,,,,,https://imslp.org/wiki/String_Quartet_in_D_major%2C_Hob.III%3A63_%28Haydn%2C_Joseph%29,,,,,,,Aural classification,RHY.METRE | RHY.TIME_SIGNATURE,2,high
CLIP-9B48EF37C953,modules/instrument-identifier/audio/II145.mp3,Grossi,Trumpet Sonata Op. 3 No.12 (3),,,MusOpen,PD,,Sonata,Organ Accomp.,TRUMPET,Brass,Organ Accomp.,INS.FAMILY | INS.INDIVIDUAL,1,medium
CLIP-9B7DC191D548,modules/meter-master/audio/MTR009.mp3,,,,,https://imslp.org/wiki/String_Quartet_No.12%2C_Op.96_%28Dvo%C5%99%C3%A1k%2C_Anton%C3%ADn%29,,,,,,,Aural classification,RHY.METRE,2,high
CLIP-9C24177EBC6C,audio/piano/E3.mp3 | audio/piano/Ds3.mp3,,,,,Generated from modules/melodic-intervals/interval-data.js,Uses bundled piano samples,,Generated ear-training interval,,Piano,,descending Minor 2nd,MEL.INTERVAL.NUMBER | MEL.INTERVAL.QUALITY,2,high
CLIP-9CB54CB87688,modules/texture-trainer/audio/TT055.mp3,,"J. S. Bach — Cello Suite No. 1 in G major, BWV 1007 — III. Courante",,"John Michel, cello",https://commons.wikimedia.org/wiki/File:JOHN_MICHEL_CELLO-J_S_BACH_CELLO_SUITE_1_in_G_Courante.ogg,CC BY-SA 3.0,,Suite,,,,Monophonic texture,TEX.TYPE,1,high
CLIP-9CD4C9A4E77C,modules/instrument-identifier/audio/II246.mp3,Telemann,Oboe Concerto TWV 51,,,MusOpen,PD,Baroque,Concerto,Orchestral,OBOE,Woodwind,Orchestral,INS.FAMILY | INS.INDIVIDUAL,1,high
CLIP-9D1468F68B61,modules/texture-trainer/audio/TT065.mp3,,"J. S. Bach — Cello Suite No. 1 in G major, BWV 1007 — VI. Gigue",,"John Michel, cello",https://commons.wikimedia.org/wiki/File:JOHN_MICHEL_CELLO-J_S_BACH_CELLO_SUITE_1_in_G_Gigue.ogg,CC BY-SA 3.0,,Suite,,,,Monophonic texture,TEX.TYPE,1,high
CLIP-9D48CE95FB64,modules/instrument-identifier/audio/II185.mp3,Faure,Fantasia Op. 79 Allegro,,,MusOpen,PD,,,Piano Accomp.,FLUTE,Woodwind,Piano Accomp.,INS.FAMILY | INS.INDIVIDUAL,1,medium
CLIP-9DC05B1C27FE,modules/meter-master/audio/MTR007.mp3,,,,,https://imslp.org/wiki/Symphony_No.4%2C_Op.98_%28Brahms%2C_Johannes%29,,,,,,,Pulse analysis,RHY.METRE | RHY.TIME_SIGNATURE,2,high
CLIP-9E543D9B06A3,modules/instrument-identifier/audio/II075.mp3,Chopin,Cello Sonata Op.65 (1),,,MusOpen,PD,Romantic,Sonata,Orchestral,CELLO,Strings,Orchestral,INS.FAMILY | INS.INDIVIDUAL,1,high
CLIP-9E5B9AD6F415,audio/piano/Fs3.mp3 | audio/piano/C4.mp3,,,,,Generated from modules/melodic-intervals/interval-data.js,Uses bundled piano samples,,Generated ear-training interval,,Piano,,ascending Diminished 5th,MEL.INTERVAL.NUMBER | MEL.INTERVAL.QUALITY,2,high
CLIP-9F02382DF07F,audio/piano/C4.mp3 | audio/piano/E4.mp3,,,,,Generated from modules/melodic-intervals/interval-data.js,Uses bundled piano samples,,Generated ear-training interval,,Piano,,ascending Major 3rd,MEL.INTERVAL.NUMBER | MEL.INTERVAL.QUALITY,10,high
CLIP-9F64B39F2162,modules/melody-master/audio/melodic-devices/MDA036.mp3,W. A. Mozart,"Symphony No. 40 in G minor, K.550",IV. Allegro assai,Musopen Symphony Orchestra,Musopen Collection hosted by Internet Archive,Public Domain Mark 1.0 / Musopen public-domain recording collection,Classical,Symphony,,,,Melodic device,MEL.DEVICE,1,high
CLIP-9FBBAF783F50,audio/piano/Gs3.mp3 | audio/piano/Fs3.mp3,,,,,Generated from modules/melodic-intervals/interval-data.js,Uses bundled piano samples,,Generated ear-training interval,,Piano,,descending Major 2nd,MEL.INTERVAL.NUMBER | MEL.INTERVAL.QUALITY,4,high
CLIP-A0E13A5DCDD4,modules/texture-trainer/audio/TT080.mp3,,"W. A. Mozart — Symphony No. 40 in G minor, K.550 — IV. Allegro assai",,Musopen Symphony Orchestra,https://archive.org/details/MusopenCollectionAsFlac,Public Domain Mark 1.0 / Musopen public-domain recording collection,,Symphony,,,,Polyphonic texture,TEX.TYPE,1,high
CLIP-A145F7F5BBD3,audio/piano/Cs3.mp3 | audio/piano/Ds3.mp3,,,,,Generated from modules/melodic-intervals/interval-data.js,Uses bundled piano samples,,Generated ear-training interval,,Piano,,ascending Major 2nd,MEL.INTERVAL.NUMBER | MEL.INTERVAL.QUALITY,4,high
CLIP-A14A3C09CC80,audio/piano/Cs3.mp3 | audio/piano/A3.mp3,,,,,Generated from modules/melodic-intervals/interval-data.js,Uses bundled piano samples,,Generated ear-training interval,,Piano,,ascending Minor 6th,MEL.INTERVAL.NUMBER | MEL.INTERVAL.QUALITY,7,high
CLIP-A22836756C52,audio/piano/Fs3.mp3 | audio/piano/B3.mp3,,,,,Generated from modules/melodic-intervals/interval-data.js,Uses bundled piano samples,,Generated ear-training interval,,Piano,,ascending Perfect 4th,MEL.INTERVAL.NUMBER | MEL.INTERVAL.QUALITY,10,high
CLIP-A32519EB4523,modules/instrument-identifier/audio/II261.mp3,,Oboe Concerto BWV1055,,,MusOpen,PD,,Concerto,Orchestral,OBOE,Woodwind,Orchestral,INS.FAMILY | INS.INDIVIDUAL,1,high
CLIP-A35F15911744,audio/piano/E4.mp3 | audio/piano/As3.mp3,,,,,Generated from modules/melodic-intervals/interval-data.js,Uses bundled piano samples,,Generated ear-training interval,,Piano,,descending Augmented 4th,MEL.INTERVAL.NUMBER | MEL.INTERVAL.QUALITY,2,high
CLIP-A44F1BA7BBC8,audio/piano/F3.mp3 | audio/piano/F3.mp3,,,,,Generated from modules/melodic-intervals/interval-data.js,Uses bundled piano samples,,Generated ear-training interval,,Piano,,ascending Perfect unison,MEL.INTERVAL.NUMBER | MEL.INTERVAL.QUALITY,27,high
CLIP-A4931BDBBAB3,modules/texture-trainer/audio/TT036.mp3,,"J. S. Bach — The Well-Tempered Clavier, Book I: Fugue No. 19 in A major, BWV 864",,Kimiko Ishizaka,"https://commons.wikimedia.org/wiki/File:Kimiko_Ishizaka_-_Bach_-_Well-Tempered_Clavier,_Book_1_-_38_Fugue_No._19_in_A_major,_BWV_864.ogg",CC0 1.0,,Fugue,,,,Monophonic → fugal polyphony,TEX.TYPE,1,high
CLIP-A494B785E88A,audio/piano/D3.mp3 | audio/piano/D3.mp3,,,,,Generated from modules/melodic-intervals/interval-data.js,Uses bundled piano samples,,Generated ear-training interval,,Piano,,ascending Perfect unison,MEL.INTERVAL.NUMBER | MEL.INTERVAL.QUALITY,39,high
CLIP-A54D2EFB057A,audio/piano/D4.mp3 | audio/piano/E4.mp3,,,,,Generated from modules/melodic-intervals/interval-data.js,Uses bundled piano samples,,Generated ear-training interval,,Piano,,ascending Major 2nd,MEL.INTERVAL.NUMBER | MEL.INTERVAL.QUALITY,14,high
CLIP-A58DF4BDB836,modules/texture-trainer/audio/TT077.mp3,,"J. S. Bach — The Well-Tempered Clavier, Book I: Fugue No. 9 in E major, BWV 854",,Kimiko Ishizaka,"https://commons.wikimedia.org/wiki/File:Kimiko_Ishizaka_-_Bach_-_Well-Tempered_Clavier,_Book_1_-_18_Fugue_No._9_in_E_major,_BWV_854.ogg",CC0 1.0,,Fugue,,,,Fugal polyphony,TEX.TYPE,1,high
CLIP-A5E0BD6CD909,audio/piano/Fs3.mp3 | audio/piano/Cs4.mp3,,,,,Generated from modules/melodic-intervals/interval-data.js,Uses bundled piano samples,,Generated ear-training interval,,Piano,,ascending Perfect 5th,MEL.INTERVAL.NUMBER | MEL.INTERVAL.QUALITY,7,high
CLIP-A6601168B303,audio/piano/Fs3.mp3 | audio/piano/C3.mp3,,,,,Generated from modules/melodic-intervals/interval-data.js,Uses bundled piano samples,,Generated ear-training interval,,Piano,,descending Augmented 4th,MEL.INTERVAL.NUMBER | MEL.INTERVAL.QUALITY,2,high
CLIP-A7387AF2101C,modules/instrument-identifier/audio/II001.mp3,Beethoven,Violin Concerto Op 61,,,MusOpen,PD,Classical/Romantic transition,Concerto,Orchestral,VIOLIN,Strings,Orchestral,INS.FAMILY | INS.INDIVIDUAL,1,high
CLIP-A75AC93CE860,modules/meter-master/audio/MTR027.mp3,,,,,https://imslp.org/wiki/Symphony_No.40_in_G_minor%2C_K.550_%28Mozart%2C_Wolfgang_Amadeus%29,,,,,,,Rhythm and metre,RHY.METRE | RHY.TIME_SIGNATURE,2,high
CLIP-A7BF25114F0F,modules/instrument-identifier/audio/II175.mp3,von Weber,Clarinet Concerto Op. 26,,,MusOpen,PD,,Concerto,Orchestral,CLARINET,Woodwind,Orchestral,INS.FAMILY | INS.INDIVIDUAL,1,medium
CLIP-A8272E6E232C,audio/piano/A3.mp3 | audio/piano/As3.mp3,,,,,Generated from modules/melodic-intervals/interval-data.js,Uses bundled piano samples,,Generated ear-training interval,,Piano,,ascending Minor 2nd,MEL.INTERVAL.NUMBER | MEL.INTERVAL.QUALITY,6,high
CLIP-A86FDE40919E,modules/meter-master/audio/MTR023.mp3,,,,,https://imslp.org/wiki/Symphony_No.4%2C_Op.90_%28Mendelssohn%2C_Felix%29,,,,,,,Regularity,RHY.METRE,2,high
CLIP-A89184FDB547,modules/instrument-identifier/audio/II219.mp3,Andersen,24 Etudes for Flute Op. 15 (6),,,MusOpen,PD,,Study,Solo,FLUTE,Woodwind,Solo,INS.FAMILY | INS.INDIVIDUAL,1,medium
CLIP-A94AC8BECC60,modules/instrument-identifier/audio/II114.mp3,Bach,Suite No. 4 (4),,,MusOpen,PD,Baroque,Suite,Solo,CELLO,Strings,Solo,INS.FAMILY | INS.INDIVIDUAL,1,high
CLIP-A9DE6E8A06B8,modules/instrument-identifier/audio/II179.mp3,Mozart,Clarinet Concerto K662,,,MusOpen,PD,Classical,Concerto,Orchestral,CLARINET,Woodwind,Orchestral,INS.FAMILY | INS.INDIVIDUAL,1,high
CLIP-AA691AE84835,modules/instrument-identifier/audio/II048.mp3,Elgar,Cello Concerto Op. 85,,,MusOpen,PD,,Concerto,Orchestral,CELLO,Strings,Orchestral,INS.FAMILY | INS.INDIVIDUAL,1,medium
CLIP-AA88FECC06C7,modules/instrument-identifier/audio/II088.mp3,,Cello Sonata Op.1 (2),,,MusOpen,PD,,Sonata,Piano Accomp.,CELLO,Strings,Piano Accomp.,INS.FAMILY | INS.INDIVIDUAL,1,high
CLIP-AA8C43306878,modules/texture-trainer/audio/TT105.mp3,,"Frédéric Chopin — Nocturne in E-flat major, Op. 9 No. 2",,Musopen collection performer,https://commons.wikimedia.org/wiki/File:Nocturne_Op._9_no._2_in_E_flat_major.mp3,CC0,,Character piece,,,,Homophonic,TEX.ROLE | TEX.TYPE,1,high
CLIP-AAC411858B8B,modules/instrument-identifier/audio/II159.mp3,von Weber,Clarinet Concerto Op. 73 (1),,,MusOpen,PD,,Concerto,Orchestral,CLARINET,Woodwind,Orchestral,INS.FAMILY | INS.INDIVIDUAL,1,medium
CLIP-AACE757DD446,audio/piano/Fs3.mp3 | audio/piano/E3.mp3,,,,,Generated from modules/melodic-intervals/interval-data.js,Uses bundled piano samples,,Generated ear-training interval,,Piano,,descending Major 2nd,MEL.INTERVAL.NUMBER | MEL.INTERVAL.QUALITY,10,high
CLIP-AB5C40466C16,modules/texture-trainer/audio/TT011.mp3,,"J. S. Bach — Fugue in D major, BWV 850",,See source page,https://commons.wikimedia.org/wiki/File:Fugue_DMajor_BWV850.ogg,Check the current licence statement on the source page,,Fugue,,,,Fugal polyphony,TEX.TYPE,1,high
CLIP-AB6192D407EE,modules/instrument-identifier/audio/II054.mp3,Debussy,Cello Sonata (2) Moderramente Anime,,,MusOpen,PD,Twentieth century,Sonata,Piano Accomp.,CELLO,Strings,Piano Accomp.,INS.FAMILY | INS.INDIVIDUAL,1,high
CLIP-AB85A6C4209C,modules/melody-master/audio/melodic-devices/MDA028.mp3,Joseph Haydn,"String Quartet in D major, Hob.III:63, Op.64 No.5 ‘The Lark’",IV. Finale,Musopen String Quartet,Musopen Collection hosted by Internet Archive,Public Domain Mark 1.0 / Musopen public-domain recording collection,Classical,Chamber music,,,,Melodic device,MEL.DEVICE,1,high
CLIP-ACBB12D5AB50,modules/instrument-identifier/audio/II254.mp3,,Oboe Sonata FAWB,,,MusOpen,PD,,Sonata,Organ Accomp.,TRUMPET,BRASS,Organ Accomp.,INS.FAMILY | INS.INDIVIDUAL,1,high
CLIP-ACBFF3E416EF,modules/instrument-identifier/audio/II184.mp3,Faure,Fantasia Op. 79 Allegro,,,MusOpen,PD,,,Piano Accomp.,FLUTE,Woodwind,Piano Accomp.,INS.FAMILY | INS.INDIVIDUAL,1,medium
CLIP-ACF40A74C633,audio/piano/Cs4.mp3 | audio/piano/E3.mp3,,,,,Generated from modules/melodic-intervals/interval-data.js,Uses bundled piano samples,,Generated ear-training interval,,Piano,,descending Major 6th,MEL.INTERVAL.NUMBER | MEL.INTERVAL.QUALITY,7,high
CLIP-ACF52DDA860C,modules/texture-trainer/audio/TT016.mp3,,"L. van Beethoven — Symphony No. 5 in C minor, movement I",,Musopen Symphony Orchestra,"https://commons.wikimedia.org/wiki/File:Ludwig_van_Beethoven_-_symphony_no._5_in_c_minor,_op._67_-_i._allegro_con_brio.ogg",Check the current licence statement on the source page,,Symphony,,,,Unison/octaves → thicker texture,TEX.TYPE,1,high
CLIP-ACFFE1B15CD5,modules/instrument-identifier/audio/II037.mp3,Schumann,Marchenbilder Op. 113,,,MusOpen,PD,Romantic,,Piano Accomp.,VIOLA,Strings,Piano Accomp.,INS.FAMILY | INS.INDIVIDUAL,1,medium
CLIP-AD1E59332EC4,audio/piano/E3.mp3 | audio/piano/C4.mp3,,,,,Generated from modules/melodic-intervals/interval-data.js,Uses bundled piano samples,,Generated ear-training interval,,Piano,,ascending Minor 6th,MEL.INTERVAL.NUMBER | MEL.INTERVAL.QUALITY,9,high
CLIP-AD2DB69A7EE3,modules/instrument-identifier/audio/II117.mp3,Beethoven,Cello Sonata Op. 69 (2),,,MusOpen,PD,Classical/Romantic transition,Sonata,Piano Accomp.,CELLO,Strings,Piano Accomp.,INS.FAMILY | INS.INDIVIDUAL,1,high
CLIP-AD710FC01EF4,modules/instrument-identifier/audio/II070.mp3,Vivaldi,Sonata No. 5 (3),,,MusOpen,PD,Baroque,Sonata,Harpsichord,CELLO,Strings,Harpsichord,INS.FAMILY | INS.INDIVIDUAL,1,high
CLIP-AD837BF49E1C,modules/texture-trainer/audio/TT047.mp3,,"J. S. Bach — Toccata and Fugue in D minor, BWV 565: Toccata opening",,Kevin MacLeod,https://commons.wikimedia.org/wiki/File:Toccata_and_Fugue_in_D_Minor_(ISRC_USUAN1100350).mp3,CC BY 3.0,,Fugue,,,,Monophonic / octaves,TEX.TYPE,1,high
CLIP-ADFBD348022A,audio/piano/D4.mp3 | audio/piano/E3.mp3,,,,,Generated from modules/melodic-intervals/interval-data.js,Uses bundled piano samples,,Generated ear-training interval,,Piano,,descending Minor 7th,MEL.INTERVAL.NUMBER | MEL.INTERVAL.QUALITY,14,high
CLIP-AE64D52857C0,audio/piano/G3.mp3 | audio/piano/C4.mp3,,,,,Generated from modules/melodic-intervals/interval-data.js,Uses bundled piano samples,,Generated ear-training interval,,Piano,,ascending Perfect 4th,MEL.INTERVAL.NUMBER | MEL.INTERVAL.QUALITY,17,high
CLIP-AEEE96E36876,modules/instrument-identifier/audio/II244.mp3,Telemann,Oboe Concerto TWV 51,,,MusOpen,PD,Baroque,Concerto,Orchestral,OBOE,Woodwind,Orchestral,INS.FAMILY | INS.INDIVIDUAL,1,high
CLIP-AF716D4B93D4,modules/texture-trainer/audio/TT018.mp3,,F. Mendelssohn — The Hebrides Overture (‘Fingal’s Cave’),,Musopen Symphony Orchestra,https://commons.wikimedia.org/wiki/File:Mendelssohn_-_Hebrides_Overture_Fingal's_Cave.ogg,CC0 / Public Domain Mark on Commons source page,,Overture,,,,Thin → thicker/layered,TEX.TYPE,1,high
CLIP-AFE19D7846DE,modules/instrument-identifier/audio/II204.mp3,Bach,Partita BWV 1013,,,MusOpen,PD,Baroque,,Solo,FLUTE,Woodwind,Solo,INS.FAMILY | INS.INDIVIDUAL,1,medium
CLIP-B05CEB45F720,modules/instrument-identifier/audio/II093.mp3,Beethoven,Cello Sonata Op. 69 (1),,,MusOpen,PD,Classical/Romantic transition,Sonata,Piano Accomp.,CELLO,Strings,Piano Accomp.,INS.FAMILY | INS.INDIVIDUAL,1,high
CLIP-B072174C5AA4,modules/instrument-identifier/audio/II216.mp3,Kuhlau,3 Fantasies Op. 38 No.1,,,MusOpen,PD,,,Solo,FLUTE,Woodwind,Solo,INS.FAMILY | INS.INDIVIDUAL,1,medium
CLIP-B0B0FF994D43,modules/instrument-identifier/audio/II176.mp3,Mozart,Clarinet Concerto K662,,,MusOpen,PD,Classical,Concerto,Orchestral,CLARINET,Woodwind,Orchestral,INS.FAMILY | INS.INDIVIDUAL,1,high
CLIP-B0F9BC01503D,modules/instrument-identifier/audio/II131.mp3,Bottesini,Double Bass Concerto No. 2 (1),,,MusOpen,PD,,Concerto,Orchestral,DOUBLE BASS,Strings,Orchestral,INS.FAMILY | INS.INDIVIDUAL,1,medium
CLIP-B129975CA877,modules/instrument-identifier/audio/II165.mp3,,Clarinet Concerto,,,MusOpen,PD,,Concerto,Organ Accomp.,CLARINET,Woodwind,Organ Accomp.,INS.FAMILY | INS.INDIVIDUAL,1,high
CLIP-B28568682337,modules/instrument-identifier/audio/II085.mp3,Vivaldi,Sonata No. 5 (2),,,MusOpen,PD,Baroque,Sonata,Harpsichord,CELLO,Strings,Harpsichord,INS.FAMILY | INS.INDIVIDUAL,1,high
CLIP-B29E32E68F19,audio/piano/Ds3.mp3 | audio/piano/C3.mp3,,,,,Generated from modules/melodic-intervals/interval-data.js,Uses bundled piano samples,,Generated ear-training interval,,Piano,,descending Minor 3rd,MEL.INTERVAL.NUMBER | MEL.INTERVAL.QUALITY,7,high
CLIP-B3308EB3F053,modules/instrument-identifier/audio/II110.mp3,Bach,Suite No. 4 (1),,,MusOpen,PD,Baroque,Suite,Solo,CELLO,Strings,Solo,INS.FAMILY | INS.INDIVIDUAL,1,high
CLIP-B3825A13E565,modules/instrument-identifier/audio/II113.mp3,Bach,Suite No. 4 (4),,,MusOpen,PD,Baroque,Suite,Solo,CELLO,Strings,Solo,INS.FAMILY | INS.INDIVIDUAL,1,high
CLIP-B394355DB8B3,audio/piano/A3.mp3 | audio/piano/A3.mp3,,,,,Generated from modules/melodic-intervals/interval-data.js,Uses bundled piano samples,,Generated ear-training interval,,Piano,,ascending Perfect unison,MEL.INTERVAL.NUMBER | MEL.INTERVAL.QUALITY,39,high
CLIP-B43473022B15,modules/instrument-identifier/audio/II248.mp3,Telemann,Oboe Concerto TWV 51,,,MusOpen,PD,Baroque,Concerto,Orchestral,OBOE,Woodwind,Orchestral,INS.FAMILY | INS.INDIVIDUAL,1,high
CLIP-B439D1684D97,modules/instrument-identifier/audio/II283.mp3,,Oboe Concerto HWV 302,,,MusOpen,PD,,Concerto,Orchestral,OBOE,Woodwind,Orchestral,INS.FAMILY | INS.INDIVIDUAL,1,high
CLIP-B4552E240DE8,audio/piano/Fs3.mp3 | audio/piano/Ds3.mp3,,,,,Generated from modules/melodic-intervals/interval-data.js,Uses bundled piano samples,,Generated ear-training interval,,Piano,,descending Minor 3rd,MEL.INTERVAL.NUMBER | MEL.INTERVAL.QUALITY,2,high
CLIP-B47DD91F94E4,modules/instrument-identifier/audio/II196.mp3,Bach,Flute Sonata BWV 1034,,,MusOpen,PD,Baroque,Sonata,Harpsichord,RECORDER,Woodwind,Harpsichord,INS.FAMILY | INS.INDIVIDUAL,1,high
CLIP-B4CE22C94FC4,audio/piano/B3.mp3 | audio/piano/F3.mp3,,,,,Generated from modules/melodic-intervals/interval-data.js,Uses bundled piano samples,,Generated ear-training interval,,Piano,,descending Augmented 4th,MEL.INTERVAL.NUMBER | MEL.INTERVAL.QUALITY,2,high
CLIP-B5CCFA9DC607,modules/instrument-identifier/audio/II042.mp3,Bach,Cello Suite No. 3 (6),,,MusOpen,PD,Baroque,Suite,Solo,CELLO,Strings,Solo,INS.FAMILY | INS.INDIVIDUAL,1,high
CLIP-B636DDF81B6E,audio/piano/Gs3.mp3 | audio/piano/D4.mp3,,,,,Generated from modules/melodic-intervals/interval-data.js,Uses bundled piano samples,,Generated ear-training interval,,Piano,,ascending Diminished 5th,MEL.INTERVAL.NUMBER | MEL.INTERVAL.QUALITY,2,high
CLIP-B63C778B6F19,modules/instrument-identifier/audio/II240.mp3,,Concerto for Oboe and Orch.,,,MusOpen,PD,,Concerto,Orchestral,OBOE,Woodwind,Orchestral,INS.FAMILY | INS.INDIVIDUAL,1,high
CLIP-B64DC5C2510C,modules/meter-master/audio/MTR006.mp3,,,,,https://imslp.org/wiki/Symphony_No.4%2C_Op.98_%28Brahms%2C_Johannes%29,,,,,,,Aural classification,RHY.METRE | RHY.TIME_SIGNATURE,2,high
CLIP-B76B4932A796,modules/instrument-identifier/audio/II033.mp3,Rolla,Viola Sonatas Op. 3 (1),,,MusOpen,PD,,Sonata,Orchestral,VIOLA,Strings,Orchestral,INS.FAMILY | INS.INDIVIDUAL,1,medium
CLIP-B7711479C1F3,modules/texture-trainer/audio/TT115.mp3,,"J. S. Bach — Wachet auf, BWV 140 – Duet",,MIT Concert Choir soloists,https://commons.wikimedia.org/wiki/File:Bach_-_cantata_140._6._duet.ogg,CC BY-SA 2.0,,,,,,Simple polyphonic,TEX.TYPE,1,medium
CLIP-B779F5B7AACC,audio/piano/Cs3.mp3 | audio/piano/C4.mp3,,,,,Generated from modules/melodic-intervals/interval-data.js,Uses bundled piano samples,,Generated ear-training interval,,Piano,,ascending Major 7th,MEL.INTERVAL.NUMBER | MEL.INTERVAL.QUALITY,2,high
CLIP-B7C7B7BD6CC0,modules/instrument-identifier/audio/II260.mp3,,Oboe Concerto BWV1055,,,MusOpen,PD,,Concerto,Orchestral,OBOE,Woodwind,Orchestral,INS.FAMILY | INS.INDIVIDUAL,1,high
CLIP-B81225E38176,audio/piano/D4.mp3 | audio/piano/Ds3.mp3,,,,,Generated from modules/melodic-intervals/interval-data.js,Uses bundled piano samples,,Generated ear-training interval,,Piano,,descending Major 7th,MEL.INTERVAL.NUMBER | MEL.INTERVAL.QUALITY,5,high
CLIP-B88AF984D267,audio/piano/Ds3.mp3 | audio/piano/Ds4.mp3,,,,,Generated from modules/melodic-intervals/interval-data.js,Uses bundled piano samples,,Generated ear-training interval,,Piano,,ascending Perfect octave,MEL.INTERVAL.NUMBER | MEL.INTERVAL.QUALITY,9,high
CLIP-B8BB4927E022,audio/piano/Gs3.mp3 | audio/piano/B3.mp3,,,,,Generated from modules/melodic-intervals/interval-data.js,Uses bundled piano samples,,Generated ear-training interval,,Piano,,ascending Minor 3rd,MEL.INTERVAL.NUMBER | MEL.INTERVAL.QUALITY,4,high
CLIP-B8BFFCB2BF23,modules/texture-trainer/audio/TT014.mp3,,"J. S. Bach — Brandenburg Concerto No. 5, movement III",,See source page,https://commons.wikimedia.org/wiki/File:Bach_-_Brandenburg_Concerto_5_-_3._Allegro.ogg,Check the current licence statement on the source page,,Concerto,,,,Monophonic → polyphonic,TEX.TYPE,1,high
CLIP-B91E15900556,modules/instrument-identifier/audio/II155.mp3,von Weber,Clarinet Concerto Op. 73 (2),,,MusOpen,PD,,Concerto,Orchestral,CLARINET,Woodwind,Orchestral,INS.FAMILY | INS.INDIVIDUAL,1,medium
CLIP-B91F13BFD047,audio/piano/D3.mp3 | audio/piano/C4.mp3,,,,,Generated from modules/melodic-intervals/interval-data.js,Uses bundled piano samples,,Generated ear-training interval,,Piano,,ascending Minor 7th,MEL.INTERVAL.NUMBER | MEL.INTERVAL.QUALITY,14,high
CLIP-B97F686F28C2,modules/texture-trainer/audio/TT081.mp3,,"J. S. Bach — Partita in A minor for solo flute, BWV 1013 — IV. Bourrée anglaise",,"Scott Goff, flute",https://commons.wikimedia.org/wiki/File:Bach_-_Partita_For_Solo_Flute_-_Modern_Flute_-_4._Bouree.ogg,CC BY-SA 2.0 / EFF Open Audio-compatible,,,,,,Monophonic texture,TEX.TYPE,1,medium
CLIP-B9E57ED317E4,modules/instrument-identifier/audio/II262.mp3,,Oboe Concerto BWV1055,,,MusOpen,PD,,Concerto,Orchestral,OBOE,Woodwind,Orchestral,INS.FAMILY | INS.INDIVIDUAL,1,high
CLIP-BA2BF1125F91,modules/instrument-identifier/audio/II006.mp3,Beethoven,"Violin Sonata No. 9 ""Kreutzer""",,,MusOpen,PD,Classical/Romantic transition,Sonata,Piano Accomp.,VIOLIN,Strings,Piano Accomp.,INS.FAMILY | INS.INDIVIDUAL,1,high
CLIP-BA43B42B25ED,audio/piano/As3.mp3 | audio/piano/G3.mp3,,,,,Generated from modules/melodic-intervals/interval-data.js,Uses bundled piano samples,,Generated ear-training interval,,Piano,,descending Minor 3rd,MEL.INTERVAL.NUMBER | MEL.INTERVAL.QUALITY,10,high
CLIP-BB32E94197A6,modules/texture-trainer/audio/TT069.mp3,,"Antonín Dvořák — String Quartet No. 12 in F major, Op. 96 ‘American’ — IV. Finale",,Musopen String Quartet,https://archive.org/details/MusopenCollectionAsFlac,Public Domain Mark 1.0 / Musopen public-domain recording collection,,Chamber music,,,,Homophonic texture,TEX.TYPE,1,high
CLIP-BB57977AD8CF,audio/piano/Cs3.mp3 | audio/piano/C3.mp3,,,,,Generated from modules/melodic-intervals/interval-data.js,Uses bundled piano samples,,Generated ear-training interval,,Piano,,descending Minor 2nd,MEL.INTERVAL.NUMBER | MEL.INTERVAL.QUALITY,2,high
CLIP-BBECBD99CDBA,modules/instrument-identifier/audio/II151.mp3,Glazunov,Reverie Op. 24,,,MusOpen,PD,,,Piano Accomp.,FRENCH HORN,Brass,Piano Accomp.,INS.FAMILY | INS.INDIVIDUAL,1,medium
CLIP-BC03D4079D36,modules/melody-master/audio/melodic-devices/MDA020.mp3,Antonín Dvořák,"String Quartet No. 12 in F major, Op. 96 ‘American’",IV. Finale,Musopen String Quartet,Musopen Collection hosted by Internet Archive,Public Domain Mark 1.0 / Musopen public-domain recording collection,,Chamber music,,,,Melodic device,MEL.DEVICE,1,medium
CLIP-BC26B94AD95F,modules/instrument-identifier/audio/II178.mp3,Mozart,Clarinet Concerto K662,,,MusOpen,PD,Classical,Concerto,Orchestral,CLARINET,Woodwind,Orchestral,INS.FAMILY | INS.INDIVIDUAL,1,high
CLIP-BC5E142510A4,audio/piano/Ds4.mp3 | audio/piano/D4.mp3,,,,,Generated from modules/melodic-intervals/interval-data.js,Uses bundled piano samples,,Generated ear-training interval,,Piano,,descending Minor 2nd,MEL.INTERVAL.NUMBER | MEL.INTERVAL.QUALITY,5,high
CLIP-BCCB3D04C4A3,modules/melody-master/audio/melodic-devices/MDA018.mp3,Antonín Dvořák,"String Quartet No. 12 in F major, Op. 96 ‘American’",II. Lento,Musopen String Quartet,Musopen Collection hosted by Internet Archive,Public Domain Mark 1.0 / Musopen public-domain recording collection,,Chamber music,,,,Melodic device,MEL.DEVICE,1,medium
CLIP-BCF7E868BB27,audio/piano/As3.mp3 | audio/piano/D3.mp3,,,,,Generated from modules/melodic-intervals/interval-data.js,Uses bundled piano samples,,Generated ear-training interval,,Piano,,descending Minor 6th,MEL.INTERVAL.NUMBER | MEL.INTERVAL.QUALITY,8,high
CLIP-BD5F009F6AAB,modules/texture-trainer/audio/TT013.mp3,,"J. S. Bach — Fugue in D major, BWV 850",,See source page,https://commons.wikimedia.org/wiki/File:Fugue_DMajor_BWV850.ogg,Check the current licence statement on the source page,,Fugue,,,,Monophonic → polyphonic,TEX.TYPE,1,high
CLIP-BD93E63F6335,modules/melody-master/audio/melodic-devices/MDA005.mp3,Mussorgsky,Pictures at an Exhibition,,Chiara Bertoglio,Existing EchoAural Melody Master,CC BY 3.0,Romantic,,,,,Melodic device,MEL.DEVICE,1,medium
CLIP-BDA6789FF694,modules/texture-trainer/audio/TT135.mp3,,Thomas Tallis — Spem in alium – antiphonal extract,,Janet Cardiff installation recording,https://commons.wikimedia.org/wiki/File:Spem_in_alium.ogg,CC BY-SA 3.0,,,,,,Texture feature,TEX.TYPE,1,medium
CLIP-BDE7DEA06D09,modules/instrument-identifier/audio/II271.mp3,,La Gracieuse (1) Prelude,,,MusOpen,PD,,Prelude,Harpsichord,OBOE,Woodwind,Harpsichord,INS.FAMILY | INS.INDIVIDUAL,1,high
CLIP-BDFEED11FC28,audio/piano/As3.mp3 | audio/piano/Gs3.mp3,,,,,Generated from modules/melodic-intervals/interval-data.js,Uses bundled piano samples,,Generated ear-training interval,,Piano,,descending Major 2nd,MEL.INTERVAL.NUMBER | MEL.INTERVAL.QUALITY,4,high
CLIP-C050D3CA1445,modules/instrument-identifier/audio/II241.mp3,Telemann,Oboe Concerto TWV 51,,,MusOpen,PD,Baroque,Concerto,Orchestral,OBOE,Woodwind,Orchestral,INS.FAMILY | INS.INDIVIDUAL,1,high
CLIP-C063D3BA59D6,modules/instrument-identifier/audio/II237.mp3,,Concerto for Oboe and Orch.,,,MusOpen,PD,,Concerto,Orchestral,OBOE,Woodwind,Orchestral,INS.FAMILY | INS.INDIVIDUAL,1,high
CLIP-C0A944587E79,audio/piano/Fs3.mp3 | audio/piano/Gs3.mp3,,,,,Generated from modules/melodic-intervals/interval-data.js,Uses bundled piano samples,,Generated ear-training interval,,Piano,,ascending Major 2nd,MEL.INTERVAL.NUMBER | MEL.INTERVAL.QUALITY,4,high
CLIP-C13C9B32DE29,modules/instrument-identifier/audio/II046.mp3,,Cello Sonata - 3 Finale,,,MusOpen,PD,,Sonata,Piano Accomp.,CELLO,Strings,Piano Accomp.,INS.FAMILY | INS.INDIVIDUAL,1,high
CLIP-C17AD3A7F487,modules/instrument-identifier/audio/II049.mp3,Elgar,Cello Concerto Op. 85,,,MusOpen,PD,,Concerto,Orchestral,CELLO,Strings,Orchestral,INS.FAMILY | INS.INDIVIDUAL,1,medium
CLIP-C1AC1004DE76,audio/piano/C3.mp3 | audio/piano/Gs3.mp3,,,,,Generated from modules/melodic-intervals/interval-data.js,Uses bundled piano samples,,Generated ear-training interval,,Piano,,ascending Minor 6th,MEL.INTERVAL.NUMBER | MEL.INTERVAL.QUALITY,4,high
CLIP-C2B9621C8A0C,modules/melody-master/questions/mm015/MM015-audio.mp3,Beethoven,"Symphony no. 6 in F major, Op. 68 'Pastoral'",II. Andante molto mosso,,Musopen,PDM 1.0,Classical/Romantic transition,Symphony,,,,dictation,MEL.DICTATION.PITCH,1,high
CLIP-C327E52545C4,modules/instrument-identifier/audio/II275.mp3,,La Gracieuse (6) Minuet,,,MusOpen,PD,,Dance,Harpsichord,OBOE,Woodwind,Harpsichord,INS.FAMILY | INS.INDIVIDUAL,1,high
CLIP-C36D970E0BC9,audio/piano/Cs4.mp3 | audio/piano/E4.mp3,,,,,Generated from modules/melodic-intervals/interval-data.js,Uses bundled piano samples,,Generated ear-training interval,,Piano,,ascending Minor 3rd,MEL.INTERVAL.NUMBER | MEL.INTERVAL.QUALITY,7,high
CLIP-C3A096F55CA3,modules/instrument-identifier/audio/II259.mp3,,Oboe Concerto BWV1055,,,MusOpen,PD,,Concerto,Orchestral,OBOE,Woodwind,Orchestral,INS.FAMILY | INS.INDIVIDUAL,1,high
CLIP-C3BE28DE910F,audio/piano/Ds4.mp3 | audio/piano/A3.mp3,,,,,Generated from modules/melodic-intervals/interval-data.js,Uses bundled piano samples,,Generated ear-training interval,,Piano,,descending Diminished 5th,MEL.INTERVAL.NUMBER | MEL.INTERVAL.QUALITY,3,high
CLIP-C495715D0697,modules/melody-master/questions/mm009/MM009-audio.mp3,Haydn,"Cello Concerto no. 1 in C major, Hob. VIIb:1",I. Moderato,,Musopen,CC BY 3.0,Classical,Concerto,,,,dictation,MEL.DICTATION.PITCH,3,high
CLIP-C5C5016961F3,modules/texture-trainer/audio/TT048.mp3,,"J. S. Bach — The Art of Fugue, BWV 1080: Contrapunctus I",,MIDI-derived rendering from Mutopia edition,"https://commons.wikimedia.org/wiki/File:The_Art_of_Fugue,_Contrapunctus_I.ogg",PDM 1.0,,Fugue,,,,Monophonic → fugal polyphony,TEX.TYPE,1,high
CLIP-C5C878763FFD,modules/instrument-identifier/audio/II097.mp3,Beethoven,Cello Sonata Op. 69 (1),,,MusOpen,PD,Classical/Romantic transition,Sonata,Piano Accomp.,CELLO,Strings,Piano Accomp.,INS.FAMILY | INS.INDIVIDUAL,1,high
CLIP-C5CE5CD99BD5,modules/melody-master/questions/MM001/MM001-audio.mp3,Mozart,"Piano Sonata no. 16 in C major 'Facile', K. 545",I. Allegro,,Musopen,PDM 1.0,Classical,Sonata,,,,dictation,MEL.DICTATION.PITCH,1,high
CLIP-C607910D8898,audio/piano/G3.mp3 | audio/piano/F3.mp3,,,,,Generated from modules/melodic-intervals/interval-data.js,Uses bundled piano samples,,Generated ear-training interval,,Piano,,descending Major 2nd,MEL.INTERVAL.NUMBER | MEL.INTERVAL.QUALITY,13,high
CLIP-C6BF016EEAFE,audio/piano/E4.mp3 | audio/piano/E3.mp3,,,,,Generated from modules/melodic-intervals/interval-data.js,Uses bundled piano samples,,Generated ear-training interval,,Piano,,descending Perfect octave,MEL.INTERVAL.NUMBER | MEL.INTERVAL.QUALITY,16,high
CLIP-C74B023601B7,modules/instrument-identifier/audio/II102.mp3,Bach,Suite No. 4 (3),,,MusOpen,PD,Baroque,Suite,Solo,CELLO,Strings,Solo,INS.FAMILY | INS.INDIVIDUAL,1,high
CLIP-C782E9B83D9A,modules/instrument-identifier/audio/II111.mp3,Bach,Suite No. 4 (1),,,MusOpen,PD,Baroque,Suite,Solo,CELLO,Strings,Solo,INS.FAMILY | INS.INDIVIDUAL,1,high
CLIP-C7A76D9D7F50,modules/instrument-identifier/audio/II024.mp3,Bach,Double Violin Concerto (3),,,MusOpen,PD,Baroque,Concerto,Orchestral,VIOLIN,Strings,Orchestral,INS.FAMILY | INS.INDIVIDUAL,1,high
CLIP-C7D3885C0D79,modules/instrument-identifier/audio/II218.mp3,Kuhlau,3 Fantasies Op. 38 No.1,,,MusOpen,PD,,,Solo,FLUTE,Woodwind,Solo,INS.FAMILY | INS.INDIVIDUAL,1,medium
CLIP-C7FD37641601,audio/piano/C4.mp3 | audio/piano/Ds4.mp3,,,,,Generated from modules/melodic-intervals/interval-data.js,Uses bundled piano samples,,Generated ear-training interval,,Piano,,ascending Minor 3rd,MEL.INTERVAL.NUMBER | MEL.INTERVAL.QUALITY,7,high
CLIP-C81EA4E0BE39,modules/instrument-identifier/audio/II202.mp3,Bach,Partita BWV 1013,,,MusOpen,PD,Baroque,,Solo,FLUTE,Woodwind,Solo,INS.FAMILY | INS.INDIVIDUAL,1,medium
CLIP-C8F3D509ED88,modules/melody-master/audio/melodic-devices/MDA002.mp3,Mozart,"Piano Sonata no. 11 in A major, K. 331",I. Andante grazioso,European Archive,Existing EchoAural Melody Master,PDM 1.0,Classical,Sonata,,,,Melodic device,MEL.DEVICE,1,high
CLIP-C92386476B1B,modules/melody-master/audio/melodic-devices/MDA009.mp3,L. van Beethoven,"Symphony No. 3 in E-flat major, Op. 55 ‘Eroica’",I. Allegro con brio,Musopen Symphony Orchestra,Musopen Collection hosted by Internet Archive,Public Domain Mark 1.0 / Musopen public-domain recording collection,Classical/Romantic transition,Symphony,,,,Melodic device,MEL.DEVICE,1,high
CLIP-C9727F6650BE,modules/melody-master/audio/melodic-devices/MDA021.mp3,Edvard Grieg,"Peer Gynt Suite No. 1, Op. 46",I. Morning Mood,Musopen Symphony Orchestra,Musopen Collection hosted by Internet Archive,Public Domain Mark 1.0 / Musopen public-domain recording collection,Romantic,Suite,,,,Melodic device,MEL.DEVICE,1,high
CLIP-C9C565AA53EA,modules/instrument-identifier/audio/II158.mp3,von Weber,Clarinet Concerto Op. 73 (1),,,MusOpen,PD,,Concerto,Orchestral,CLARINET,Woodwind,Orchestral,INS.FAMILY | INS.INDIVIDUAL,1,medium
CLIP-CA3E006D2492,modules/texture-trainer/audio/TT127.mp3,,"J. S. Bach — Prelude and Fugue in B-flat minor, BWV 891 – fugue section",,Maria Pan'kiv,https://commons.wikimedia.org/wiki/File:Bach-WTC-2-22.ogg,CC BY-SA 3.0,,Fugue,,,,Fugue,TEX.TYPE,1,high
CLIP-CA59E7249F27,modules/texture-trainer/audio/TT120.mp3,,"Arcangelo Corelli — Christmas Concerto, Op. 6 No. 8 – part 1",,Advent Chamber Orchestra,https://commons.wikimedia.org/wiki/File:Corelli_-_Concerto_Grosso_in_G_minor_-_Christmas_Concerto_-_part_1.ogg,CC BY-SA 2.0 / EFF Open Audio,,Concerto,,,,Simple polyphonic,TEX.TYPE,1,high
CLIP-CADC131A5680,modules/instrument-identifier/audio/II222.mp3,Andersen,24 Etudes for Flute Op. 15 (6),,,MusOpen,PD,,Study,Solo,FLUTE,Woodwind,Solo,INS.FAMILY | INS.INDIVIDUAL,1,medium
CLIP-CB221384081D,modules/texture-trainer/audio/TT042.mp3,,"G. F. Handel — Messiah, HWV 56 — 28. He Trusted in God",,MIT Concert Choir; directed by William C. Cutter,https://commons.wikimedia.org/wiki/File:Handel_-_messiah_-_28_he_trusted_in_god.ogg,CC BY-SA 2.0,,,,,,Fugal polyphony,TEX.TYPE,1,medium
CLIP-CB8591C35B93,modules/texture-trainer/audio/TT059.mp3,,"Johannes Brahms — Symphony No. 4 in E minor, Op. 98 — I. Allegro non troppo",,Musopen Symphony Orchestra,https://archive.org/details/MusopenCollectionAsFlac,Public Domain Mark 1.0 / Musopen public-domain recording collection,,Symphony,,,,Homophonic chordal texture,TEX.ROLE | TEX.TYPE,1,high
CLIP-CB9F7DEB2651,modules/instrument-identifier/audio/II086.mp3,,Cello Sonata Op.1 (2),,,MusOpen,PD,,Sonata,Piano Accomp.,CELLO,Strings,Piano Accomp.,INS.FAMILY | INS.INDIVIDUAL,1,high
CLIP-CBA449395529,audio/piano/F3.mp3 | audio/piano/E4.mp3,,,,,Generated from modules/melodic-intervals/interval-data.js,Uses bundled piano samples,,Generated ear-training interval,,Piano,,ascending Major 7th,MEL.INTERVAL.NUMBER | MEL.INTERVAL.QUALITY,6,high
CLIP-CBEF9D8A2B41,modules/texture-trainer/audio/TT044.mp3,,"G. F. Handel — Messiah, HWV 56 — 44. Hallelujah",,MIT Concert Choir; directed by William C. Cutter,https://commons.wikimedia.org/wiki/File:Handel_-_messiah_-_44_hallelujah.ogg,CC BY-SA 2.0,,,,,,Homophonic texture thickening,TEX.ROLE | TEX.TYPE,1,medium
CLIP-CC892B388B4B,modules/texture-trainer/audio/TT035.mp3,,"J. S. Bach — The Well-Tempered Clavier, Book I: Fugue No. 18 in G-sharp minor, BWV 863",,Kimiko Ishizaka,"https://commons.wikimedia.org/wiki/File:Kimiko_Ishizaka_-_Bach_-_Well-Tempered_Clavier,_Book_1_-_36_Fugue_No._18_in_G-sharp_minor,_BWV_863.ogg",CC0 1.0,,Fugue,,,,Monophonic → fugal polyphony,TEX.TYPE,1,high
CLIP-CD184819D52B,modules/instrument-identifier/audio/II050.mp3,Elgar,Cello Concerto Op. 85,,,MusOpen,PD,,Concerto,Orchestral,CELLO,Strings,Orchestral,INS.FAMILY | INS.INDIVIDUAL,1,medium
CLIP-CD82581A9F43,audio/piano/Ds4.mp3 | audio/piano/E3.mp3,,,,,Generated from modules/melodic-intervals/interval-data.js,Uses bundled piano samples,,Generated ear-training interval,,Piano,,descending Major 7th,MEL.INTERVAL.NUMBER | MEL.INTERVAL.QUALITY,2,high
CLIP-CE25D995E7F2,modules/instrument-identifier/audio/II187.mp3,Faure,Fantasia Op. 79 Allegro,,,MusOpen,PD,,,Piano Accomp.,FLUTE,Woodwind,Piano Accomp.,INS.FAMILY | INS.INDIVIDUAL,1,medium
CLIP-CE29BE459C36,modules/instrument-identifier/audio/II198.mp3,Bach,Flute Sonata BWV 1034,,,MusOpen,PD,Baroque,Sonata,Harpsichord,RECORDER,Woodwind,Harpsichord,INS.FAMILY | INS.INDIVIDUAL,1,high
CLIP-CEC919EFB589,modules/instrument-identifier/audio/II190.mp3,Faure,Fantasia Op. 79 Andantino,,,MusOpen,PD,,,Piano Accomp.,FLUTE,Woodwind,Piano Accomp.,INS.FAMILY | INS.INDIVIDUAL,1,medium
CLIP-CF9CEA5E2095,audio/piano/Ds3.mp3 | audio/piano/A3.mp3,,,,,Generated from modules/melodic-intervals/interval-data.js,Uses bundled piano samples,,Generated ear-training interval,,Piano,,ascending Augmented 4th,MEL.INTERVAL.NUMBER | MEL.INTERVAL.QUALITY,3,high
CLIP-CFF826CCF3C9,audio/piano/D4.mp3 | audio/piano/Ds4.mp3,,,,,Generated from modules/melodic-intervals/interval-data.js,Uses bundled piano samples,,Generated ear-training interval,,Piano,,ascending Minor 2nd,MEL.INTERVAL.NUMBER | MEL.INTERVAL.QUALITY,5,high
CLIP-D065E4EA438D,audio/piano/C4.mp3 | audio/piano/B3.mp3,,,,,Generated from modules/melodic-intervals/interval-data.js,Uses bundled piano samples,,Generated ear-training interval,,Piano,,descending Minor 2nd,MEL.INTERVAL.NUMBER | MEL.INTERVAL.QUALITY,6,high
CLIP-D150C026A251,modules/instrument-identifier/audio/II278.mp3,,Oboe Concerto HWV 302,,,MusOpen,PD,,Concerto,Orchestral,OBOE,Woodwind,Orchestral,INS.FAMILY | INS.INDIVIDUAL,1,high
CLIP-D20661F0ACC5,modules/texture-trainer/audio/TT034.mp3,,"J. S. Bach — The Well-Tempered Clavier, Book I: Fugue No. 17 in A-flat major, BWV 862",,Kimiko Ishizaka,"https://commons.wikimedia.org/wiki/File:Kimiko_Ishizaka_-_Bach_-_Well-Tempered_Clavier,_Book_1_-_34_Fugue_No._17_in_A-flat_major,_BWV_862.ogg",CC0 1.0,,Fugue,,,,Polyphonic texture,TEX.TYPE,1,high
CLIP-D2434668EF51,modules/meter-master/audio/MTR013.mp3,,,,,https://imslp.org/wiki/Peer_Gynt_Suite_No.1%2C_Op.46_%28Grieg%2C_Edvard%29,,,,,,,Pulse analysis,RHY.METRE,2,high
CLIP-D2D32A39FF58,audio/piano/E3.mp3 | audio/piano/G3.mp3,,,,,Generated from modules/melodic-intervals/interval-data.js,Uses bundled piano samples,,Generated ear-training interval,,Piano,,ascending Minor 3rd,MEL.INTERVAL.NUMBER | MEL.INTERVAL.QUALITY,13,high
CLIP-D31D27BE6B6D,modules/instrument-identifier/audio/II014.mp3,Mozart,Violin Sonata No.21 K304 (1),,,MusOpen,PD,Classical,Sonata,Piano Accomp.,VIOLIN,Strings,Piano Accomp.,INS.FAMILY | INS.INDIVIDUAL,1,high
CLIP-D3937BA12DEA,modules/texture-trainer/audio/TT131.mp3,,William Byrd — Mass for Four Voices – Agnus Dei,,Ensemble Morales,https://commons.wikimedia.org/wiki/File:Byrd_4-Part_Mass_-_Agnus_Dei.ogg,CC BY 3.0,,Sacred choral,,,,Advanced polyphonic,TEX.TYPE,1,high
CLIP-D39CE5A71344,modules/melody-master/audio/melodic-devices/MDA023.mp3,Edvard Grieg,"Peer Gynt Suite No. 1, Op. 46",III. Anitra’s Dance,Musopen Symphony Orchestra,Musopen Collection hosted by Internet Archive,Public Domain Mark 1.0 / Musopen public-domain recording collection,Romantic,Suite,,,,Melodic device,MEL.DEVICE,1,high
CLIP-D39FDCFCAF4B,modules/instrument-identifier/audio/II047.mp3,,Cello Sonata - 3 Finale,,,MusOpen,PD,,Sonata,Piano Accomp.,CELLO,Strings,Piano Accomp.,INS.FAMILY | INS.INDIVIDUAL,1,high
CLIP-D3AC0CA616A7,audio/piano/F3.mp3 | audio/piano/Ds3.mp3,,,,,Generated from modules/melodic-intervals/interval-data.js,Uses bundled piano samples,,Generated ear-training interval,,Piano,,descending Major 2nd,MEL.INTERVAL.NUMBER | MEL.INTERVAL.QUALITY,7,high
CLIP-D3D26F2B5D2D,modules/instrument-identifier/audio/II127.mp3,Bottesini,Double Bass Concerto No. 2 (3),,,MusOpen,PD,,Concerto,Orchestral,DOUBLE BASS,Strings,Orchestral,INS.FAMILY | INS.INDIVIDUAL,1,medium
CLIP-D4BF07B62FE0,modules/texture-trainer/audio/TT101.mp3,,Traditional hymn — Amazing Grace,,Choir recording on Wikimedia Commons,https://commons.wikimedia.org/wiki/File:Amazing_Grace_-_Choir.ogg,CC BY-SA 3.0,,,,,,Monophonic texture,TEX.TYPE,1,medium
CLIP-D4FF548796CB,audio/piano/Ds3.mp3 | audio/piano/C4.mp3,,,,,Generated from modules/melodic-intervals/interval-data.js,Uses bundled piano samples,,Generated ear-training interval,,Piano,,ascending Major 6th,MEL.INTERVAL.NUMBER | MEL.INTERVAL.QUALITY,7,high
CLIP-D5F92722A907,modules/instrument-identifier/audio/II007.mp3,Bach,Partita No.2 BWV 1004 (5),,,MusOpen,PD,Baroque,,Solo,VIOLIN,Strings,Solo,INS.FAMILY | INS.INDIVIDUAL,1,medium
CLIP-D6240388534A,audio/piano/D3.mp3 | audio/piano/Cs3.mp3,,,,,Generated from modules/melodic-intervals/interval-data.js,Uses bundled piano samples,,Generated ear-training interval,,Piano,,descending Minor 2nd,MEL.INTERVAL.NUMBER | MEL.INTERVAL.QUALITY,5,high
CLIP-D6B003076E31,modules/instrument-identifier/audio/II183.mp3,Mozart,Clarinet Concerto K662 (2),,,MusOpen,PD,Classical,Concerto,Orchestral,CLARINET,Woodwind,Orchestral,INS.FAMILY | INS.INDIVIDUAL,1,high
CLIP-D747B77A482C,audio/piano/G3.mp3 | audio/piano/Cs4.mp3,,,,,Generated from modules/melodic-intervals/interval-data.js,Uses bundled piano samples,,Generated ear-training interval,,Piano,,ascending Augmented 4th,MEL.INTERVAL.NUMBER | MEL.INTERVAL.QUALITY,3,high
CLIP-D899765CC2BE,audio/piano/Cs4.mp3 | audio/piano/As3.mp3,,,,,Generated from modules/melodic-intervals/interval-data.js,Uses bundled piano samples,,Generated ear-training interval,,Piano,,descending Minor 3rd,MEL.INTERVAL.NUMBER | MEL.INTERVAL.QUALITY,2,high
CLIP-D8B0A1D07065,modules/instrument-identifier/audio/II072.mp3,Bach,Cello Suite No.3 (1),,,MusOpen,PD,Baroque,Suite,Solo,CELLO,Strings,Solo,INS.FAMILY | INS.INDIVIDUAL,1,high
CLIP-D922ED1E7E01,audio/piano/As3.mp3 | audio/piano/E4.mp3,,,,,Generated from modules/melodic-intervals/interval-data.js,Uses bundled piano samples,,Generated ear-training interval,,Piano,,ascending Augmented 4th,MEL.INTERVAL.NUMBER | MEL.INTERVAL.QUALITY,2,high
CLIP-D9882A9AA313,audio/piano/Cs4.mp3 | audio/piano/Cs4.mp3,,,,,Generated from modules/melodic-intervals/interval-data.js,Uses bundled piano samples,,Generated ear-training interval,,Piano,,ascending Perfect unison,MEL.INTERVAL.NUMBER | MEL.INTERVAL.QUALITY,18,high
CLIP-D98A84D602B2,modules/instrument-identifier/audio/II245.mp3,Telemann,Oboe Concerto TWV 51,,,MusOpen,PD,Baroque,Concerto,Orchestral,OBOE,Woodwind,Orchestral,INS.FAMILY | INS.INDIVIDUAL,1,high
CLIP-DA08532E88EC,audio/piano/D3.mp3 | audio/piano/D4.mp3,,,,,Generated from modules/melodic-intervals/interval-data.js,Uses bundled piano samples,,Generated ear-training interval,,Piano,,ascending Perfect octave,MEL.INTERVAL.NUMBER | MEL.INTERVAL.QUALITY,20,high
CLIP-DA2CA9B21FF6,modules/meter-master/audio/MTR011.mp3,,,,,https://imslp.org/wiki/String_Quartet_No.12%2C_Op.96_%28Dvo%C5%99%C3%A1k%2C_Anton%C3%ADn%29,,,,,,,Beat-unit analysis,RHY.METRE | RHY.TIME_SIGNATURE,2,high
CLIP-DA585D60C3DB,modules/instrument-identifier/audio/II045.mp3,,Cello Sonata - 3 Finale,,,MusOpen,PD,,Sonata,Piano Accomp.,CELLO,Strings,Piano Accomp.,INS.FAMILY | INS.INDIVIDUAL,1,high
CLIP-DAB52A61FFC5,modules/instrument-identifier/audio/II094.mp3,Beethoven,Cello Sonata Op. 69 (1),,,MusOpen,PD,Classical/Romantic transition,Sonata,Piano Accomp.,CELLO,Strings,Piano Accomp.,INS.FAMILY | INS.INDIVIDUAL,1,high
CLIP-DB17BE02C511,audio/piano/D3.mp3 | audio/piano/Cs4.mp3,,,,,Generated from modules/melodic-intervals/interval-data.js,Uses bundled piano samples,,Generated ear-training interval,,Piano,,ascending Major 7th,MEL.INTERVAL.NUMBER | MEL.INTERVAL.QUALITY,5,high
CLIP-DB60A216FFA5,modules/melody-master/audio/melodic-devices/MDA001.mp3,Mozart,"Piano Sonata no. 16 in C major 'Facile', K. 545",I. Allegro,Fabiomassimo Castelluzzo,Existing EchoAural Melody Master,PDM 1.0,Classical,Sonata,,,,Melodic device,MEL.DEVICE,1,high
CLIP-DB8A59720FEA,modules/instrument-identifier/audio/II144.mp3,Grossi,Trumpet Sonata Op. 3 No.12 (3),,,MusOpen,PD,,Sonata,Organ Accomp.,TRUMPET,Brass,Organ Accomp.,INS.FAMILY | INS.INDIVIDUAL,1,medium
CLIP-DBB94D3F4525,audio/piano/D4.mp3 | audio/piano/Cs4.mp3,,,,,Generated from modules/melodic-intervals/interval-data.js,Uses bundled piano samples,,Generated ear-training interval,,Piano,,descending Minor 2nd,MEL.INTERVAL.NUMBER | MEL.INTERVAL.QUALITY,5,high
CLIP-DC046A140D84,audio/piano/A3.mp3 | audio/piano/Cs4.mp3,,,,,Generated from modules/melodic-intervals/interval-data.js,Uses bundled piano samples,,Generated ear-training interval,,Piano,,ascending Major 3rd,MEL.INTERVAL.NUMBER | MEL.INTERVAL.QUALITY,7,high
CLIP-DC2CBD6FF3F8,modules/instrument-identifier/audio/II031.mp3,Bach,Sonata No 1 (4),,,MusOpen,PD,Baroque,Sonata,Solo,VIOLIN,Strings,Solo,INS.FAMILY | INS.INDIVIDUAL,1,high
CLIP-DC91802BD544,audio/piano/Ds3.mp3 | audio/piano/Cs3.mp3,,,,,Generated from modules/melodic-intervals/interval-data.js,Uses bundled piano samples,,Generated ear-training interval,,Piano,,descending Major 2nd,MEL.INTERVAL.NUMBER | MEL.INTERVAL.QUALITY,4,high
CLIP-DCE3BF2B6AEB,modules/texture-trainer/audio/TT063.mp3,,"Antonín Dvořák — String Quartet No. 12 in F major, Op. 96 ‘American’ — I. Allegro ma non troppo",,Musopen String Quartet,https://archive.org/details/MusopenCollectionAsFlac,Public Domain Mark 1.0 / Musopen public-domain recording collection,,Chamber music,,,,Homophonic chordal texture,TEX.TYPE,1,high
CLIP-DD934A1AC654,modules/instrument-identifier/audio/II139.mp3,Haydn,Trumpet Concerto HOB VIIe (2),,,MusOpen,PD,Classical,Concerto,Orchestral,TRUMPET,Brass,Orchestral,INS.FAMILY | INS.INDIVIDUAL,1,high
CLIP-DF1C97C8E44F,audio/piano/A3.mp3 | audio/piano/Fs3.mp3,,,,,Generated from modules/melodic-intervals/interval-data.js,Uses bundled piano samples,,Generated ear-training interval,,Piano,,descending Minor 3rd,MEL.INTERVAL.NUMBER | MEL.INTERVAL.QUALITY,10,high
CLIP-DF39CA591657,modules/instrument-identifier/audio/II234.mp3,,Concerto for Oboe and Orch.,,,MusOpen,PD,,Concerto,Orchestral,OBOE,Woodwind,Orchestral,INS.FAMILY | INS.INDIVIDUAL,1,high
CLIP-DF3D14E4CFCB,modules/instrument-identifier/audio/II030.mp3,,IV Double Presto,,,MusOpen,PD,,,Solo,VIOLIN,Strings,Solo,INS.FAMILY | INS.INDIVIDUAL,1,medium
CLIP-DF4747CDC766,audio/piano/C3.mp3 | audio/piano/F3.mp3,,,,,Generated from modules/melodic-intervals/interval-data.js,Uses bundled piano samples,,Generated ear-training interval,,Piano,,ascending Perfect 4th,MEL.INTERVAL.NUMBER | MEL.INTERVAL.QUALITY,14,high
CLIP-DF485965F919,audio/piano/As3.mp3 | audio/piano/C3.mp3,,,,,Generated from modules/melodic-intervals/interval-data.js,Uses bundled piano samples,,Generated ear-training interval,,Piano,,descending Minor 7th,MEL.INTERVAL.NUMBER | MEL.INTERVAL.QUALITY,10,high
CLIP-DFA08C359229,modules/instrument-identifier/audio/II169.mp3,,Clarinet Concerto,,,MusOpen,PD,,Concerto,Organ Accomp.,CLARINET,Woodwind,Organ Accomp.,INS.FAMILY | INS.INDIVIDUAL,1,high
CLIP-DFBBF9837B0D,audio/piano/E4.mp3 | audio/piano/F3.mp3,,,,,Generated from modules/melodic-intervals/interval-data.js,Uses bundled piano samples,,Generated ear-training interval,,Piano,,descending Major 7th,MEL.INTERVAL.NUMBER | MEL.INTERVAL.QUALITY,6,high
CLIP-E016419986E6,modules/instrument-identifier/audio/II266.mp3,,Chansonette,,,MusOpen,PD,,,Piano Accomp.,OBOE,Woodwind,Piano Accomp.,INS.FAMILY | INS.INDIVIDUAL,1,medium
CLIP-E019CF5E5580,audio/piano/Ds4.mp3 | audio/piano/E4.mp3,,,,,Generated from modules/melodic-intervals/interval-data.js,Uses bundled piano samples,,Generated ear-training interval,,Piano,,ascending Minor 2nd,MEL.INTERVAL.NUMBER | MEL.INTERVAL.QUALITY,2,high
CLIP-E03166FEC69F,modules/instrument-identifier/audio/II025.mp3,Dushkin,Sicilliene,,,MusOpen,PD,,,Piano Accomp.,VIOLIN,Strings,Piano Accomp.,INS.FAMILY | INS.INDIVIDUAL,1,medium
CLIP-E0C299D7304A,modules/texture-trainer/audio/TT109.mp3,,Traditional — Spanish Romance,,Alisa Gladyseva,https://commons.wikimedia.org/wiki/File:Romanza_espa%C3%B1ola.ogg,CC0 1.0 / Free Art Licence,,,,,,Homophonic,TEX.ROLE | TEX.TYPE,1,medium
CLIP-E0DF93960097,audio/piano/D3.mp3 | audio/piano/A3.mp3,,,,,Generated from modules/melodic-intervals/interval-data.js,Uses bundled piano samples,,Generated ear-training interval,,Piano,,ascending Perfect 5th,MEL.INTERVAL.NUMBER | MEL.INTERVAL.QUALITY,18,high
CLIP-E113AC2E5A31,audio/piano/E3.mp3 | audio/piano/E3.mp3,,,,,Generated from modules/melodic-intervals/interval-data.js,Uses bundled piano samples,,Generated ear-training interval,,Piano,,ascending Perfect unison,MEL.INTERVAL.NUMBER | MEL.INTERVAL.QUALITY,33,high
CLIP-E1478694EC6B,modules/texture-trainer/audio/TT072.mp3,,"Felix Mendelssohn — Symphony No. 4 in A major, Op. 90 ‘Italian’ — IV. Saltarello: Presto",,Musopen Symphony Orchestra,https://archive.org/details/MusopenCollectionAsFlac,Public Domain Mark 1.0 / Musopen public-domain recording collection,,Symphony,,,,Polyphonic texture,TEX.TYPE,1,high
CLIP-E163E290F8FE,audio/piano/F3.mp3 | audio/piano/Cs3.mp3,,,,,Generated from modules/melodic-intervals/interval-data.js,Uses bundled piano samples,,Generated ear-training interval,,Piano,,descending Major 3rd,MEL.INTERVAL.NUMBER | MEL.INTERVAL.QUALITY,2,high
CLIP-E17D3628F928,modules/instrument-identifier/audio/II272.mp3,,La Gracieuse (1) Prelude,,,MusOpen,PD,,Prelude,Harpsichord,OBOE,Woodwind,Harpsichord,INS.FAMILY | INS.INDIVIDUAL,1,high
CLIP-E17DBAF67A21,audio/piano/E3.mp3 | audio/piano/Gs3.mp3,,,,,Generated from modules/melodic-intervals/interval-data.js,Uses bundled piano samples,,Generated ear-training interval,,Piano,,ascending Major 3rd,MEL.INTERVAL.NUMBER | MEL.INTERVAL.QUALITY,4,high
CLIP-E1877A931785,modules/instrument-identifier/audio/II195.mp3,Bach,Flute Sonata BWV 1034,,,MusOpen,PD,Baroque,Sonata,Harpsichord,RECORDER,Woodwind,Harpsichord,INS.FAMILY | INS.INDIVIDUAL,1,high
CLIP-E1972148B148,modules/melody-master/audio/melodic-devices/MDA007.mp3,Beethoven,"Symphony no. 6 in F major, Op. 68 'Pastoral'",II. Andante molto mosso,European Archive,Existing EchoAural Melody Master,PDM 1.0,Classical/Romantic transition,Symphony,,,,Melodic device,MEL.DEVICE,1,high
CLIP-E1AE2514C0DA,modules/texture-trainer/audio/TT012.mp3,,"J. S. Bach — Brandenburg Concerto No. 5, movement III",,See source page,https://commons.wikimedia.org/wiki/File:Bach_-_Brandenburg_Concerto_5_-_3._Allegro.ogg,Check the current licence statement on the source page,,Concerto,,,,Polyphonic,TEX.TYPE,1,high
CLIP-E258E7D731CC,modules/instrument-identifier/audio/II108.mp3,Bach,Suite No. 4 (Gigue),,,MusOpen,PD,Baroque,Suite,Solo,ACOUSTIC GUITAR,Strings,Solo,INS.FAMILY | INS.INDIVIDUAL,1,high
CLIP-E2F0E2511B48,modules/instrument-identifier/audio/II009.mp3,Bach,Partita No.2 BWV 1004 (2),,,MusOpen,PD,Baroque,,Solo,VIOLIN,Strings,Solo,INS.FAMILY | INS.INDIVIDUAL,1,medium
CLIP-E31C5AAF1D15,audio/piano/Cs3.mp3 | audio/piano/Cs4.mp3,,,,,Generated from modules/melodic-intervals/interval-data.js,Uses bundled piano samples,,Generated ear-training interval,,Piano,,ascending Perfect octave,MEL.INTERVAL.NUMBER | MEL.INTERVAL.QUALITY,9,high
CLIP-E31FBF63603D,modules/melody-master/questions/mm011/MM011-audio.mp3,Mozart,"Piano Concerto no. 17 in G major, K. 453",III. Allegretto,,Musopen,PDM 1.0,Classical,Concerto,,,,dictation,MEL.DICTATION.PITCH,4,high
CLIP-E3787A0C5F5D,modules/instrument-identifier/audio/II040.mp3,Bach,Cello Suite No. 3 (2),,,MusOpen,PD,Baroque,Suite,Solo,CELLO,Strings,Solo,INS.FAMILY | INS.INDIVIDUAL,1,high
CLIP-E482BBB56EA4,modules/texture-trainer/audio/TT062.mp3,,"J. S. Bach — Cello Suite No. 1 in G major, BWV 1007 — V. Minuets",,"John Michel, cello",https://commons.wikimedia.org/wiki/File:JOHN_MICHEL_CELLO-J_S_BACH_CELLO_SUITE_1_in_G_Minuets.ogg,CC BY-SA 3.0,,Suite,,,,Monophonic texture,TEX.TYPE,1,high
CLIP-E493845D36BC,audio/piano/C3.mp3 | audio/piano/B3.mp3,,,,,Generated from modules/melodic-intervals/interval-data.js,Uses bundled piano samples,,Generated ear-training interval,,Piano,,ascending Major 7th,MEL.INTERVAL.NUMBER | MEL.INTERVAL.QUALITY,6,high
CLIP-E524CD09124E,modules/instrument-identifier/audio/II081.mp3,Bach,Cello Suite No.3 (4),,,MusOpen,PD,Baroque,Suite,Solo,CELLO,Strings,Solo,INS.FAMILY | INS.INDIVIDUAL,1,high
CLIP-E569843CFFD7,modules/meter-master/audio/MTR005.mp3,,,,,https://imslp.org/wiki/Symphony_No.4%2C_Op.98_%28Brahms%2C_Johannes%29,,,,,,,Aural classification,RHY.METRE,2,high
CLIP-E590279A6122,modules/instrument-identifier/audio/II186.mp3,Faure,Fantasia Op. 79 Allegro,,,MusOpen,PD,,,Piano Accomp.,FLUTE,Woodwind,Piano Accomp.,INS.FAMILY | INS.INDIVIDUAL,1,medium
CLIP-E5A38D61240F,modules/instrument-identifier/audio/II021.mp3,Handel,Violin (Trumpet) Sonata F (2),,,MusOpen,PD,Baroque,Sonata,Organ Accomp.,TRUMPET,Brass,Organ Accomp.,INS.FAMILY | INS.INDIVIDUAL,1,high
CLIP-E5A7C974485B,modules/instrument-identifier/audio/II148.mp3,Mozart,Horn Concerto K142 (1),,,MusOpen,PD,Classical,Concerto,Orchestral,FRENCH HORN,Brass,Orchestral,INS.FAMILY | INS.INDIVIDUAL,1,high
CLIP-E625D2DA795B,modules/melody-master/questions/mm014/MM014-audio.mp3,Beethoven,"Symphony no. 6 in F major, Op. 68 'Pastoral'",II. Andante molto mosso,,Musopen,PDM 1.0,Classical/Romantic transition,Symphony,,,,dictation,MEL.DICTATION.PITCH,1,high
CLIP-E62EA2836FBB,modules/instrument-identifier/audio/II064.mp3,Debussy,Cello Sonata (2) Serenade,,,MusOpen,PD,Twentieth century,Sonata,Piano Accomp.,CELLO,Strings,Piano Accomp.,INS.FAMILY | INS.INDIVIDUAL,1,high
CLIP-E6A3E7DE44AA,modules/instrument-identifier/audio/II170.mp3,,Clarinet Concerto,,,MusOpen,PD,,Concerto,Organ Accomp.,CLARINET,Woodwind,Organ Accomp.,INS.FAMILY | INS.INDIVIDUAL,1,high
CLIP-E7287B317024,audio/piano/Gs3.mp3 | audio/piano/Cs4.mp3,,,,,Generated from modules/melodic-intervals/interval-data.js,Uses bundled piano samples,,Generated ear-training interval,,Piano,,ascending Perfect 4th,MEL.INTERVAL.NUMBER | MEL.INTERVAL.QUALITY,6,high
CLIP-E836C443B74F,audio/piano/A3.mp3 | audio/piano/D4.mp3,,,,,Generated from modules/melodic-intervals/interval-data.js,Uses bundled piano samples,,Generated ear-training interval,,Piano,,ascending Perfect 4th,MEL.INTERVAL.NUMBER | MEL.INTERVAL.QUALITY,18,high
CLIP-E9076263DC43,modules/melody-master/questions/mm013/MM013-audio.mp3,Haydn,"Symphony no. 94 in G major 'Surprise', Hob. I:94",II. Andante,,Musopen,PDM 1.0,Classical,Symphony,,,,dictation,MEL.DICTATION.PITCH,4,high
CLIP-E944B6147820,modules/instrument-identifier/audio/II280.mp3,,Oboe Concerto HWV 302,,,MusOpen,PD,,Concerto,Orchestral,OBOE,Woodwind,Orchestral,INS.FAMILY | INS.INDIVIDUAL,1,high
CLIP-E949F9538DDF,modules/texture-trainer/audio/TT113.mp3,,J. S. Bach — Two-Part Invention No. 10 in G major,,Jason M. live recording,"https://commons.wikimedia.org/wiki/File:G_Major_-_10th_2-parts_Invention,_Bach.ogg",CC0,,,,,,Simple polyphonic,TEX.TYPE,1,medium
CLIP-E9B495C61CC8,audio/piano/Ds3.mp3 | audio/piano/E3.mp3,,,,,Generated from modules/melodic-intervals/interval-data.js,Uses bundled piano samples,,Generated ear-training interval,,Piano,,ascending Minor 2nd,MEL.INTERVAL.NUMBER | MEL.INTERVAL.QUALITY,2,high
CLIP-EB0F18C0212A,audio/piano/G3.mp3 | audio/piano/D3.mp3,,,,,Generated from modules/melodic-intervals/interval-data.js,Uses bundled piano samples,,Generated ear-training interval,,Piano,,descending Perfect 4th,MEL.INTERVAL.NUMBER | MEL.INTERVAL.QUALITY,17,high
CLIP-EB2FD4AC0C5E,modules/melody-master/audio/melodic-devices/MDA010.mp3,L. van Beethoven,"Symphony No. 3 in E-flat major, Op. 55 ‘Eroica’",II. Marcia funebre,Musopen Symphony Orchestra,Musopen Collection hosted by Internet Archive,Public Domain Mark 1.0 / Musopen public-domain recording collection,Classical/Romantic transition,Symphony,,,,Melodic device,MEL.DEVICE,1,high
CLIP-EB509B3067BC,audio/piano/D4.mp3 | audio/piano/Gs3.mp3,,,,,Generated from modules/melodic-intervals/interval-data.js,Uses bundled piano samples,,Generated ear-training interval,,Piano,,descending Diminished 5th,MEL.INTERVAL.NUMBER | MEL.INTERVAL.QUALITY,2,high
CLIP-EC0AAD34EDA1,audio/piano/D4.mp3 | audio/piano/A3.mp3,,,,,Generated from modules/melodic-intervals/interval-data.js,Uses bundled piano samples,,Generated ear-training interval,,Piano,,descending Perfect 4th,MEL.INTERVAL.NUMBER | MEL.INTERVAL.QUALITY,17,high
CLIP-EC862C13B7FA,modules/texture-trainer/audio/TT061.mp3,,"Johannes Brahms — Symphony No. 4 in E minor, Op. 98 — III. Allegro giocoso",,Musopen Symphony Orchestra,https://archive.org/details/MusopenCollectionAsFlac,Public Domain Mark 1.0 / Musopen public-domain recording collection,,Symphony,,,,Homophonic chordal texture,TEX.ROLE | TEX.TYPE,1,high
CLIP-ECD73F16829E,modules/instrument-identifier/audio/II079.mp3,Bach,Cello Suite No.3 (4),,,MusOpen,PD,Baroque,Suite,Solo,CELLO,Strings,Solo,INS.FAMILY | INS.INDIVIDUAL,1,high
CLIP-ECE9D8FB3F97,audio/piano/B3.mp3 | audio/piano/Gs3.mp3,,,,,Generated from modules/melodic-intervals/interval-data.js,Uses bundled piano samples,,Generated ear-training interval,,Piano,,descending Minor 3rd,MEL.INTERVAL.NUMBER | MEL.INTERVAL.QUALITY,4,high
CLIP-ED1B1A8FD1BA,modules/instrument-identifier/audio/II269.mp3,,La Gracieuse (5) Napoltano,,,MusOpen,PD,,,Harpsichord,OBOE,Woodwind,Harpsichord,INS.FAMILY | INS.INDIVIDUAL,1,medium
CLIP-EDB81DF286DA,modules/instrument-identifier/audio/II163.mp3,von Weber,Clarinet Concerto Op. 73 (3),,,MusOpen,PD,,Concerto,Orchestral,CLARINET,Woodwind,Orchestral,INS.FAMILY | INS.INDIVIDUAL,1,medium
CLIP-EDE043EEBCDF,modules/instrument-identifier/audio/II212.mp3,Kuhlau,3 Fantasies Op. 38 No.1,,,MusOpen,PD,,,Solo,FLUTE,Woodwind,Solo,INS.FAMILY | INS.INDIVIDUAL,1,medium
CLIP-EDFBD8323161,modules/instrument-identifier/audio/II134.mp3,Haydn,Trumpet Concerto HOB VIIe (1),,,MusOpen,PD,Classical,Concerto,Orchestral,TRUMPET,Brass,Orchestral,INS.FAMILY | INS.INDIVIDUAL,1,high
CLIP-EE384D8E31D6,modules/melody-master/audio/melodic-devices/MDA013.mp3,Johannes Brahms,"Symphony No. 4 in E minor, Op. 98",I. Allegro non troppo,Musopen Symphony Orchestra,Musopen Collection hosted by Internet Archive,Public Domain Mark 1.0 / Musopen public-domain recording collection,Romantic,Symphony,,,,Melodic device,MEL.DEVICE,1,high
CLIP-EE48C0DCBD3E,audio/piano/Cs4.mp3 | audio/piano/F3.mp3,,,,,Generated from modules/melodic-intervals/interval-data.js,Uses bundled piano samples,,Generated ear-training interval,,Piano,,descending Minor 6th,MEL.INTERVAL.NUMBER | MEL.INTERVAL.QUALITY,2,high
CLIP-EEB3C3D7A1BC,modules/texture-trainer/audio/TT015.mp3,,"A. Vivaldi — The Four Seasons: Spring, movement I",,"John Harrison, violin; ensemble listed on source page",https://commons.wikimedia.org/wiki/File:Vivaldi_-_Four_Seasons_1_Spring_mvt_1_Allegro_-_John_Harrison_violin.oga,Free recording with permission recorded on Commons; verify exact terms,,,,,,Thick homophony → lighter solo texture,TEX.TYPE,1,medium
CLIP-EF182646E68B,modules/instrument-identifier/audio/II200.mp3,Bach,Flute Sonata BWV 1034,,,MusOpen,PD,Baroque,Sonata,Harpsichord,RECORDER,Woodwind,Harpsichord,INS.FAMILY | INS.INDIVIDUAL,1,high
CLIP-EF2B91BC2380,modules/instrument-identifier/audio/II267.mp3,,Chansonette,,,MusOpen,PD,,,Piano Accomp.,OBOE,Woodwind,Piano Accomp.,INS.FAMILY | INS.INDIVIDUAL,1,medium
CLIP-EF3F6B275AFD,modules/texture-trainer/audio/TT041.mp3,,"G. F. Handel — Messiah, HWV 56 — 24. Surely He Hath Borne Our Griefs",,MIT Concert Choir; directed by William C. Cutter,https://commons.wikimedia.org/wiki/File:Handel_-_messiah_-_24_surely_he_hath_borne_our_griefs.ogg,CC BY-SA 2.0,,,,,,Homophonic texture,TEX.ROLE | TEX.TYPE,1,medium
CLIP-EF4DAB647981,modules/texture-trainer/audio/TT052.mp3,,"J. S. Bach — Cello Suite No. 1 in G major, BWV 1007 — II. Allemande",,"John Michel, cello",https://commons.wikimedia.org/wiki/File:JOHN_MICHEL_CELLO-J_S_BACH_CELLO_SUITE_1_in_G_Allemande.ogg,CC BY-SA 3.0,,Suite,,,,Monophonic texture,TEX.TYPE,1,high
CLIP-EFBB6B4D4D28,audio/piano/A3.mp3 | audio/piano/E3.mp3,,,,,Generated from modules/melodic-intervals/interval-data.js,Uses bundled piano samples,,Generated ear-training interval,,Piano,,descending Perfect 4th,MEL.INTERVAL.NUMBER | MEL.INTERVAL.QUALITY,16,high
CLIP-EFC3DAE122F6,audio/piano/E4.mp3 | audio/piano/E4.mp3,,,,,Generated from modules/melodic-intervals/interval-data.js,Uses bundled piano samples,,Generated ear-training interval,,Piano,,ascending Perfect unison,MEL.INTERVAL.NUMBER | MEL.INTERVAL.QUALITY,32,high
CLIP-EFE783FF6258,modules/instrument-identifier/audio/II101.mp3,Bach,Suite No. 4 (3),,,MusOpen,PD,Baroque,Suite,Solo,CELLO,Strings,Solo,INS.FAMILY | INS.INDIVIDUAL,1,high
CLIP-F02ADF624CAF,modules/instrument-identifier/audio/II109.mp3,Bach,Suite No. 4 (1),,,MusOpen,PD,Baroque,Suite,Solo,CELLO,Strings,Solo,INS.FAMILY | INS.INDIVIDUAL,1,high
CLIP-F02F4F0665A3,modules/instrument-identifier/audio/II157.mp3,von Weber,Clarinet Concerto Op. 73 (1),,,MusOpen,PD,,Concerto,Orchestral,CLARINET,Woodwind,Orchestral,INS.FAMILY | INS.INDIVIDUAL,1,medium
CLIP-F0336BD4EB38,modules/meter-master/audio/MTR020.mp3,,,,,https://imslp.org/wiki/String_Quartet_in_D_major%2C_Hob.III%3A63_%28Haydn%2C_Joseph%29,,,,,,,Discrimination,RHY.METRE,2,high
CLIP-F044FE7FDC64,audio/piano/D3.mp3 | audio/piano/As3.mp3,,,,,Generated from modules/melodic-intervals/interval-data.js,Uses bundled piano samples,,Generated ear-training interval,,Piano,,ascending Minor 6th,MEL.INTERVAL.NUMBER | MEL.INTERVAL.QUALITY,8,high
CLIP-F0ABD6BD0059,modules/instrument-identifier/audio/II142.mp3,Haydn,Trumpet Concerto HOB VIIe (3),,,MusOpen,PD,Classical,Concerto,Orchestral,TRUMPET,Brass,Orchestral,INS.FAMILY | INS.INDIVIDUAL,1,high
CLIP-F10E183F15C6,modules/texture-trainer/audio/TT029.mp3,,"J. S. Bach — The Well-Tempered Clavier, Book I: Fugue No. 12 in F minor, BWV 857",,Kimiko Ishizaka,"https://commons.wikimedia.org/wiki/File:Kimiko_Ishizaka_-_Bach_-_Well-Tempered_Clavier,_Book_1_-_24_Fugue_No._12_in_F_minor,_BWV_857.ogg",CC0 1.0,,Fugue,,,,Monophonic → fugal polyphony,TEX.TYPE,1,high
CLIP-F11087C3AFCE,audio/piano/Cs4.mp3 | audio/piano/D3.mp3,,,,,Generated from modules/melodic-intervals/interval-data.js,Uses bundled piano samples,,Generated ear-training interval,,Piano,,descending Major 7th,MEL.INTERVAL.NUMBER | MEL.INTERVAL.QUALITY,5,high
CLIP-F1385D4E5278,modules/melody-master/audio/melodic-devices/MDA033.mp3,W. A. Mozart,"Symphony No. 40 in G minor, K.550",I. Molto allegro,Musopen Symphony Orchestra,Musopen Collection hosted by Internet Archive,Public Domain Mark 1.0 / Musopen public-domain recording collection,Classical,Symphony,,,,Melodic device,MEL.DEVICE,1,high
CLIP-F168787183FF,modules/instrument-identifier/audio/II154.mp3,von Weber,Clarinet Concerto Op. 73 (2),,,MusOpen,PD,,Concerto,Orchestral,CLARINET,Woodwind,Orchestral,INS.FAMILY | INS.INDIVIDUAL,1,medium
CLIP-F21C35E195E2,modules/instrument-identifier/audio/II247.mp3,Telemann,Oboe Concerto TWV 51,,,MusOpen,PD,Baroque,Concerto,Orchestral,OBOE,Woodwind,Orchestral,INS.FAMILY | INS.INDIVIDUAL,1,high
CLIP-F22B0998779B,audio/piano/G3.mp3 | audio/piano/A3.mp3,,,,,Generated from modules/melodic-intervals/interval-data.js,Uses bundled piano samples,,Generated ear-training interval,,Piano,,ascending Major 2nd,MEL.INTERVAL.NUMBER | MEL.INTERVAL.QUALITY,16,high
CLIP-F27FB5CA37FF,modules/instrument-identifier/audio/II256.mp3,,Oboe Concerto BWV1055,,,MusOpen,PD,,Concerto,Orchestral,OBOE,Woodwind,Orchestral,INS.FAMILY | INS.INDIVIDUAL,1,high
CLIP-F2803532D6E6,audio/piano/Cs4.mp3 | audio/piano/D4.mp3,,,,,Generated from modules/melodic-intervals/interval-data.js,Uses bundled piano samples,,Generated ear-training interval,,Piano,,ascending Minor 2nd,MEL.INTERVAL.NUMBER | MEL.INTERVAL.QUALITY,5,high
CLIP-F499D6CB98C6,modules/texture-trainer/audio/TT108.mp3,,Erik Satie — Gymnopédie No. 3,,Teknopazzo,https://commons.wikimedia.org/wiki/File:Gymnop%C3%A9die_no.3.ogg,CC0,,,,,,Homophonic,TEX.ROLE | TEX.TYPE,1,medium
CLIP-F529CDEECE30,audio/piano/Ds3.mp3 | audio/piano/F3.mp3,,,,,Generated from modules/melodic-intervals/interval-data.js,Uses bundled piano samples,,Generated ear-training interval,,Piano,,ascending Major 2nd,MEL.INTERVAL.NUMBER | MEL.INTERVAL.QUALITY,7,high
CLIP-F5567E465C94,modules/meter-master/audio/MTR028.mp3,,,,,https://imslp.org/wiki/Symphony_No.40_in_G_minor%2C_K.550_%28Mozart%2C_Wolfgang_Amadeus%29,,,,,,,Beat-unit analysis,RHY.METRE,2,high
CLIP-F558E8B2949D,modules/texture-trainer/audio/TT121.mp3,,Balinese traditional — Bali xylophone duet,,Two Balinese musicians; thedialogueproject recording,https://commons.wikimedia.org/wiki/File:Bali_xylophone.ogg,CC0,,,,,,Heterophonic,TEX.TYPE,1,medium
CLIP-F5593EE4707A,modules/instrument-identifier/audio/II073.mp3,Bach,Cello Suite No.3 (1),,,MusOpen,PD,Baroque,Suite,Solo,CELLO,Strings,Solo,INS.FAMILY | INS.INDIVIDUAL,1,high
CLIP-F5D3D6EF57A1,modules/instrument-identifier/audio/II004.mp3,Beethoven,"Violin Sonata No. 9 ""Kreutzer""",,,MusOpen,PD,Classical/Romantic transition,Sonata,Piano Accomp.,VIOLIN,Strings,Piano Accomp.,INS.FAMILY | INS.INDIVIDUAL,1,high
CLIP-F6146156D9B4,audio/piano/C4.mp3 | audio/piano/Cs4.mp3,,,,,Generated from modules/melodic-intervals/interval-data.js,Uses bundled piano samples,,Generated ear-training interval,,Piano,,ascending Minor 2nd,MEL.INTERVAL.NUMBER | MEL.INTERVAL.QUALITY,2,high
CLIP-F623289EDCE2,modules/instrument-identifier/audio/II056.mp3,Elgar,Cello Concerto Op. 85 (4),,,MusOpen,PD,,Concerto,Orchestral,CELLO,Strings,Orchestral,INS.FAMILY | INS.INDIVIDUAL,1,medium
CLIP-F62E655E26BE,modules/melody-master/audio/melodic-devices/MDA016.mp3,Johannes Brahms,"Symphony No. 4 in E minor, Op. 98",IV. Allegro energico e passionato,Musopen Symphony Orchestra,Musopen Collection hosted by Internet Archive,Public Domain Mark 1.0 / Musopen public-domain recording collection,Romantic,Symphony,,,,Melodic device,MEL.DEVICE,1,high
CLIP-F68147378C49,modules/meter-master/audio/MTR002.mp3,,,,,https://imslp.org/wiki/Symphony_No.3%2C_Op.55_%28Beethoven%2C_Ludwig_van%29,,,,,,,Aural classification,RHY.METRE | RHY.TIME_SIGNATURE,2,high
CLIP-F6F70A991B33,audio/piano/Gs3.mp3 | audio/piano/G3.mp3,,,,,Generated from modules/melodic-intervals/interval-data.js,Uses bundled piano samples,,Generated ear-training interval,,Piano,,descending Minor 2nd,MEL.INTERVAL.NUMBER | MEL.INTERVAL.QUALITY,4,high
CLIP-F754B6AF6E89,audio/piano/Ds4.mp3 | audio/piano/Gs3.mp3,,,,,Generated from modules/melodic-intervals/interval-data.js,Uses bundled piano samples,,Generated ear-training interval,,Piano,,descending Perfect 5th,MEL.INTERVAL.NUMBER | MEL.INTERVAL.QUALITY,6,high
CLIP-F7B7F5BF34B1,modules/instrument-identifier/audio/II277.mp3,,Oboe Concerto HWV 302,,,MusOpen,PD,,Concerto,Orchestral,OBOE,Woodwind,Orchestral,INS.FAMILY | INS.INDIVIDUAL,1,high
CLIP-F8391FF107AE,modules/meter-master/../texture-trainer/audio/TT097.mp3,,,,,https://imslp.org/wiki/Symphony_No.6%2C_Op.74_%28Tchaikovsky%2C_Pyotr%29,,,,,,,Irregular metre,RHY.METRE | RHY.TIME_SIGNATURE,1,high
CLIP-F8F00E9A4DCE,modules/texture-trainer/audio/TT139.mp3,,Hindustani classical tradition — Raga Malkounsa,,Historic recording assessed public domain,https://commons.wikimedia.org/wiki/File:Raga_Malkounsa.ogg,Public domain,,,,,,Texture feature,TEX.TYPE,1,medium
CLIP-F8FB5A280766,modules/instrument-identifier/audio/II116.mp3,Beethoven,Cello Sonata Op. 69 (2),,,MusOpen,PD,Classical/Romantic transition,Sonata,Piano Accomp.,CELLO,Strings,Piano Accomp.,INS.FAMILY | INS.INDIVIDUAL,1,high
CLIP-F94C57C07D71,audio/piano/Gs3.mp3 | audio/piano/A3.mp3,,,,,Generated from modules/melodic-intervals/interval-data.js,Uses bundled piano samples,,Generated ear-training interval,,Piano,,ascending Minor 2nd,MEL.INTERVAL.NUMBER | MEL.INTERVAL.QUALITY,4,high
CLIP-F9ED192075A4,modules/texture-trainer/audio/TT070.mp3,,"Joseph Haydn — String Quartet in D major, Hob.III:63, Op.64 No.5 ‘The Lark’ — IV. Finale",,Musopen String Quartet,https://archive.org/details/MusopenCollectionAsFlac,Public Domain Mark 1.0 / Musopen public-domain recording collection,,Chamber music,,,,Polyphonic texture,TEX.TYPE,1,high
CLIP-FA7C620E7D24,modules/instrument-identifier/audio/II053.mp3,Debussy,Cello Sonata (2) Moderramente Anime,,,MusOpen,PD,Twentieth century,Sonata,Piano Accomp.,CELLO,Strings,Piano Accomp.,INS.FAMILY | INS.INDIVIDUAL,1,high
CLIP-FA928F966079,modules/instrument-identifier/audio/II018.mp3,Beethoven,Violin Sonata No. 5 Spring (1),,,MusOpen,PD,Classical/Romantic transition,Sonata,Piano Accomp.,VIOLIN,Strings,Piano Accomp.,INS.FAMILY | INS.INDIVIDUAL,1,high
CLIP-FABECBCE8C51,audio/piano/Cs3.mp3 | audio/piano/G3.mp3,,,,,Generated from modules/melodic-intervals/interval-data.js,Uses bundled piano samples,,Generated ear-training interval,,Piano,,ascending Diminished 5th,MEL.INTERVAL.NUMBER | MEL.INTERVAL.QUALITY,3,high
CLIP-FAFA2497DB2D,modules/instrument-identifier/audio/II122.mp3,Bottesini,Double Bass Concerto No. 2 (2),,,MusOpen,PD,,Concerto,Orchestral,DOUBLE BASS,Strings,Orchestral,INS.FAMILY | INS.INDIVIDUAL,1,medium
CLIP-FB1469276CB0,modules/texture-trainer/audio/TT066.mp3,,"Antonín Dvořák — String Quartet No. 12 in F major, Op. 96 ‘American’ — II. Lento",,Musopen String Quartet,https://archive.org/details/MusopenCollectionAsFlac,Public Domain Mark 1.0 / Musopen public-domain recording collection,,Chamber music,,,,Melody and accompaniment,TEX.TYPE,1,high
CLIP-FB7E09009EAA,modules/instrument-identifier/audio/II210.mp3,,Allegro - Rondeau,,,MusOpen,PD,,,Solo,TRUMPET,Brass,Solo,INS.FAMILY | INS.INDIVIDUAL,1,medium
CLIP-FBC4339E9D0B,modules/instrument-identifier/audio/II083.mp3,Vivaldi,Sonata No. 5 (2),,,MusOpen,PD,Baroque,Sonata,Harpsichord,CELLO,Strings,Harpsichord,INS.FAMILY | INS.INDIVIDUAL,1,high
CLIP-FBD6D2CB5D6E,audio/piano/Ds3.mp3 | audio/piano/D3.mp3,,,,,Generated from modules/melodic-intervals/interval-data.js,Uses bundled piano samples,,Generated ear-training interval,,Piano,,descending Minor 2nd,MEL.INTERVAL.NUMBER | MEL.INTERVAL.QUALITY,5,high
CLIP-FBF3315DB7BE,audio/piano/Cs3.mp3 | audio/piano/Fs3.mp3,,,,,Generated from modules/melodic-intervals/interval-data.js,Uses bundled piano samples,,Generated ear-training interval,,Piano,,ascending Perfect 4th,MEL.INTERVAL.NUMBER | MEL.INTERVAL.QUALITY,7,high
CLIP-FD63EA6336BC,modules/meter-master/audio/MTR025.mp3,,,,,https://imslp.org/wiki/Symphony_No.40_in_G_minor%2C_K.550_%28Mozart%2C_Wolfgang_Amadeus%29,,,,,,,Pulse analysis,RHY.METRE,2,high
CLIP-FDA3E0932598,audio/piano/As3.mp3 | audio/piano/A3.mp3,,,,,Generated from modules/melodic-intervals/interval-data.js,Uses bundled piano samples,,Generated ear-training interval,,Piano,,descending Minor 2nd,MEL.INTERVAL.NUMBER | MEL.INTERVAL.QUALITY,6,high
CLIP-FDBCF4855926,modules/meter-master/audio/MTR008.mp3,,,,,https://imslp.org/wiki/Symphony_No.4%2C_Op.98_%28Brahms%2C_Johannes%29,,,,,,,Pulse analysis,RHY.METRE,2,high
CLIP-FDD0C4C55B18,audio/piano/C3.mp3 | audio/piano/Ds3.mp3,,,,,Generated from modules/melodic-intervals/interval-data.js,Uses bundled piano samples,,Generated ear-training interval,,Piano,,ascending Minor 3rd,MEL.INTERVAL.NUMBER | MEL.INTERVAL.QUALITY,7,high
CLIP-FE2C4EE35797,modules/texture-trainer/audio/TT075.mp3,,"J. S. Bach — Partita in A minor for solo flute, BWV 1013 — II. Courante",,"Scott Goff, flute",https://commons.wikimedia.org/wiki/File:Bach_-_Partita_For_Solo_Flute_-_Modern_Flute_-_2._Courante.ogg,CC BY-SA 2.0 / EFF Open Audio-compatible,,,,,,Monophonic texture,TEX.TYPE,1,medium
CLIP-FE5C07958BAC,audio/piano/D4.mp3 | audio/piano/F3.mp3,,,,,Generated from modules/melodic-intervals/interval-data.js,Uses bundled piano samples,,Generated ear-training interval,,Piano,,descending Major 6th,MEL.INTERVAL.NUMBER | MEL.INTERVAL.QUALITY,11,high
CLIP-FF3375305586,modules/texture-trainer/audio/TT053.mp3,,"L. van Beethoven — Symphony No. 3 in E-flat major, Op. 55 ‘Eroica’ — II. Marcia funebre",,Musopen Symphony Orchestra,https://archive.org/details/MusopenCollectionAsFlac,Public Domain Mark 1.0 / Musopen public-domain recording collection,,Symphony,,,,Melody and accompaniment,TEX.ROLE | TEX.TYPE,1,high
CLIP-FF90A14BB915,audio/piano/C3.mp3 | audio/piano/C3.mp3,,,,,Generated from modules/melodic-intervals/interval-data.js,Uses bundled piano samples,,Generated ear-training interval,,Piano,,ascending Perfect unison,MEL.INTERVAL.NUMBER | MEL.INTERVAL.QUALITY,33,high
CLIP-FFDA358479EA,modules/melody-master/audio/melodic-devices/MDA035.mp3,W. A. Mozart,"Symphony No. 40 in G minor, K.550",III. Menuetto,Musopen Symphony Orchestra,Musopen Collection hosted by Internet Archive,Public Domain Mark 1.0 / Musopen public-domain recording collection,Classical,Symphony,,,,Melodic device,MEL.DEVICE,1,high
CLIP-FFF2B5BC5FD3,modules/melody-master/audio/melodic-devices/MDA039.mp3,J. S. Bach,"Cello Suite No. 1 in G major, BWV 1007: Prelude",,John Michel,Wikimedia Commons / European free-media archive,CC BY-SA 3.0,Baroque,Suite,,,,Melodic device,MEL.DEVICE,1,high
CLIP-EXL001,modules/exam-lab/assets/EXL001.mp3,Tomaso Albinoni,"Oboe Concerto in D minor, Op. 9 No. 2",I. Allegro e non presto,,Musopen recording hosted by Wikimedia Commons,CC0 1.0 Universal,Baroque,Concerto,Oboe and orchestra,Oboe,Woodwind,Exam Lab extract,HAR.TONALITY | NOT.SCORE_READING | MEL.ORNAMENT | INS.FAMILY | INS.INDIVIDUAL | MEL.DEVICE | EXM.WRITTEN | HAR.CADENCE | HAR.CHORD | CTX.PERIOD | CTX.GENRE,7,high
CLIP-EXL002,modules/exam-lab/assets/EXL002.mp3,Edvard Grieg,"Peer Gynt Suite No. 1, Op. 46",I. Morning Mood,,User-supplied extract,User supplied,Romantic,Orchestral programme music,Orchestra,,,Exam Lab extract,HAR.TONALITY | NOT.SCORE_READING | INS.FAMILY | INS.INDIVIDUAL | MEL.DEVICE | EXM.WRITTEN | DYN.CHANGE | HAR.CADENCE | HAR.CHORD | CTX.PERIOD | CTX.GENRE,8,high
CLIP-EXL003,modules/exam-lab/assets/EXL003.mp3,Edvard Grieg,"Peer Gynt Suite No. 1, Op. 46",IV. In the Hall of the Mountain King,,User-supplied extract,User supplied,Romantic,Romantic orchestral programme music,Orchestra,,,Exam Lab extract,HAR.TONALITY | NOT.SCORE_READING | RHY.METRE | EXM.WRITTEN | INS.FAMILY | INS.TECHNIQUE | ART.TYPE | MEL.DEVICE | RHY.TEMPO | DYN.CHANGE | CTX.PERIOD | CTX.GENRE,8,high
CLIP-EXL004,modules/exam-lab/assets/EXL004.mp3,Hindustani classical tradition,Instrumental performance,Sitār and tablā extract,,User-supplied extract,User supplied,,Hindustani classical music,Small instrumental ensemble,Sitār and tablā,,Exam Lab extract,INS.INDIVIDUAL | MEL.DEVICE | CTX.GENRE | TEX.TYPE | RHY.DEVICE | EXM.WRITTEN | MEL.ORNAMENT | STR.FORM,7,high
CLIP-EXL005,modules/exam-lab/assets/EXL005.mp3,User-supplied recording,Electronic dance music extract,Listening extract,,User-supplied extract,User supplied,Contemporary,Electronic dance music,Electronic instruments and production technology,,,Exam Lab extract,RHY.TEMPO | RHY.METRE | EXM.WRITTEN | CTX.TECHNOLOGY | STR.FORM | TEX.TYPE | RHY.DEVICE | DYN.CHANGE,8,high
CLIP-EXL006,modules/exam-lab/assets/EXL006.mp3,Wolfgang Amadeus Mozart,"Symphony No. 36 in C major, K.425",III. Menuetto,"Tsumugi Orchestra, conducted by Takashi Inoue",Wikimedia Commons,CC BY 3.0; extract shortened and converted for EchoAural,Classical,Symphony / minuet,Orchestra,,,Exam Lab extract,RHY.METRE | RHY.DEVICE | MEL.ORNAMENT | INS.INDIVIDUAL | DYN.CHANGE | EXM.WRITTEN | HAR.TONALITY | HAR.CADENCE | HAR.CHORD | CTX.GENRE,8,high
CLIP-EXL007,modules/exam-lab/assets/EXL007.mp3,Josh Woodward,Words Fall Apart,from Addressed to the Stars,Josh Woodward,Josh Woodward official song page and Wikimedia Commons,CC BY 4.0; edited 54-second educational extract,Contemporary,Singer-songwriter / folk-pop,Solo voice with accompaniment,Voice,Voice,Exam Lab extract,RHY.METRE | INS.INDIVIDUAL | DYN.CHANGE | TEX.TYPE | MEL.DEVICE | EXM.WRITTEN | HAR.CHORD | RHY.TEMPO | STR.FORM,7,high
CLIP-EXL008,modules/exam-lab/assets/EXL008.mp3,Ludwig van Beethoven,"Symphony No. 8 in F major, Op. 93",II. Allegretto scherzando,,User-supplied educational extract,Rights status requires confirmation,Classical,Classical symphonic movement,Orchestra,,,Exam Lab extract,INS.INDIVIDUAL | INS.ROLE | INS.FAMILY | TEX.TYPE | TEX.ROLE | DYN.LEVEL | NOT.SCORE_READING | ART.TYPE | RHY.TEMPO | RHY.TIME_SIGNATURE | MEL.DIRECTION | RHY.DEVICE | CTX.PERIOD,12,high
CLIP-EXL011,modules/exam-lab/assets/EXL011.mp3,Kevin MacLeod,"Sax, Rock, and Roll",Extract 0:18–1:08,,Wikimedia Commons / incompetech.com,CC BY 3.0,Contemporary,Rock,Rock band with saxophones,Saxophone,,Exam Lab extract,INS.INDIVIDUAL | MEL.DEVICE | RHY.DEVICE | TEX.TYPE | CTX.GENRE | ART.TYPE | EXM.WRITTEN,11,high
CLIP-EXL012,modules/exam-lab/assets/EXL012.mp3,Kevin MacLeod,Stringed Disco,Extract 0:48–1:38,,Wikimedia Commons / incompetech.com,CC BY 3.0,Contemporary,Disco / electronic dance music,Electronic / disco ensemble,Electric guitar,,Exam Lab extract,INS.INDIVIDUAL | CTX.TECHNOLOGY | ART.TYPE | RHY.DEVICE | RHY.METRE | TEX.TYPE | CTX.GENRE | EXM.WRITTEN,11,high
CLIP-EXL013,modules/exam-lab/assets/EXL013.mp3,Traditional Balinese music,Gamelan Anklung Berong Pengetjet,Extract 0:00–0:50,,Wikimedia Commons,Public domain,,Balinese gamelan,Gamelan,Gong,Percussion,Exam Lab extract,CTX.GENRE | INS.INDIVIDUAL | INS.FAMILY | TEX.TYPE | RHY.DEVICE | CTX.PERIOD | EXM.WRITTEN,11,high
