question_id,clip_id,musical_element,primary_skill_code,primary_skill_name,secondary_skill_codes,learning_stage,difficulty_band,period,genre,ensemble,metadata_confidence,metadata_review_status
EXL001-Q01,CLIP-EXL001,Harmony and tonality,HAR.TONALITY,Tonality and key,NOT.SCORE_READING,identify,Exam application,,,,high,Tagged
EXL001-Q02,CLIP-EXL001,Melody,MEL.ORNAMENT,Ornamentation,NOT.SCORE_READING,identify,Exam application,,,,high,Tagged
EXL001-Q03,CLIP-EXL001,Instrumentation,INS.FAMILY,Instrument family,INS.INDIVIDUAL | MEL.DEVICE,identify,Exam application,,,,high,Tagged
EXL001-Q04,CLIP-EXL001,Notation and exam application,EXM.WRITTEN,Written musical explanation,NOT.SCORE_READING,apply,Exam application,,,,high,Tagged
EXL001-Q05,CLIP-EXL001,Harmony and tonality,HAR.CADENCE,Cadence,HAR.CHORD,identify,Exam application,,,,high,Tagged
EXL001-Q06,CLIP-EXL001,Context and genre,CTX.PERIOD,Historical period,CTX.GENRE,identify,Exam application,,,,high,Tagged
EXL001-Q07,CLIP-EXL001,Context and genre,CTX.PERIOD,Historical period,CTX.GENRE | EXM.WRITTEN,apply,Exam application,,,,high,Tagged
EXL002-Q01,CLIP-EXL002,Harmony and tonality,HAR.TONALITY,Tonality and key,NOT.SCORE_READING,identify,Exam application,,,,high,Tagged
EXL002-Q02,CLIP-EXL002,Instrumentation,INS.FAMILY,Instrument family,INS.INDIVIDUAL | MEL.DEVICE,identify,Exam application,,,,high,Tagged
EXL002-Q03,CLIP-EXL002,Instrumentation,INS.FAMILY,Instrument family,INS.INDIVIDUAL | MEL.DEVICE,identify,Exam application,,,,high,Tagged
EXL002-Q04,CLIP-EXL002,Melody,MEL.DEVICE,Melodic device,EXM.WRITTEN,identify,Exam application,,,,high,Tagged
EXL002-Q05,CLIP-EXL002,Dynamics and articulation,DYN.CHANGE,Dynamic change,,identify,Exam application,,,,high,Tagged
EXL002-Q06,CLIP-EXL002,Harmony and tonality,HAR.CADENCE,Cadence,HAR.CHORD,identify,Exam application,,,,high,Tagged
EXL002-Q07,CLIP-EXL002,Context and genre,CTX.PERIOD,Historical period,CTX.GENRE,identify,Exam application,,,,high,Tagged
EXL002-Q08,CLIP-EXL002,Context and genre,CTX.GENRE,Genre and style,EXM.WRITTEN,apply,Exam application,,,,high,Tagged
EXL003-Q01,CLIP-EXL003,Harmony and tonality,HAR.TONALITY,Tonality and key,NOT.SCORE_READING,identify,Exam application,,,,high,Tagged
EXL003-Q02,CLIP-EXL003,Meter and rhythm,RHY.METRE,Metre classification,EXM.WRITTEN,identify,Exam application,,,,high,Tagged
EXL003-Q03,CLIP-EXL003,Instrumentation,INS.FAMILY,Instrument family,INS.TECHNIQUE | ART.TYPE,identify,Exam application,,,,high,Tagged
EXL003-Q05,CLIP-EXL003,Dynamics and articulation,ART.TYPE,Articulation,,identify,Exam application,,,,high,Tagged
EXL003-Q06,CLIP-EXL003,Instrumentation,INS.FAMILY,Instrument family,MEL.DEVICE,identify,Exam application,,,,high,Tagged
EXL003-Q07,CLIP-EXL003,Meter and rhythm,RHY.TEMPO,Tempo,DYN.CHANGE | EXM.WRITTEN,apply,Exam application,,,,high,Tagged
EXL003-Q08,CLIP-EXL003,Context and genre,CTX.PERIOD,Historical period,CTX.GENRE,identify,Exam application,,,,high,Tagged
EXL003-Q09,CLIP-EXL003,Meter and rhythm,RHY.TEMPO,Tempo,DYN.CHANGE | ART.TYPE | CTX.GENRE | EXM.WRITTEN,apply,Exam application,,,,high,Tagged
EXL004-Q01,CLIP-EXL004,Instrumentation,INS.INDIVIDUAL,Individual instrument,MEL.DEVICE | CTX.GENRE,identify,Exam application,,,,high,Tagged
EXL004-Q02,CLIP-EXL004,Instrumentation,INS.INDIVIDUAL,Individual instrument,CTX.GENRE,identify,Exam application,,,,high,Tagged
EXL004-Q03,CLIP-EXL004,Context and genre,CTX.GENRE,Genre and style,,identify,Exam application,,,,high,Tagged
EXL004-Q04,CLIP-EXL004,Texture,TEX.TYPE,Texture type,RHY.DEVICE | MEL.DEVICE | EXM.WRITTEN,identify,Exam application,,,,high,Tagged
EXL004-Q05,CLIP-EXL004,Melody,MEL.ORNAMENT,Ornamentation,MEL.DEVICE | EXM.WRITTEN,apply,Exam application,,,,high,Tagged
EXL004-Q06,CLIP-EXL004,Instrumentation,INS.INDIVIDUAL,Individual instrument,RHY.DEVICE | STR.FORM | EXM.WRITTEN,apply,Exam application,,,,high,Tagged
EXL004-Q07,CLIP-EXL004,Melody,MEL.ORNAMENT,Ornamentation,CTX.GENRE | EXM.WRITTEN,apply,Exam application,,,,high,Tagged
EXL005-Q01,CLIP-EXL005,Meter and rhythm,RHY.TEMPO,Tempo,,identify,Exam application,,,,high,Tagged
EXL005-Q02,CLIP-EXL005,Meter and rhythm,RHY.METRE,Metre classification,EXM.WRITTEN,identify,Exam application,,,,high,Tagged
EXL005-Q03,CLIP-EXL005,Context and genre,CTX.TECHNOLOGY,Music technology,,identify,Exam application,,,,high,Tagged
EXL005-Q04,CLIP-EXL005,Structure and form,STR.FORM,Form and structure,,identify,Exam application,,,,high,Tagged
EXL005-Q05,CLIP-EXL005,Structure and form,STR.FORM,Form and structure,,identify,Exam application,,,,high,Tagged
EXL005-Q06,CLIP-EXL005,Texture,TEX.TYPE,Texture type,RHY.DEVICE | DYN.CHANGE | EXM.WRITTEN,apply,Exam application,,,,high,Tagged
EXL005-Q07,CLIP-EXL005,Structure and form,STR.FORM,Form and structure,,identify,Exam application,,,,high,Tagged
EXL005-Q08,CLIP-EXL005,Texture,TEX.TYPE,Texture type,RHY.DEVICE | EXM.WRITTEN,apply,Exam application,,,,high,Tagged
EXL006-Q01,CLIP-EXL006,Meter and rhythm,RHY.METRE,Metre classification,,identify,Exam application,,,,high,Tagged
EXL006-Q02,CLIP-EXL006,Meter and rhythm,RHY.DEVICE,Rhythmic device,,identify,Exam application,,,,high,Tagged
EXL006-Q03,CLIP-EXL006,Melody,MEL.ORNAMENT,Ornamentation,,identify,Exam application,,,,high,Tagged
EXL006-Q04,CLIP-EXL006,Instrumentation,INS.INDIVIDUAL,Individual instrument,DYN.CHANGE | EXM.WRITTEN,identify,Exam application,,,,high,Tagged
EXL006-Q05,CLIP-EXL006,Meter and rhythm,RHY.DEVICE,Rhythmic device,,identify,Exam application,,,,high,Tagged
EXL006-Q06,CLIP-EXL006,Harmony and tonality,HAR.TONALITY,Tonality and key,HAR.CADENCE | HAR.CHORD | EXM.WRITTEN,apply,Exam application,,,,high,Tagged
EXL006-Q07,CLIP-EXL006,Context and genre,CTX.GENRE,Genre and style,,identify,Exam application,,,,high,Tagged
EXL006-Q08,CLIP-EXL006,Meter and rhythm,RHY.METRE,Metre classification,HAR.CADENCE | CTX.GENRE | EXM.WRITTEN,apply,Exam application,,,,high,Tagged
EXL007-Q01,CLIP-EXL007,Meter and rhythm,RHY.METRE,Metre classification,,identify,Exam application,,,,high,Tagged
EXL007-Q02,CLIP-EXL007,Instrumentation,INS.INDIVIDUAL,Individual instrument,DYN.CHANGE,identify,Exam application,,,,high,Tagged
EXL007-Q03,CLIP-EXL007,Texture,TEX.TYPE,Texture type,MEL.DEVICE | EXM.WRITTEN,identify,Exam application,,,,high,Tagged
EXL007-Q04,CLIP-EXL007,Instrumentation,INS.INDIVIDUAL,Individual instrument,TEX.TYPE | RHY.METRE | HAR.CHORD | DYN.CHANGE | EXM.WRITTEN,apply,Exam application,,,,high,Tagged
EXL007-Q05,CLIP-EXL007,Notation and exam application,EXM.WRITTEN,Written musical explanation,,apply,Exam application,,,,high,Tagged
EXL007-Q06,CLIP-EXL007,Meter and rhythm,RHY.METRE,Metre classification,RHY.TEMPO | EXM.WRITTEN,apply,Exam application,,,,high,Tagged
EXL007-Q07,CLIP-EXL007,Structure and form,STR.FORM,Form and structure,EXM.WRITTEN,identify,Exam application,,,,high,Tagged
EXL008-Q01,CLIP-EXL008,Instrumentation,INS.INDIVIDUAL,Individual instrument,INS.ROLE,identify,Exam application,,,,high,Tagged
EXL008-Q02,CLIP-EXL008,Instrumentation,INS.FAMILY,Instrument family,,identify,Exam application,,,,high,Tagged
EXL008-Q03,CLIP-EXL008,Texture,TEX.TYPE,Texture type,TEX.ROLE,identify,Exam application,,,,high,Tagged
EXL008-Q04,CLIP-EXL008,Dynamics and articulation,DYN.LEVEL,Dynamic level,,identify,Exam application,,,,high,Tagged
EXL008-Q05,CLIP-EXL008,Dynamics and articulation,DYN.LEVEL,Dynamic level,NOT.SCORE_READING,identify,Exam application,,,,high,Tagged
EXL008-Q06,CLIP-EXL008,Dynamics and articulation,ART.TYPE,Articulation,,identify,Exam application,,,,high,Tagged
EXL008-Q07,CLIP-EXL008,Meter and rhythm,RHY.TEMPO,Tempo,,identify,Exam application,,,,high,Tagged
EXL008-Q08,CLIP-EXL008,Meter and rhythm,RHY.TIME_SIGNATURE,Time signature,NOT.SCORE_READING,identify,Exam application,,,,high,Tagged
EXL008-Q09,CLIP-EXL008,Melody,MEL.DIRECTION,Melodic direction,NOT.SCORE_READING,identify,Exam application,,,,high,Tagged
EXL008-Q10,CLIP-EXL008,Meter and rhythm,RHY.DEVICE,Rhythmic device,,identify,Exam application,,,,high,Tagged
EXL008-Q11,CLIP-EXL008,Context and genre,CTX.PERIOD,Historical period,,identify,Exam application,,,,high,Tagged
EXL008-Q12,CLIP-EXL008,Context and genre,CTX.PERIOD,Historical period,,identify,Exam application,,,,high,Tagged
II001,CLIP-A7387AF2101C,Instrumentation,INS.INDIVIDUAL,Individual instrument,INS.FAMILY,identify,Securing,Classical/Romantic transition,Concerto,Orchestral,high,Tagged
II002,CLIP-1AACF52B8EA4,Instrumentation,INS.INDIVIDUAL,Individual instrument,INS.FAMILY,identify,Securing,Classical/Romantic transition,Concerto,Orchestral,high,Tagged
II003,CLIP-01F7D108527F,Instrumentation,INS.INDIVIDUAL,Individual instrument,INS.FAMILY,identify,Securing,Classical/Romantic transition,Sonata,Piano Accomp.,high,Tagged
II004,CLIP-F5D3D6EF57A1,Instrumentation,INS.INDIVIDUAL,Individual instrument,INS.FAMILY,identify,Developing,Classical/Romantic transition,Sonata,Piano Accomp.,high,Tagged
II005,CLIP-1B38EA59E2EE,Instrumentation,INS.INDIVIDUAL,Individual instrument,INS.FAMILY,identify,Developing,Classical/Romantic transition,Sonata,Piano Accomp.,high,Tagged
II006,CLIP-BA2BF1125F91,Instrumentation,INS.INDIVIDUAL,Individual instrument,INS.FAMILY,identify,Developing,Classical/Romantic transition,Sonata,Piano Accomp.,high,Tagged
II007,CLIP-D5F92722A907,Instrumentation,INS.INDIVIDUAL,Individual instrument,INS.FAMILY,identify,Foundation,Baroque,,Solo,medium,Review
II008,CLIP-48F13861151B,Instrumentation,INS.INDIVIDUAL,Individual instrument,INS.FAMILY,identify,Foundation,Baroque,,Solo,medium,Review
II009,CLIP-E2F0E2511B48,Instrumentation,INS.INDIVIDUAL,Individual instrument,INS.FAMILY,identify,Foundation,Baroque,,Solo,medium,Review
II010,CLIP-646DD279B656,Instrumentation,INS.INDIVIDUAL,Individual instrument,INS.FAMILY,identify,Foundation,Baroque,,Solo,medium,Review
II011,CLIP-7E20DA6BED3D,Instrumentation,INS.INDIVIDUAL,Individual instrument,INS.FAMILY,identify,Developing,Classical/Romantic transition,Sonata,Piano Accomp.,high,Tagged
II012,CLIP-5E8544720EB7,Instrumentation,INS.INDIVIDUAL,Individual instrument,INS.FAMILY,identify,Securing,Classical/Romantic transition,Sonata,Piano Accomp.,high,Tagged
II013,CLIP-1E08BC27E146,Instrumentation,INS.INDIVIDUAL,Individual instrument,INS.FAMILY,identify,Developing,Classical,Sonata,Piano Accomp.,high,Tagged
II014,CLIP-D31D27BE6B6D,Instrumentation,INS.INDIVIDUAL,Individual instrument,INS.FAMILY,identify,Developing,Classical,Sonata,Piano Accomp.,high,Tagged
II015,CLIP-880A1ABB030C,Instrumentation,INS.INDIVIDUAL,Individual instrument,INS.FAMILY,identify,Securing,Classical/Romantic transition,Concerto,Orchestral,high,Tagged
II016,CLIP-8895B408801D,Instrumentation,INS.INDIVIDUAL,Individual instrument,INS.FAMILY,identify,Developing,Classical/Romantic transition,Concerto,Orchestral,high,Tagged
II017,CLIP-1AC448A4BBE5,Instrumentation,INS.INDIVIDUAL,Individual instrument,INS.FAMILY,identify,Developing,Classical/Romantic transition,Sonata,Piano Accomp.,high,Tagged
II018,CLIP-FA928F966079,Instrumentation,INS.INDIVIDUAL,Individual instrument,INS.FAMILY,identify,Developing,Classical/Romantic transition,Sonata,Piano Accomp.,high,Tagged
II019,CLIP-56C93B48E3B9,Instrumentation,INS.INDIVIDUAL,Individual instrument,INS.FAMILY,identify,Securing,Classical/Romantic transition,Sonata,Piano Accomp.,high,Tagged
II020,CLIP-1BC0145CD248,Instrumentation,INS.INDIVIDUAL,Individual instrument,INS.FAMILY,identify,Securing,Baroque,Sonata,Organ Accomp.,high,Tagged
II021,CLIP-E5A38D61240F,Instrumentation,INS.INDIVIDUAL,Individual instrument,INS.FAMILY,identify,Securing,Baroque,Sonata,Organ Accomp.,high,Tagged
II022,CLIP-8B6C21CC9D6F,Instrumentation,INS.INDIVIDUAL,Individual instrument,INS.FAMILY,identify,Securing,Baroque,Concerto,Orchestral,high,Tagged
II023,CLIP-421F46094C80,Instrumentation,INS.INDIVIDUAL,Individual instrument,INS.FAMILY,identify,Securing,Baroque,Concerto,Orchestral,high,Tagged
II024,CLIP-C7A76D9D7F50,Instrumentation,INS.INDIVIDUAL,Individual instrument,INS.FAMILY,identify,Securing,Baroque,Concerto,Orchestral,high,Tagged
II025,CLIP-E03166FEC69F,Instrumentation,INS.INDIVIDUAL,Individual instrument,INS.FAMILY,identify,Securing,,,Piano Accomp.,medium,Review
II026,CLIP-71ED9B400FCD,Instrumentation,INS.INDIVIDUAL,Individual instrument,INS.FAMILY,identify,Securing,,,Piano Accomp.,medium,Review
II027,CLIP-01AD6540FAF7,Instrumentation,INS.INDIVIDUAL,Individual instrument,INS.FAMILY,identify,Foundation,,,Solo,medium,Review
II028,CLIP-3EAB9ED166F6,Instrumentation,INS.INDIVIDUAL,Individual instrument,INS.FAMILY,identify,Foundation,,,Solo,medium,Review
II029,CLIP-10A237E236C0,Instrumentation,INS.INDIVIDUAL,Individual instrument,INS.FAMILY,identify,Foundation,,,Solo,medium,Review
II030,CLIP-DF3D14E4CFCB,Instrumentation,INS.INDIVIDUAL,Individual instrument,INS.FAMILY,identify,Foundation,,,Solo,medium,Review
II031,CLIP-DC2CBD6FF3F8,Instrumentation,INS.INDIVIDUAL,Individual instrument,INS.FAMILY,identify,Foundation,Baroque,Sonata,Solo,high,Tagged
II032,CLIP-0E9FBFA477CA,Instrumentation,INS.INDIVIDUAL,Individual instrument,INS.FAMILY,identify,Foundation,Baroque,Sonata,Solo,high,Tagged
II033,CLIP-B76B4932A796,Instrumentation,INS.INDIVIDUAL,Individual instrument,INS.FAMILY,identify,Mastering,,Sonata,Orchestral,medium,Review
II034,CLIP-8B49137AE23A,Instrumentation,INS.INDIVIDUAL,Individual instrument,INS.FAMILY,identify,Mastering,,Sonata,Orchestral,medium,Review
II035,CLIP-2E02BA2BFA7C,Instrumentation,INS.INDIVIDUAL,Individual instrument,INS.FAMILY,identify,Mastering,Romantic,,Piano Accomp.,medium,Review
II036,CLIP-684AD73F0177,Instrumentation,INS.INDIVIDUAL,Individual instrument,INS.FAMILY,identify,Mastering,Romantic,,Piano Accomp.,medium,Review
II037,CLIP-ACFFE1B15CD5,Instrumentation,INS.INDIVIDUAL,Individual instrument,INS.FAMILY,identify,Mastering,Romantic,,Piano Accomp.,medium,Review
II038,CLIP-6E4947E43E2D,Instrumentation,INS.INDIVIDUAL,Individual instrument,INS.FAMILY,identify,Mastering,Romantic,,Piano Accomp.,medium,Review
II039,CLIP-9712C9354F45,Instrumentation,INS.INDIVIDUAL,Individual instrument,INS.FAMILY,identify,Foundation,Baroque,Suite,Solo,high,Tagged
II040,CLIP-E3787A0C5F5D,Instrumentation,INS.INDIVIDUAL,Individual instrument,INS.FAMILY,identify,Foundation,Baroque,Suite,Solo,high,Tagged
II041,CLIP-2B66A9196F3B,Instrumentation,INS.INDIVIDUAL,Individual instrument,INS.FAMILY,identify,Foundation,Baroque,Suite,Solo,high,Tagged
II042,CLIP-B5CCFA9DC607,Instrumentation,INS.INDIVIDUAL,Individual instrument,INS.FAMILY,identify,Foundation,Baroque,Suite,Solo,high,Tagged
II043,CLIP-31028F514A54,Instrumentation,INS.INDIVIDUAL,Individual instrument,INS.FAMILY,identify,Developing,,Sonata,Piano Accomp.,high,Review
II044,CLIP-3C7878B63AF9,Instrumentation,INS.INDIVIDUAL,Individual instrument,INS.FAMILY,identify,Mastering,,Sonata,Piano Accomp.,high,Review
II045,CLIP-DA585D60C3DB,Instrumentation,INS.INDIVIDUAL,Individual instrument,INS.FAMILY,identify,Securing,,Sonata,Piano Accomp.,high,Review
II046,CLIP-C13C9B32DE29,Instrumentation,INS.INDIVIDUAL,Individual instrument,INS.FAMILY,identify,Securing,,Sonata,Piano Accomp.,high,Review
II047,CLIP-D39FDCFCAF4B,Instrumentation,INS.INDIVIDUAL,Individual instrument,INS.FAMILY,identify,Securing,,Sonata,Piano Accomp.,high,Review
II048,CLIP-AA691AE84835,Instrumentation,INS.INDIVIDUAL,Individual instrument,INS.FAMILY,identify,Securing,,Concerto,Orchestral,medium,Review
II049,CLIP-C17AD3A7F487,Instrumentation,INS.INDIVIDUAL,Individual instrument,INS.FAMILY,identify,Mastering,,Concerto,Orchestral,medium,Review
II050,CLIP-CD184819D52B,Instrumentation,INS.INDIVIDUAL,Individual instrument,INS.FAMILY,identify,Securing,,Concerto,Orchestral,medium,Review
II051,CLIP-5A8CE86E4B4B,Instrumentation,INS.INDIVIDUAL,Individual instrument,INS.FAMILY,identify,Securing,,Concerto,Orchestral,medium,Review
II052,CLIP-092F26817A73,Instrumentation,INS.INDIVIDUAL,Individual instrument,INS.FAMILY,identify,Securing,,Concerto,Orchestral,medium,Review
II053,CLIP-FA7C620E7D24,Instrumentation,INS.INDIVIDUAL,Individual instrument,INS.FAMILY,identify,Mastering,Twentieth century,Sonata,Piano Accomp.,high,Tagged
II054,CLIP-AB6192D407EE,Instrumentation,INS.INDIVIDUAL,Individual instrument,INS.FAMILY,identify,Developing,Twentieth century,Sonata,Piano Accomp.,high,Tagged
II055,CLIP-6AF32876910F,Instrumentation,INS.INDIVIDUAL,Individual instrument,INS.FAMILY,identify,Securing,Twentieth century,Sonata,Piano Accomp.,high,Tagged
II056,CLIP-F623289EDCE2,Instrumentation,INS.INDIVIDUAL,Individual instrument,INS.FAMILY,identify,Mastering,,Concerto,Orchestral,medium,Review
II057,CLIP-7874532D3820,Instrumentation,INS.INDIVIDUAL,Individual instrument,INS.FAMILY,identify,Securing,,Concerto,Orchestral,medium,Review
II058,CLIP-85D68D6217F6,Instrumentation,INS.INDIVIDUAL,Individual instrument,INS.FAMILY,identify,Developing,,Concerto,Orchestral,medium,Review
II059,CLIP-1E9D9D3CDC65,Instrumentation,INS.INDIVIDUAL,Individual instrument,INS.FAMILY,identify,Developing,,Concerto,Orchestral,medium,Review
II060,CLIP-3B0B57D23E49,Instrumentation,INS.INDIVIDUAL,Individual instrument,INS.FAMILY,identify,Developing,,Concerto,Orchestral,medium,Review
II061,CLIP-2CF444AE7DBC,Instrumentation,INS.INDIVIDUAL,Individual instrument,INS.FAMILY,identify,Developing,,Concerto,Orchestral,medium,Review
II062,CLIP-05DDF4C12254,Instrumentation,INS.INDIVIDUAL,Individual instrument,INS.FAMILY,identify,Developing,Twentieth century,Sonata,Piano Accomp.,high,Tagged
II063,CLIP-476AD11F16E8,Instrumentation,INS.INDIVIDUAL,Individual instrument,INS.FAMILY,identify,Developing,Twentieth century,Sonata,Piano Accomp.,high,Tagged
II064,CLIP-E62EA2836FBB,Instrumentation,INS.INDIVIDUAL,Individual instrument,INS.FAMILY,identify,Developing,Twentieth century,Sonata,Piano Accomp.,high,Tagged
II065,CLIP-2188810222C5,Instrumentation,INS.INDIVIDUAL,Individual instrument,INS.FAMILY,identify,Developing,Twentieth century,Sonata,Piano Accomp.,high,Tagged
II066,CLIP-99F3317F092B,Instrumentation,INS.INDIVIDUAL,Individual instrument,INS.FAMILY,identify,Securing,Classical,Concerto,Orchestral,high,Tagged
II067,CLIP-7997EFBA03ED,Instrumentation,INS.INDIVIDUAL,Individual instrument,INS.FAMILY,identify,Developing,Classical,Concerto,Orchestral,high,Tagged
II068,CLIP-6EAA1B494D50,Instrumentation,INS.INDIVIDUAL,Individual instrument,INS.FAMILY,identify,Securing,Classical,Concerto,Orchestral,high,Tagged
II069,CLIP-6ADE25AEDCAD,Instrumentation,INS.INDIVIDUAL,Individual instrument,INS.FAMILY,identify,Securing,Classical,Concerto,Orchestral,high,Tagged
II070,CLIP-AD710FC01EF4,Instrumentation,INS.INDIVIDUAL,Individual instrument,INS.FAMILY,identify,Developing,Baroque,Sonata,Harpsichord,high,Tagged
II071,CLIP-504F90757D50,Instrumentation,INS.INDIVIDUAL,Individual instrument,INS.FAMILY,identify,Developing,Baroque,Sonata,Harpsichord,high,Tagged
II072,CLIP-D8B0A1D07065,Instrumentation,INS.INDIVIDUAL,Individual instrument,INS.FAMILY,identify,Developing,Baroque,Suite,Solo,high,Tagged
II073,CLIP-F5593EE4707A,Instrumentation,INS.INDIVIDUAL,Individual instrument,INS.FAMILY,identify,Developing,Baroque,Suite,Solo,high,Tagged
II074,CLIP-3EE7AA59E4B0,Instrumentation,INS.INDIVIDUAL,Individual instrument,INS.FAMILY,identify,Developing,Baroque,Suite,Solo,high,Tagged
II075,CLIP-9E543D9B06A3,Instrumentation,INS.INDIVIDUAL,Individual instrument,INS.FAMILY,identify,Developing,Romantic,Sonata,Orchestral,high,Tagged
II076,CLIP-78D1F8D9C0D8,Instrumentation,INS.INDIVIDUAL,Individual instrument,INS.FAMILY,identify,Developing,Romantic,Sonata,Orchestral,high,Tagged
II077,CLIP-59D1BDB2A7EF,Instrumentation,INS.INDIVIDUAL,Individual instrument,INS.FAMILY,identify,Developing,Romantic,Sonata,Orchestral,high,Tagged
II078,CLIP-3EFA80723BD7,Instrumentation,INS.INDIVIDUAL,Individual instrument,INS.FAMILY,identify,Developing,Romantic,Sonata,Orchestral,high,Tagged
II079,CLIP-ECD73F16829E,Instrumentation,INS.INDIVIDUAL,Individual instrument,INS.FAMILY,identify,Foundation,Baroque,Suite,Solo,high,Tagged
II080,CLIP-15738FC9F294,Instrumentation,INS.INDIVIDUAL,Individual instrument,INS.FAMILY,identify,Foundation,Baroque,Suite,Solo,high,Tagged
II081,CLIP-E524CD09124E,Instrumentation,INS.INDIVIDUAL,Individual instrument,INS.FAMILY,identify,Foundation,Baroque,Suite,Solo,high,Tagged
II082,CLIP-64F03196836B,Instrumentation,INS.INDIVIDUAL,Individual instrument,INS.FAMILY,identify,Developing,Baroque,Sonata,Harpsichord,high,Tagged
II083,CLIP-FBC4339E9D0B,Instrumentation,INS.INDIVIDUAL,Individual instrument,INS.FAMILY,identify,Developing,Baroque,Sonata,Harpsichord,high,Tagged
II084,CLIP-853BE2324B22,Instrumentation,INS.INDIVIDUAL,Individual instrument,INS.FAMILY,identify,Developing,Baroque,Sonata,Harpsichord,high,Tagged
II085,CLIP-B28568682337,Instrumentation,INS.INDIVIDUAL,Individual instrument,INS.FAMILY,identify,Developing,Baroque,Sonata,Harpsichord,high,Tagged
II086,CLIP-CB9F7DEB2651,Instrumentation,INS.INDIVIDUAL,Individual instrument,INS.FAMILY,identify,Developing,,Sonata,Piano Accomp.,high,Review
II087,CLIP-743C92F975FF,Instrumentation,INS.INDIVIDUAL,Individual instrument,INS.FAMILY,identify,Developing,,Sonata,Piano Accomp.,high,Review
II088,CLIP-AA88FECC06C7,Instrumentation,INS.INDIVIDUAL,Individual instrument,INS.FAMILY,identify,Developing,,Sonata,Piano Accomp.,high,Review
II089,CLIP-6DE9B4950940,Instrumentation,INS.INDIVIDUAL,Individual instrument,INS.FAMILY,identify,Developing,,Sonata,Piano Accomp.,high,Review
II090,CLIP-5209AD0016B3,Instrumentation,INS.INDIVIDUAL,Individual instrument,INS.FAMILY,identify,Developing,Classical/Romantic transition,Sonata,Piano Accomp.,high,Tagged
II091,CLIP-56E94FD0FE5C,Instrumentation,INS.INDIVIDUAL,Individual instrument,INS.FAMILY,identify,Developing,Classical/Romantic transition,Sonata,Piano Accomp.,high,Tagged
II092,CLIP-3A43794AE92E,Instrumentation,INS.INDIVIDUAL,Individual instrument,INS.FAMILY,identify,Securing,Classical/Romantic transition,Sonata,Piano Accomp.,high,Tagged
II093,CLIP-B05CEB45F720,Instrumentation,INS.INDIVIDUAL,Individual instrument,INS.FAMILY,identify,Developing,Classical/Romantic transition,Sonata,Piano Accomp.,high,Tagged
II094,CLIP-DAB52A61FFC5,Instrumentation,INS.INDIVIDUAL,Individual instrument,INS.FAMILY,identify,Developing,Classical/Romantic transition,Sonata,Piano Accomp.,high,Tagged
II095,CLIP-36541CB40FFF,Instrumentation,INS.INDIVIDUAL,Individual instrument,INS.FAMILY,identify,Developing,Classical/Romantic transition,Sonata,Piano Accomp.,high,Tagged
II096,CLIP-2F181EF25D62,Instrumentation,INS.INDIVIDUAL,Individual instrument,INS.FAMILY,identify,Developing,Classical/Romantic transition,Sonata,Piano Accomp.,high,Tagged
II097,CLIP-C5C878763FFD,Instrumentation,INS.INDIVIDUAL,Individual instrument,INS.FAMILY,identify,Developing,Classical/Romantic transition,Sonata,Piano Accomp.,high,Tagged
II098,CLIP-6EF758CCCD7A,Instrumentation,INS.INDIVIDUAL,Individual instrument,INS.FAMILY,identify,Developing,Romantic,Sonata,Piano Accomp.,high,Tagged
II099,CLIP-2DC361124552,Instrumentation,INS.INDIVIDUAL,Individual instrument,INS.FAMILY,identify,Developing,Romantic,Sonata,Piano Accomp.,high,Tagged
II100,CLIP-27234A7CB5C6,Instrumentation,INS.INDIVIDUAL,Individual instrument,INS.FAMILY,identify,Developing,Romantic,Sonata,Piano Accomp.,high,Tagged
II101,CLIP-EFE783FF6258,Instrumentation,INS.INDIVIDUAL,Individual instrument,INS.FAMILY,identify,Foundation,Baroque,Suite,Solo,high,Tagged
II102,CLIP-C74B023601B7,Instrumentation,INS.INDIVIDUAL,Individual instrument,INS.FAMILY,identify,Foundation,Baroque,Suite,Solo,high,Tagged
II103,CLIP-4AC509496742,Instrumentation,INS.INDIVIDUAL,Individual instrument,INS.FAMILY,identify,Foundation,Baroque,Suite,Solo,high,Tagged
II104,CLIP-6D3ECC75CAAA,Instrumentation,INS.INDIVIDUAL,Individual instrument,INS.FAMILY,identify,Foundation,Baroque,Suite,Solo,high,Tagged
II105,CLIP-576391C6A154,Instrumentation,INS.INDIVIDUAL,Individual instrument,INS.FAMILY,identify,Developing,Baroque,Suite,Solo,high,Tagged
II106,CLIP-83F1AD77A603,Instrumentation,INS.INDIVIDUAL,Individual instrument,INS.FAMILY,identify,Developing,Baroque,Suite,Solo,high,Tagged
II107,CLIP-2C00B7CB77AF,Instrumentation,INS.INDIVIDUAL,Individual instrument,INS.FAMILY,identify,Developing,Baroque,Suite,Solo,high,Tagged
II108,CLIP-E258E7D731CC,Instrumentation,INS.INDIVIDUAL,Individual instrument,INS.FAMILY,identify,Developing,Baroque,Suite,Solo,high,Tagged
II109,CLIP-F02ADF624CAF,Instrumentation,INS.INDIVIDUAL,Individual instrument,INS.FAMILY,identify,Foundation,Baroque,Suite,Solo,high,Tagged
II110,CLIP-B3308EB3F053,Instrumentation,INS.INDIVIDUAL,Individual instrument,INS.FAMILY,identify,Foundation,Baroque,Suite,Solo,high,Tagged
II111,CLIP-C782E9B83D9A,Instrumentation,INS.INDIVIDUAL,Individual instrument,INS.FAMILY,identify,Foundation,Baroque,Suite,Solo,high,Tagged
II112,CLIP-135A59FE028C,Instrumentation,INS.INDIVIDUAL,Individual instrument,INS.FAMILY,identify,Foundation,Baroque,Suite,Solo,high,Tagged
II113,CLIP-B3825A13E565,Instrumentation,INS.INDIVIDUAL,Individual instrument,INS.FAMILY,identify,Foundation,Baroque,Suite,Solo,high,Tagged
II114,CLIP-A94AC8BECC60,Instrumentation,INS.INDIVIDUAL,Individual instrument,INS.FAMILY,identify,Foundation,Baroque,Suite,Solo,high,Tagged
II115,CLIP-47D7D98369F9,Instrumentation,INS.INDIVIDUAL,Individual instrument,INS.FAMILY,identify,Developing,Classical/Romantic transition,Sonata,Piano Accomp.,high,Tagged
II116,CLIP-F8FB5A280766,Instrumentation,INS.INDIVIDUAL,Individual instrument,INS.FAMILY,identify,Securing,Classical/Romantic transition,Sonata,Piano Accomp.,high,Tagged
II117,CLIP-AD2DB69A7EE3,Instrumentation,INS.INDIVIDUAL,Individual instrument,INS.FAMILY,identify,Securing,Classical/Romantic transition,Sonata,Piano Accomp.,high,Tagged
II118,CLIP-37A7379871C1,Instrumentation,INS.INDIVIDUAL,Individual instrument,INS.FAMILY,identify,Developing,,,Piano Accomp.,medium,Review
II119,CLIP-03096476FA01,Instrumentation,INS.INDIVIDUAL,Individual instrument,INS.FAMILY,identify,Developing,,,Piano Accomp.,medium,Review
II120,CLIP-6876B6152E9A,Instrumentation,INS.INDIVIDUAL,Individual instrument,INS.FAMILY,identify,Securing,,,Piano Accomp.,medium,Review
II121,CLIP-39A78E100F57,Instrumentation,INS.INDIVIDUAL,Individual instrument,INS.FAMILY,identify,Mastering,,Concerto,Orchestral,medium,Review
II122,CLIP-FAFA2497DB2D,Instrumentation,INS.INDIVIDUAL,Individual instrument,INS.FAMILY,identify,Mastering,,Concerto,Orchestral,medium,Review
II123,CLIP-7618D2ADFE4C,Instrumentation,INS.INDIVIDUAL,Individual instrument,INS.FAMILY,identify,Mastering,,Concerto,Orchestral,medium,Review
II124,CLIP-57C047F8D75D,Instrumentation,INS.INDIVIDUAL,Individual instrument,INS.FAMILY,identify,Mastering,,Concerto,Orchestral,medium,Review
II125,CLIP-01042F72A584,Instrumentation,INS.INDIVIDUAL,Individual instrument,INS.FAMILY,identify,Mastering,,Concerto,Orchestral,medium,Review
II126,CLIP-94B6BA022D2E,Instrumentation,INS.INDIVIDUAL,Individual instrument,INS.FAMILY,identify,Mastering,,Concerto,Orchestral,medium,Review
II127,CLIP-D3D26F2B5D2D,Instrumentation,INS.INDIVIDUAL,Individual instrument,INS.FAMILY,identify,Mastering,,Concerto,Orchestral,medium,Review
II128,CLIP-70308671E2D0,Instrumentation,INS.INDIVIDUAL,Individual instrument,INS.FAMILY,identify,Mastering,,Concerto,Orchestral,medium,Review
II129,CLIP-36921F8C2C62,Instrumentation,INS.INDIVIDUAL,Individual instrument,INS.FAMILY,identify,Mastering,,Concerto,Orchestral,medium,Review
II130,CLIP-07FD422E937F,Instrumentation,INS.INDIVIDUAL,Individual instrument,INS.FAMILY,identify,Mastering,,Concerto,Orchestral,medium,Review
II131,CLIP-B0F9BC01503D,Instrumentation,INS.INDIVIDUAL,Individual instrument,INS.FAMILY,identify,Mastering,,Concerto,Orchestral,medium,Review
II132,CLIP-5D06541EE76D,Instrumentation,INS.INDIVIDUAL,Individual instrument,INS.FAMILY,identify,Developing,Classical,Concerto,Orchestral,high,Tagged
II133,CLIP-5E3697E97AF9,Instrumentation,INS.INDIVIDUAL,Individual instrument,INS.FAMILY,identify,Developing,Classical,Concerto,Orchestral,high,Tagged
II134,CLIP-EDFBD8323161,Instrumentation,INS.INDIVIDUAL,Individual instrument,INS.FAMILY,identify,Developing,Classical,Concerto,Orchestral,high,Tagged
II135,CLIP-4A359D3AA48D,Instrumentation,INS.INDIVIDUAL,Individual instrument,INS.FAMILY,identify,Developing,Classical,Concerto,Orchestral,high,Tagged
II136,CLIP-798FB76436FA,Instrumentation,INS.INDIVIDUAL,Individual instrument,INS.FAMILY,identify,Developing,Classical,Concerto,Orchestral,high,Tagged
II137,CLIP-824757EBEE02,Instrumentation,INS.INDIVIDUAL,Individual instrument,INS.FAMILY,identify,Developing,Classical,Concerto,Orchestral,high,Tagged
II138,CLIP-73DC72BF2BFD,Instrumentation,INS.INDIVIDUAL,Individual instrument,INS.FAMILY,identify,Developing,Classical,Concerto,Orchestral,high,Tagged
II139,CLIP-DD934A1AC654,Instrumentation,INS.INDIVIDUAL,Individual instrument,INS.FAMILY,identify,Developing,Classical,Concerto,Orchestral,high,Tagged
II140,CLIP-487EFDB64270,Instrumentation,INS.INDIVIDUAL,Individual instrument,INS.FAMILY,identify,Developing,Classical,Concerto,Orchestral,high,Tagged
II141,CLIP-223625F52037,Instrumentation,INS.INDIVIDUAL,Individual instrument,INS.FAMILY,identify,Developing,Classical,Concerto,Orchestral,high,Tagged
II142,CLIP-F0ABD6BD0059,Instrumentation,INS.INDIVIDUAL,Individual instrument,INS.FAMILY,identify,Developing,Classical,Concerto,Orchestral,high,Tagged
II143,CLIP-31903357C654,Instrumentation,INS.INDIVIDUAL,Individual instrument,INS.FAMILY,identify,Developing,Classical,Concerto,Orchestral,high,Tagged
II144,CLIP-DB8A59720FEA,Instrumentation,INS.INDIVIDUAL,Individual instrument,INS.FAMILY,identify,Securing,,Sonata,Organ Accomp.,medium,Review
II145,CLIP-9B48EF37C953,Instrumentation,INS.INDIVIDUAL,Individual instrument,INS.FAMILY,identify,Securing,,Sonata,Organ Accomp.,medium,Review
II146,CLIP-1441083271BE,Instrumentation,INS.INDIVIDUAL,Individual instrument,INS.FAMILY,identify,Securing,Classical,Concerto,Orchestral,high,Tagged
II147,CLIP-42A26B1CE7F3,Instrumentation,INS.INDIVIDUAL,Individual instrument,INS.FAMILY,identify,Securing,Classical,Concerto,Orchestral,high,Tagged
II148,CLIP-E5A7C974485B,Instrumentation,INS.INDIVIDUAL,Individual instrument,INS.FAMILY,identify,Securing,Classical,Concerto,Orchestral,high,Tagged
II149,CLIP-988026B56804,Instrumentation,INS.INDIVIDUAL,Individual instrument,INS.FAMILY,identify,Securing,Classical,Concerto,Orchestral,high,Tagged
II150,CLIP-0D7A12C7C8CA,Instrumentation,INS.INDIVIDUAL,Individual instrument,INS.FAMILY,identify,Mastering,,,Piano Accomp.,medium,Review
II151,CLIP-BBECBD99CDBA,Instrumentation,INS.INDIVIDUAL,Individual instrument,INS.FAMILY,identify,Mastering,,,Piano Accomp.,medium,Review
II152,CLIP-02851133C455,Instrumentation,INS.INDIVIDUAL,Individual instrument,INS.FAMILY,identify,Developing,,Concerto,Orchestral,medium,Review
II153,CLIP-43BEEA988951,Instrumentation,INS.INDIVIDUAL,Individual instrument,INS.FAMILY,identify,Securing,,Concerto,Orchestral,medium,Review
II154,CLIP-F168787183FF,Instrumentation,INS.INDIVIDUAL,Individual instrument,INS.FAMILY,identify,Securing,,Concerto,Orchestral,medium,Review
II155,CLIP-B91E15900556,Instrumentation,INS.INDIVIDUAL,Individual instrument,INS.FAMILY,identify,Securing,,Concerto,Orchestral,medium,Review
II156,CLIP-6D04F46E1D7B,Instrumentation,INS.INDIVIDUAL,Individual instrument,INS.FAMILY,identify,Securing,,Concerto,Orchestral,medium,Review
II157,CLIP-F02F4F0665A3,Instrumentation,INS.INDIVIDUAL,Individual instrument,INS.FAMILY,identify,Developing,,Concerto,Orchestral,medium,Review
II158,CLIP-C9C565AA53EA,Instrumentation,INS.INDIVIDUAL,Individual instrument,INS.FAMILY,identify,Developing,,Concerto,Orchestral,medium,Review
II159,CLIP-AAC411858B8B,Instrumentation,INS.INDIVIDUAL,Individual instrument,INS.FAMILY,identify,Developing,,Concerto,Orchestral,medium,Review
II160,CLIP-8679929A56DB,Instrumentation,INS.INDIVIDUAL,Individual instrument,INS.FAMILY,identify,Developing,,Concerto,Orchestral,medium,Review
II161,CLIP-6B2D2BBC123E,Instrumentation,INS.INDIVIDUAL,Individual instrument,INS.FAMILY,identify,Developing,,Concerto,Orchestral,medium,Review
II162,CLIP-75330FED18CA,Instrumentation,INS.INDIVIDUAL,Individual instrument,INS.FAMILY,identify,Developing,,Concerto,Orchestral,medium,Review
II163,CLIP-EDB81DF286DA,Instrumentation,INS.INDIVIDUAL,Individual instrument,INS.FAMILY,identify,Developing,,Concerto,Orchestral,medium,Review
II164,CLIP-2FBCD147C45A,Instrumentation,INS.INDIVIDUAL,Individual instrument,INS.FAMILY,identify,Developing,,Concerto,Organ Accomp.,medium,Review
II165,CLIP-B129975CA877,Instrumentation,INS.INDIVIDUAL,Individual instrument,INS.FAMILY,identify,Developing,,Concerto,Organ Accomp.,high,Review
II166,CLIP-4FBBB1E3EC4C,Instrumentation,INS.INDIVIDUAL,Individual instrument,INS.FAMILY,identify,Securing,,Concerto,Organ Accomp.,high,Review
II167,CLIP-68AF0678FFE5,Instrumentation,INS.INDIVIDUAL,Individual instrument,INS.FAMILY,identify,Securing,,Concerto,Organ Accomp.,high,Review
II168,CLIP-4A4A80174AE2,Instrumentation,INS.INDIVIDUAL,Individual instrument,INS.FAMILY,identify,Securing,,Concerto,Organ Accomp.,high,Review
II169,CLIP-DFA08C359229,Instrumentation,INS.INDIVIDUAL,Individual instrument,INS.FAMILY,identify,Securing,,Concerto,Organ Accomp.,high,Review
II170,CLIP-E6A3E7DE44AA,Instrumentation,INS.INDIVIDUAL,Individual instrument,INS.FAMILY,identify,Securing,,Concerto,Organ Accomp.,high,Review
II171,CLIP-1B941FF1FCA8,Instrumentation,INS.INDIVIDUAL,Individual instrument,INS.FAMILY,identify,Developing,,Concerto,Orchestral,medium,Review
II172,CLIP-73D5EEB7A8ED,Instrumentation,INS.INDIVIDUAL,Individual instrument,INS.FAMILY,identify,Developing,,Concerto,Orchestral,medium,Review
II173,CLIP-90D319FF10FB,Instrumentation,INS.INDIVIDUAL,Individual instrument,INS.FAMILY,identify,Developing,,Concerto,Orchestral,medium,Review
II174,CLIP-5DBEAC8A2C84,Instrumentation,INS.INDIVIDUAL,Individual instrument,INS.FAMILY,identify,Developing,,Concerto,Orchestral,medium,Review
II175,CLIP-A7BF25114F0F,Instrumentation,INS.INDIVIDUAL,Individual instrument,INS.FAMILY,identify,Developing,,Concerto,Orchestral,medium,Review
II176,CLIP-B0B0FF994D43,Instrumentation,INS.INDIVIDUAL,Individual instrument,INS.FAMILY,identify,Ungraded,Classical,Concerto,Orchestral,high,Tagged
II177,CLIP-7E0AC5ACD21B,Instrumentation,INS.INDIVIDUAL,Individual instrument,INS.FAMILY,identify,Ungraded,Classical,Concerto,Orchestral,high,Tagged
II178,CLIP-BC26B94AD95F,Instrumentation,INS.INDIVIDUAL,Individual instrument,INS.FAMILY,identify,Ungraded,Classical,Concerto,Orchestral,high,Tagged
II179,CLIP-A9DE6E8A06B8,Instrumentation,INS.INDIVIDUAL,Individual instrument,INS.FAMILY,identify,Ungraded,Classical,Concerto,Orchestral,high,Tagged
II180,CLIP-4A5FAF4D271C,Instrumentation,INS.INDIVIDUAL,Individual instrument,INS.FAMILY,identify,Ungraded,Classical,Concerto,Orchestral,high,Tagged
II181,CLIP-8970C2F99BBD,Instrumentation,INS.INDIVIDUAL,Individual instrument,INS.FAMILY,identify,Ungraded,Classical,Concerto,Orchestral,high,Tagged
II182,CLIP-86C34A7CC395,Instrumentation,INS.INDIVIDUAL,Individual instrument,INS.FAMILY,identify,Ungraded,Classical,Concerto,Orchestral,high,Tagged
II183,CLIP-D6B003076E31,Instrumentation,INS.INDIVIDUAL,Individual instrument,INS.FAMILY,identify,Ungraded,Classical,Concerto,Orchestral,high,Tagged
II184,CLIP-ACBFF3E416EF,Instrumentation,INS.INDIVIDUAL,Individual instrument,INS.FAMILY,identify,Ungraded,,,Piano Accomp.,medium,Review
II185,CLIP-9D48CE95FB64,Instrumentation,INS.INDIVIDUAL,Individual instrument,INS.FAMILY,identify,Ungraded,,,Piano Accomp.,medium,Review
II186,CLIP-E590279A6122,Instrumentation,INS.INDIVIDUAL,Individual instrument,INS.FAMILY,identify,Ungraded,,,Piano Accomp.,medium,Review
II187,CLIP-CE25D995E7F2,Instrumentation,INS.INDIVIDUAL,Individual instrument,INS.FAMILY,identify,Ungraded,,,Piano Accomp.,medium,Review
II188,CLIP-77DE80019C0B,Instrumentation,INS.INDIVIDUAL,Individual instrument,INS.FAMILY,identify,Ungraded,,,Piano Accomp.,medium,Review
II189,CLIP-9239BB7B2FB8,Instrumentation,INS.INDIVIDUAL,Individual instrument,INS.FAMILY,identify,Ungraded,,,Piano Accomp.,medium,Review
II190,CLIP-CEC919EFB589,Instrumentation,INS.INDIVIDUAL,Individual instrument,INS.FAMILY,identify,Ungraded,,,Piano Accomp.,medium,Review
II191,CLIP-016C95D89DFA,Instrumentation,INS.INDIVIDUAL,Individual instrument,INS.FAMILY,identify,Ungraded,Baroque,Sonata,Harpsichord,high,Tagged
II192,CLIP-0024FF2C50EC,Instrumentation,INS.INDIVIDUAL,Individual instrument,INS.FAMILY,identify,Ungraded,Baroque,Sonata,Harpsichord,high,Tagged
II193,CLIP-843210991A7E,Instrumentation,INS.INDIVIDUAL,Individual instrument,INS.FAMILY,identify,Ungraded,Baroque,Sonata,Harpsichord,high,Tagged
II194,CLIP-5845A044CD66,Instrumentation,INS.INDIVIDUAL,Individual instrument,INS.FAMILY,identify,Ungraded,Baroque,Sonata,Harpsichord,high,Tagged
II195,CLIP-E1877A931785,Instrumentation,INS.INDIVIDUAL,Individual instrument,INS.FAMILY,identify,Ungraded,Baroque,Sonata,Harpsichord,high,Tagged
II196,CLIP-B47DD91F94E4,Instrumentation,INS.INDIVIDUAL,Individual instrument,INS.FAMILY,identify,Ungraded,Baroque,Sonata,Harpsichord,high,Tagged
II197,CLIP-62C75ECD829C,Instrumentation,INS.INDIVIDUAL,Individual instrument,INS.FAMILY,identify,Ungraded,Baroque,Sonata,Harpsichord,high,Tagged
II198,CLIP-CE29BE459C36,Instrumentation,INS.INDIVIDUAL,Individual instrument,INS.FAMILY,identify,Ungraded,Baroque,Sonata,Harpsichord,high,Tagged
II199,CLIP-0F1FCCD712F0,Instrumentation,INS.INDIVIDUAL,Individual instrument,INS.FAMILY,identify,Ungraded,Baroque,Sonata,Harpsichord,high,Tagged
II200,CLIP-EF182646E68B,Instrumentation,INS.INDIVIDUAL,Individual instrument,INS.FAMILY,identify,Ungraded,Baroque,Sonata,Harpsichord,high,Tagged
II201,CLIP-1DE00A9590AD,Instrumentation,INS.INDIVIDUAL,Individual instrument,INS.FAMILY,identify,Foundation,Baroque,,Solo,medium,Review
II202,CLIP-C81EA4E0BE39,Instrumentation,INS.INDIVIDUAL,Individual instrument,INS.FAMILY,identify,Foundation,Baroque,,Solo,medium,Review
II203,CLIP-7BB5B895D6A5,Instrumentation,INS.INDIVIDUAL,Individual instrument,INS.FAMILY,identify,Foundation,Baroque,,Solo,medium,Review
II204,CLIP-AFE19D7846DE,Instrumentation,INS.INDIVIDUAL,Individual instrument,INS.FAMILY,identify,Foundation,Baroque,,Solo,medium,Review
II205,CLIP-16D259CD4557,Instrumentation,INS.INDIVIDUAL,Individual instrument,INS.FAMILY,identify,Foundation,Baroque,,Solo,medium,Review
II206,CLIP-0C0FFC6D626D,Instrumentation,INS.INDIVIDUAL,Individual instrument,INS.FAMILY,identify,Foundation,Baroque,,Solo,medium,Review
II207,CLIP-6F84DEBB8645,Instrumentation,INS.INDIVIDUAL,Individual instrument,INS.FAMILY,identify,Foundation,Baroque,,Solo,medium,Review
II208,CLIP-3EAD4854A69E,Instrumentation,INS.INDIVIDUAL,Individual instrument,INS.FAMILY,identify,Foundation,,,Solo,medium,Review
II209,CLIP-6E037A9F9829,Instrumentation,INS.INDIVIDUAL,Individual instrument,INS.FAMILY,identify,Foundation,,,Solo,medium,Review
II210,CLIP-FB7E09009EAA,Instrumentation,INS.INDIVIDUAL,Individual instrument,INS.FAMILY,identify,Foundation,,,Solo,medium,Review
II211,CLIP-25F4D9626BFA,Instrumentation,INS.INDIVIDUAL,Individual instrument,INS.FAMILY,identify,Foundation,,,Solo,medium,Review
II212,CLIP-EDE043EEBCDF,Instrumentation,INS.INDIVIDUAL,Individual instrument,INS.FAMILY,identify,Foundation,,,Solo,medium,Review
II213,CLIP-5F1879348783,Instrumentation,INS.INDIVIDUAL,Individual instrument,INS.FAMILY,identify,Foundation,,,Solo,medium,Review
II214,CLIP-87E9492E1C09,Instrumentation,INS.INDIVIDUAL,Individual instrument,INS.FAMILY,identify,Foundation,,,Solo,medium,Review
II215,CLIP-09CEF0C242B2,Instrumentation,INS.INDIVIDUAL,Individual instrument,INS.FAMILY,identify,Foundation,,,Solo,medium,Review
II216,CLIP-B072174C5AA4,Instrumentation,INS.INDIVIDUAL,Individual instrument,INS.FAMILY,identify,Foundation,,,Solo,medium,Review
II217,CLIP-4496388612F7,Instrumentation,INS.INDIVIDUAL,Individual instrument,INS.FAMILY,identify,Foundation,,,Solo,medium,Review
II218,CLIP-C7D3885C0D79,Instrumentation,INS.INDIVIDUAL,Individual instrument,INS.FAMILY,identify,Foundation,,,Solo,medium,Review
II219,CLIP-A89184FDB547,Instrumentation,INS.INDIVIDUAL,Individual instrument,INS.FAMILY,identify,Foundation,,Study,Solo,medium,Review
II220,CLIP-1AE8537D18E1,Instrumentation,INS.INDIVIDUAL,Individual instrument,INS.FAMILY,identify,Foundation,,Study,Solo,medium,Review
II221,CLIP-3ACFF6CE24F8,Instrumentation,INS.INDIVIDUAL,Individual instrument,INS.FAMILY,identify,Foundation,,Study,Solo,medium,Review
II222,CLIP-CADC131A5680,Instrumentation,INS.INDIVIDUAL,Individual instrument,INS.FAMILY,identify,Foundation,,Study,Solo,medium,Review
II223,CLIP-48E27688FE57,Instrumentation,INS.INDIVIDUAL,Individual instrument,INS.FAMILY,identify,Foundation,Baroque,Sonata,Solo,high,Tagged
II224,CLIP-60BB46F776B2,Instrumentation,INS.INDIVIDUAL,Individual instrument,INS.FAMILY,identify,Foundation,Baroque,Sonata,Solo,high,Tagged
II225,CLIP-4EE3AA2514D4,Instrumentation,INS.INDIVIDUAL,Individual instrument,INS.FAMILY,identify,Foundation,Baroque,Sonata,Solo,high,Tagged
II226,CLIP-63EB450C8A35,Instrumentation,INS.INDIVIDUAL,Individual instrument,INS.FAMILY,identify,Foundation,Baroque,Sonata,Solo,high,Tagged
II227,CLIP-952610961D87,Instrumentation,INS.INDIVIDUAL,Individual instrument,INS.FAMILY,identify,Foundation,Baroque,Sonata,Solo,high,Tagged
II228,CLIP-55D4282CCD22,Instrumentation,INS.INDIVIDUAL,Individual instrument,INS.FAMILY,identify,Developing,,,Solo,medium,Review
II229,CLIP-3CD1AABF08E3,Instrumentation,INS.INDIVIDUAL,Individual instrument,INS.FAMILY,identify,Developing,,,Solo,medium,Review
II230,CLIP-3E816ACAF811,Instrumentation,INS.INDIVIDUAL,Individual instrument,INS.FAMILY,identify,Developing,,,Solo,medium,Review
II231,CLIP-8E43AE73D1BB,Instrumentation,INS.INDIVIDUAL,Individual instrument,INS.FAMILY,identify,Developing,,,Solo,medium,Review
II232,CLIP-35DF42429447,Instrumentation,INS.INDIVIDUAL,Individual instrument,INS.FAMILY,identify,Ungraded,,Concerto,Orchestral,high,Review
II233,CLIP-93FE2168ED49,Instrumentation,INS.INDIVIDUAL,Individual instrument,INS.FAMILY,identify,Ungraded,,Concerto,Orchestral,high,Review
II234,CLIP-DF39CA591657,Instrumentation,INS.INDIVIDUAL,Individual instrument,INS.FAMILY,identify,Ungraded,,Concerto,Orchestral,high,Review
II235,CLIP-814FF391A831,Instrumentation,INS.INDIVIDUAL,Individual instrument,INS.FAMILY,identify,Ungraded,,Concerto,Orchestral,high,Review
II236,CLIP-4D8E159595EE,Instrumentation,INS.INDIVIDUAL,Individual instrument,INS.FAMILY,identify,Ungraded,,Concerto,Orchestral,high,Review
II237,CLIP-C063D3BA59D6,Instrumentation,INS.INDIVIDUAL,Individual instrument,INS.FAMILY,identify,Ungraded,,Concerto,Orchestral,high,Review
II238,CLIP-4F5E8F8A74FE,Instrumentation,INS.INDIVIDUAL,Individual instrument,INS.FAMILY,identify,Ungraded,,Concerto,Orchestral,high,Review
II239,CLIP-50D7D774C9E3,Instrumentation,INS.INDIVIDUAL,Individual instrument,INS.FAMILY,identify,Ungraded,,Concerto,Orchestral,high,Review
II240,CLIP-B63C778B6F19,Instrumentation,INS.INDIVIDUAL,Individual instrument,INS.FAMILY,identify,Ungraded,,Concerto,Orchestral,high,Review
II241,CLIP-C050D3CA1445,Instrumentation,INS.INDIVIDUAL,Individual instrument,INS.FAMILY,identify,Ungraded,Baroque,Concerto,Orchestral,high,Tagged
II242,CLIP-19ED672103DD,Instrumentation,INS.INDIVIDUAL,Individual instrument,INS.FAMILY,identify,Ungraded,Baroque,Concerto,Orchestral,high,Tagged
II243,CLIP-453FE3DB5970,Instrumentation,INS.INDIVIDUAL,Individual instrument,INS.FAMILY,identify,Ungraded,Baroque,Concerto,Orchestral,high,Tagged
II244,CLIP-AEEE96E36876,Instrumentation,INS.INDIVIDUAL,Individual instrument,INS.FAMILY,identify,Ungraded,Baroque,Concerto,Orchestral,high,Tagged
II245,CLIP-D98A84D602B2,Instrumentation,INS.INDIVIDUAL,Individual instrument,INS.FAMILY,identify,Ungraded,Baroque,Concerto,Orchestral,high,Tagged
II246,CLIP-9CD4C9A4E77C,Instrumentation,INS.INDIVIDUAL,Individual instrument,INS.FAMILY,identify,Ungraded,Baroque,Concerto,Orchestral,high,Tagged
II247,CLIP-F21C35E195E2,Instrumentation,INS.INDIVIDUAL,Individual instrument,INS.FAMILY,identify,Ungraded,Baroque,Concerto,Orchestral,high,Tagged
II248,CLIP-B43473022B15,Instrumentation,INS.INDIVIDUAL,Individual instrument,INS.FAMILY,identify,Ungraded,Baroque,Concerto,Orchestral,high,Tagged
II249,CLIP-83C6C0E30D6C,Instrumentation,INS.INDIVIDUAL,Individual instrument,INS.FAMILY,identify,Ungraded,Baroque,Concerto,Orchestral,high,Tagged
II250,CLIP-5335CB74B95E,Instrumentation,INS.INDIVIDUAL,Individual instrument,INS.FAMILY,identify,Ungraded,,Concerto,Orchestral,high,Review
II251,CLIP-9199ADAC9AED,Instrumentation,INS.INDIVIDUAL,Individual instrument,INS.FAMILY,identify,Ungraded,,Concerto,Orchestral,high,Review
II252,CLIP-0AE002FD30B0,Instrumentation,INS.INDIVIDUAL,Individual instrument,INS.FAMILY,identify,Ungraded,,Concerto,Orchestral,high,Review
II253,CLIP-74FC499C1520,Instrumentation,INS.INDIVIDUAL,Individual instrument,INS.FAMILY,identify,Ungraded,,Concerto,Orchestral,high,Review
II254,CLIP-ACBB12D5AB50,Instrumentation,INS.INDIVIDUAL,Individual instrument,INS.FAMILY,identify,Ungraded,,Sonata,Organ Accomp.,high,Review
II255,CLIP-5EE666745614,Instrumentation,INS.INDIVIDUAL,Individual instrument,INS.FAMILY,identify,Ungraded,,Sonata,Organ Accomp.,high,Review
II256,CLIP-F27FB5CA37FF,Instrumentation,INS.INDIVIDUAL,Individual instrument,INS.FAMILY,identify,Ungraded,,Concerto,Orchestral,high,Review
II257,CLIP-2C0E3996293E,Instrumentation,INS.INDIVIDUAL,Individual instrument,INS.FAMILY,identify,Ungraded,,Concerto,Orchestral,high,Review
II258,CLIP-161A5F051925,Instrumentation,INS.INDIVIDUAL,Individual instrument,INS.FAMILY,identify,Ungraded,,Concerto,Orchestral,high,Review
II259,CLIP-C3A096F55CA3,Instrumentation,INS.INDIVIDUAL,Individual instrument,INS.FAMILY,identify,Ungraded,,Concerto,Orchestral,high,Review
II260,CLIP-B7C7B7BD6CC0,Instrumentation,INS.INDIVIDUAL,Individual instrument,INS.FAMILY,identify,Ungraded,,Concerto,Orchestral,high,Review
II261,CLIP-A32519EB4523,Instrumentation,INS.INDIVIDUAL,Individual instrument,INS.FAMILY,identify,Ungraded,,Concerto,Orchestral,high,Review
II262,CLIP-B9E57ED317E4,Instrumentation,INS.INDIVIDUAL,Individual instrument,INS.FAMILY,identify,Ungraded,,Concerto,Orchestral,high,Review
II263,CLIP-7351229D7951,Instrumentation,INS.INDIVIDUAL,Individual instrument,INS.FAMILY,identify,Ungraded,,Concerto,Orchestral,high,Review
II264,CLIP-046CE7DC2349,Instrumentation,INS.INDIVIDUAL,Individual instrument,INS.FAMILY,identify,Ungraded,,,Piano Accomp.,medium,Review
II265,CLIP-4DFFD26408F6,Instrumentation,INS.INDIVIDUAL,Individual instrument,INS.FAMILY,identify,Ungraded,,,Piano Accomp.,medium,Review
II266,CLIP-E016419986E6,Instrumentation,INS.INDIVIDUAL,Individual instrument,INS.FAMILY,identify,Ungraded,,,Piano Accomp.,medium,Review
II267,CLIP-EF2B91BC2380,Instrumentation,INS.INDIVIDUAL,Individual instrument,INS.FAMILY,identify,Ungraded,,,Piano Accomp.,medium,Review
II268,CLIP-285328251AAC,Instrumentation,INS.INDIVIDUAL,Individual instrument,INS.FAMILY,identify,Ungraded,,,Harpsichord,medium,Review
II269,CLIP-ED1B1A8FD1BA,Instrumentation,INS.INDIVIDUAL,Individual instrument,INS.FAMILY,identify,Ungraded,,,Harpsichord,medium,Review
II270,CLIP-09D034989123,Instrumentation,INS.INDIVIDUAL,Individual instrument,INS.FAMILY,identify,Ungraded,,,Harpsichord,medium,Review
II271,CLIP-BDE7DEA06D09,Instrumentation,INS.INDIVIDUAL,Individual instrument,INS.FAMILY,identify,Ungraded,,Prelude,Harpsichord,high,Review
II272,CLIP-E17D3628F928,Instrumentation,INS.INDIVIDUAL,Individual instrument,INS.FAMILY,identify,Ungraded,,Prelude,Harpsichord,high,Review
II273,CLIP-60E0224E0AA3,Instrumentation,INS.INDIVIDUAL,Individual instrument,INS.FAMILY,identify,Ungraded,,Prelude,Harpsichord,high,Review
II274,CLIP-61EDD8F2F201,Instrumentation,INS.INDIVIDUAL,Individual instrument,INS.FAMILY,identify,Ungraded,,Dance,Harpsichord,high,Review
II275,CLIP-C327E52545C4,Instrumentation,INS.INDIVIDUAL,Individual instrument,INS.FAMILY,identify,Ungraded,,Dance,Harpsichord,high,Review
II276,CLIP-7A57A0BD817D,Instrumentation,INS.INDIVIDUAL,Individual instrument,INS.FAMILY,identify,Mastering,,Concerto,Orchestral,high,Review
II277,CLIP-F7B7F5BF34B1,Instrumentation,INS.INDIVIDUAL,Individual instrument,INS.FAMILY,identify,Developing,,Concerto,Orchestral,high,Review
II278,CLIP-D150C026A251,Instrumentation,INS.INDIVIDUAL,Individual instrument,INS.FAMILY,identify,Mastering,,Concerto,Orchestral,high,Review
II279,CLIP-024537C97304,Instrumentation,INS.INDIVIDUAL,Individual instrument,INS.FAMILY,identify,Securing,,Concerto,Orchestral,high,Review
II280,CLIP-E944B6147820,Instrumentation,INS.INDIVIDUAL,Individual instrument,INS.FAMILY,identify,Mastering,,Concerto,Orchestral,high,Review
II281,CLIP-7A6D6357B1C2,Instrumentation,INS.INDIVIDUAL,Individual instrument,INS.FAMILY,identify,Mastering,,Concerto,Orchestral,high,Review
II282,CLIP-4664C02F7F3E,Instrumentation,INS.INDIVIDUAL,Individual instrument,INS.FAMILY,identify,Mastering,,Concerto,Orchestral,high,Review
II283,CLIP-B439D1684D97,Instrumentation,INS.INDIVIDUAL,Individual instrument,INS.FAMILY,identify,Mastering,,Concerto,Orchestral,high,Review
II284,CLIP-45567A041FB9,Instrumentation,INS.INDIVIDUAL,Individual instrument,INS.FAMILY,identify,Mastering,,Concerto,Orchestral,high,Review
MDV001,CLIP-DB60A216FFA5,Melody,MEL.DEVICE,Melodic device,,identify,Foundation,Classical,Sonata,,high,Tagged
MDV002,CLIP-C8F3D509ED88,Melody,MEL.DEVICE,Melodic device,,identify,Developing,Classical,Sonata,,high,Tagged
MDV003,CLIP-1A8F9076DD5C,Melody,MEL.DEVICE,Melodic device,,identify,Foundation,Romantic,Suite,,high,Tagged
MDV004,CLIP-7C123A03E607,Melody,MEL.DEVICE,Melodic device,,identify,Foundation,Classical,Concerto,,high,Tagged
MDV005,CLIP-BD93E63F6335,Melody,MEL.DEVICE,Melodic device,,identify,Developing,Romantic,,,medium,Review
MDV006,CLIP-142D6CB57300,Melody,MEL.DEVICE,Melodic device,,identify,Foundation,Classical,Symphony,,high,Tagged
MDV007,CLIP-E1972148B148,Melody,MEL.DEVICE,Melodic device,,identify,Developing,Classical/Romantic transition,Symphony,,high,Tagged
MDV008,CLIP-3D32DE59AFED,Melody,MEL.DEVICE,Melodic device,,identify,Foundation,Classical/Romantic transition,Symphony,,high,Tagged
MDV009,CLIP-C92386476B1B,Melody,MEL.DEVICE,Melodic device,,identify,Developing,Classical/Romantic transition,Symphony,,high,Tagged
MDV010,CLIP-EB2FD4AC0C5E,Melody,MEL.DEVICE,Melodic device,,identify,Developing,Classical/Romantic transition,Symphony,,high,Tagged
MDV011,CLIP-00851AB26D00,Melody,MEL.DEVICE,Melodic device,,identify,Developing,Classical/Romantic transition,Symphony,,high,Tagged
MDV012,CLIP-62148D3D4575,Melody,MEL.DEVICE,Melodic device,,identify,Securing,Classical/Romantic transition,Symphony,,high,Tagged
MDV013,CLIP-EE384D8E31D6,Melody,MEL.DEVICE,Melodic device,,identify,Developing,Romantic,Symphony,,high,Tagged
MDV014,CLIP-9526FE4CA91F,Melody,MEL.DEVICE,Melodic device,,identify,Securing,Romantic,Symphony,,high,Tagged
MDV015,CLIP-3CC8E09A2CA9,Melody,MEL.DEVICE,Melodic device,,identify,Developing,Romantic,Symphony,,high,Tagged
MDV016,CLIP-F62E655E26BE,Melody,MEL.DEVICE,Melodic device,,identify,Developing,Romantic,Symphony,,high,Tagged
MDV017,CLIP-42C8FF439A0F,Melody,MEL.DEVICE,Melodic device,,identify,Developing,,Chamber music,,medium,Review
MDV018,CLIP-BCCB3D04C4A3,Melody,MEL.DEVICE,Melodic device,,identify,Developing,,Chamber music,,medium,Review
MDV019,CLIP-63216FED56DD,Melody,MEL.DEVICE,Melodic device,,identify,Developing,,Chamber music,,medium,Review
MDV020,CLIP-BC03D4079D36,Melody,MEL.DEVICE,Melodic device,,identify,Securing,,Chamber music,,medium,Review
MDV021,CLIP-C9727F6650BE,Melody,MEL.DEVICE,Melodic device,,identify,Developing,Romantic,Suite,,high,Tagged
MDV022,CLIP-42580DC569B8,Melody,MEL.DEVICE,Melodic device,,identify,Developing,Romantic,Suite,,high,Tagged
MDV023,CLIP-D39CE5A71344,Melody,MEL.DEVICE,Melodic device,,identify,Securing,Romantic,Suite,,high,Tagged
MDV024,CLIP-4B14662FEA29,Melody,MEL.DEVICE,Melodic device,,identify,Developing,Romantic,Suite,,high,Tagged
MDV025,CLIP-98EDF9E83533,Melody,MEL.DEVICE,Melodic device,,identify,Developing,Classical,Chamber music,,high,Tagged
MDV026,CLIP-6ABC5EA44AD5,Melody,MEL.DEVICE,Melodic device,,identify,Securing,Classical,Chamber music,,high,Tagged
MDV027,CLIP-34C418A52540,Melody,MEL.DEVICE,Melodic device,,identify,Developing,Classical,Chamber music,,high,Tagged
MDV028,CLIP-AB85A6C4209C,Melody,MEL.DEVICE,Melodic device,,identify,Developing,Classical,Chamber music,,high,Tagged
MDV029,CLIP-6CC0D4E475C0,Melody,MEL.DEVICE,Melodic device,,identify,Developing,Romantic,Symphony,,high,Tagged
MDV030,CLIP-0E13F9C57BD1,Melody,MEL.DEVICE,Melodic device,,identify,Developing,Romantic,Symphony,,high,Tagged
MDV031,CLIP-6B1DB1D7609F,Melody,MEL.DEVICE,Melodic device,,identify,Securing,Romantic,Symphony,,high,Tagged
MDV032,CLIP-5CE164B6E2E2,Melody,MEL.DEVICE,Melodic device,,identify,Developing,Romantic,Symphony,,high,Tagged
MDV033,CLIP-F1385D4E5278,Melody,MEL.DEVICE,Melodic device,,identify,Developing,Classical,Symphony,,high,Tagged
MDV034,CLIP-58B3F86A4B02,Melody,MEL.DEVICE,Melodic device,,identify,Securing,Classical,Symphony,,high,Tagged
MDV035,CLIP-FFDA358479EA,Melody,MEL.DEVICE,Melodic device,,identify,Developing,Classical,Symphony,,high,Tagged
MDV036,CLIP-9F64B39F2162,Melody,MEL.DEVICE,Melodic device,,identify,Developing,Classical,Symphony,,high,Tagged
MDV037,CLIP-235FF3C606AA,Melody,MEL.DEVICE,Melodic device,,identify,Securing,Romantic,Symphony,,high,Tagged
MDV038,CLIP-51070B8928DB,Melody,MEL.DEVICE,Melodic device,,identify,Developing,Romantic,Symphony,,high,Tagged
MDV039,CLIP-FFF2B5BC5FD3,Melody,MEL.DEVICE,Melodic device,,identify,Foundation,Baroque,Suite,,high,Tagged
MI-D-001,CLIP-FF90A14BB915,Melody,MEL.INTERVAL.NUMBER,Interval number,,identify,Developing,,Generated ear-training interval,,high,Tagged
MI-D-002,CLIP-33A49A248820,Melody,MEL.INTERVAL.NUMBER,Interval number,,identify,Developing,,Generated ear-training interval,,high,Tagged
MI-D-003,CLIP-87B3B1997579,Melody,MEL.INTERVAL.NUMBER,Interval number,,identify,Developing,,Generated ear-training interval,,high,Tagged
MI-D-004,CLIP-DF4747CDC766,Melody,MEL.INTERVAL.NUMBER,Interval number,,identify,Developing,,Generated ear-training interval,,high,Tagged
MI-D-005,CLIP-57D39FB99ACA,Melody,MEL.INTERVAL.NUMBER,Interval number,,identify,Developing,,Generated ear-training interval,,high,Tagged
MI-D-006,CLIP-80EB25C0BC48,Melody,MEL.INTERVAL.NUMBER,Interval number,,identify,Developing,,Generated ear-training interval,,high,Tagged
MI-D-007,CLIP-E493845D36BC,Melody,MEL.INTERVAL.NUMBER,Interval number,,identify,Developing,,Generated ear-training interval,,high,Tagged
MI-D-008,CLIP-34D1760E6ECF,Melody,MEL.INTERVAL.NUMBER,Interval number,,identify,Developing,,Generated ear-training interval,,high,Tagged
MI-D-009,CLIP-A494B785E88A,Melody,MEL.INTERVAL.NUMBER,Interval number,,identify,Developing,,Generated ear-training interval,,high,Tagged
MI-D-010,CLIP-19DB1567F003,Melody,MEL.INTERVAL.NUMBER,Interval number,,identify,Developing,,Generated ear-training interval,,high,Tagged
MI-D-011,CLIP-2F21E7F7C090,Melody,MEL.INTERVAL.NUMBER,Interval number,,identify,Developing,,Generated ear-training interval,,high,Tagged
MI-D-012,CLIP-99FBE1FD0A14,Melody,MEL.INTERVAL.NUMBER,Interval number,,identify,Developing,,Generated ear-training interval,,high,Tagged
MI-D-013,CLIP-E0DF93960097,Melody,MEL.INTERVAL.NUMBER,Interval number,,identify,Developing,,Generated ear-training interval,,high,Tagged
MI-D-014,CLIP-2327F3193F69,Melody,MEL.INTERVAL.NUMBER,Interval number,,identify,Developing,,Generated ear-training interval,,high,Tagged
MI-D-015,CLIP-B91F13BFD047,Melody,MEL.INTERVAL.NUMBER,Interval number,,identify,Developing,,Generated ear-training interval,,high,Tagged
MI-D-016,CLIP-DA08532E88EC,Melody,MEL.INTERVAL.NUMBER,Interval number,,identify,Developing,,Generated ear-training interval,,high,Tagged
MI-D-017,CLIP-E113AC2E5A31,Melody,MEL.INTERVAL.NUMBER,Interval number,,identify,Developing,,Generated ear-training interval,,high,Tagged
MI-D-018,CLIP-29BF56FE2D6C,Melody,MEL.INTERVAL.NUMBER,Interval number,,identify,Developing,,Generated ear-training interval,,high,Tagged
MI-D-019,CLIP-D2D32A39FF58,Melody,MEL.INTERVAL.NUMBER,Interval number,,identify,Developing,,Generated ear-training interval,,high,Tagged
MI-D-020,CLIP-6D1916C62FBD,Melody,MEL.INTERVAL.NUMBER,Interval number,,identify,Developing,,Generated ear-training interval,,high,Tagged
MI-D-021,CLIP-707CC2BADEB8,Melody,MEL.INTERVAL.NUMBER,Interval number,,identify,Developing,,Generated ear-training interval,,high,Tagged
MI-D-022,CLIP-AD1E59332EC4,Melody,MEL.INTERVAL.NUMBER,Interval number,,identify,Developing,,Generated ear-training interval,,high,Tagged
MI-D-023,CLIP-5188F36C5EA1,Melody,MEL.INTERVAL.NUMBER,Interval number,,identify,Developing,,Generated ear-training interval,,high,Tagged
MI-D-024,CLIP-687AE37A5454,Melody,MEL.INTERVAL.NUMBER,Interval number,,identify,Developing,,Generated ear-training interval,,high,Tagged
MI-D-025,CLIP-A44F1BA7BBC8,Melody,MEL.INTERVAL.NUMBER,Interval number,,identify,Developing,,Generated ear-training interval,,high,Tagged
MI-D-026,CLIP-2329CF8B1986,Melody,MEL.INTERVAL.NUMBER,Interval number,,identify,Developing,,Generated ear-training interval,,high,Tagged
MI-D-027,CLIP-94823CA72B44,Melody,MEL.INTERVAL.NUMBER,Interval number,,identify,Developing,,Generated ear-training interval,,high,Tagged
MI-D-028,CLIP-662A0A36D21F,Melody,MEL.INTERVAL.NUMBER,Interval number,,identify,Developing,,Generated ear-training interval,,high,Tagged
MI-D-029,CLIP-106FD744539F,Melody,MEL.INTERVAL.NUMBER,Interval number,,identify,Developing,,Generated ear-training interval,,high,Tagged
MI-D-030,CLIP-584B1A4734BA,Melody,MEL.INTERVAL.NUMBER,Interval number,,identify,Developing,,Generated ear-training interval,,high,Tagged
MI-D-031,CLIP-CBA449395529,Melody,MEL.INTERVAL.NUMBER,Interval number,,identify,Developing,,Generated ear-training interval,,high,Tagged
MI-D-032,CLIP-369CA710A8B5,Melody,MEL.INTERVAL.NUMBER,Interval number,,identify,Developing,,Generated ear-training interval,,high,Tagged
MI-D-033,CLIP-F22B0998779B,Melody,MEL.INTERVAL.NUMBER,Interval number,,identify,Developing,,Generated ear-training interval,,high,Tagged
MI-D-034,CLIP-9AE4E7B8D385,Melody,MEL.INTERVAL.NUMBER,Interval number,,identify,Developing,,Generated ear-training interval,,high,Tagged
MI-D-035,CLIP-AE64D52857C0,Melody,MEL.INTERVAL.NUMBER,Interval number,,identify,Developing,,Generated ear-training interval,,high,Tagged
MI-D-036,CLIP-4C4CF8BF6643,Melody,MEL.INTERVAL.NUMBER,Interval number,,identify,Developing,,Generated ear-training interval,,high,Tagged
MI-D-037,CLIP-19A0AB441BC0,Melody,MEL.INTERVAL.NUMBER,Interval number,,identify,Developing,,Generated ear-training interval,,high,Tagged
MI-D-038,CLIP-B394355DB8B3,Melody,MEL.INTERVAL.NUMBER,Interval number,,identify,Developing,,Generated ear-training interval,,high,Tagged
MI-D-039,CLIP-1ECEC26BE1DE,Melody,MEL.INTERVAL.NUMBER,Interval number,,identify,Developing,,Generated ear-training interval,,high,Tagged
MI-D-040,CLIP-676B3E4E8F81,Melody,MEL.INTERVAL.NUMBER,Interval number,,identify,Developing,,Generated ear-training interval,,high,Tagged
MI-D-041,CLIP-E836C443B74F,Melody,MEL.INTERVAL.NUMBER,Interval number,,identify,Developing,,Generated ear-training interval,,high,Tagged
MI-D-042,CLIP-4CC36BBE4D41,Melody,MEL.INTERVAL.NUMBER,Interval number,,identify,Developing,,Generated ear-training interval,,high,Tagged
MI-D-043,CLIP-0F45018F427C,Melody,MEL.INTERVAL.NUMBER,Interval number,,identify,Developing,,Generated ear-training interval,,high,Tagged
MI-D-044,CLIP-1077844AA846,Melody,MEL.INTERVAL.NUMBER,Interval number,,identify,Developing,,Generated ear-training interval,,high,Tagged
MI-D-045,CLIP-64E68253C4E7,Melody,MEL.INTERVAL.NUMBER,Interval number,,identify,Developing,,Generated ear-training interval,,high,Tagged
MI-D-046,CLIP-3986F4D1EC56,Melody,MEL.INTERVAL.NUMBER,Interval number,,identify,Developing,,Generated ear-training interval,,high,Tagged
MI-D-047,CLIP-75C20F2E0764,Melody,MEL.INTERVAL.NUMBER,Interval number,,identify,Developing,,Generated ear-training interval,,high,Tagged
MI-D-048,CLIP-624C40CE7B6E,Melody,MEL.INTERVAL.NUMBER,Interval number,,identify,Developing,,Generated ear-training interval,,high,Tagged
MI-D-049,CLIP-9F02382DF07F,Melody,MEL.INTERVAL.NUMBER,Interval number,,identify,Developing,,Generated ear-training interval,,high,Tagged
MI-D-050,CLIP-5ACEF58F7A67,Melody,MEL.INTERVAL.NUMBER,Interval number,,identify,Developing,,Generated ear-training interval,,high,Tagged
MI-D-051,CLIP-A54D2EFB057A,Melody,MEL.INTERVAL.NUMBER,Interval number,,identify,Developing,,Generated ear-training interval,,high,Tagged
MI-D-052,CLIP-EFC3DAE122F6,Melody,MEL.INTERVAL.NUMBER,Interval number,,identify,Developing,,Generated ear-training interval,,high,Tagged
MI-D-053,CLIP-FF90A14BB915,Melody,MEL.INTERVAL.NUMBER,Interval number,,identify,Developing,,Generated ear-training interval,,high,Tagged
MI-D-054,CLIP-A494B785E88A,Melody,MEL.INTERVAL.NUMBER,Interval number,,identify,Developing,,Generated ear-training interval,,high,Tagged
MI-D-055,CLIP-4854131DD101,Melody,MEL.INTERVAL.NUMBER,Interval number,,identify,Developing,,Generated ear-training interval,,high,Tagged
MI-D-056,CLIP-E113AC2E5A31,Melody,MEL.INTERVAL.NUMBER,Interval number,,identify,Developing,,Generated ear-training interval,,high,Tagged
MI-D-057,CLIP-2C21446B6F93,Melody,MEL.INTERVAL.NUMBER,Interval number,,identify,Developing,,Generated ear-training interval,,high,Tagged
MI-D-058,CLIP-4005AEB24617,Melody,MEL.INTERVAL.NUMBER,Interval number,,identify,Developing,,Generated ear-training interval,,high,Tagged
MI-D-059,CLIP-A44F1BA7BBC8,Melody,MEL.INTERVAL.NUMBER,Interval number,,identify,Developing,,Generated ear-training interval,,high,Tagged
MI-D-060,CLIP-416BBD5A1F0E,Melody,MEL.INTERVAL.NUMBER,Interval number,,identify,Developing,,Generated ear-training interval,,high,Tagged
MI-D-061,CLIP-054DDEEB4B3D,Melody,MEL.INTERVAL.NUMBER,Interval number,,identify,Developing,,Generated ear-training interval,,high,Tagged
MI-D-062,CLIP-173A56E80B11,Melody,MEL.INTERVAL.NUMBER,Interval number,,identify,Developing,,Generated ear-training interval,,high,Tagged
MI-D-063,CLIP-369CA710A8B5,Melody,MEL.INTERVAL.NUMBER,Interval number,,identify,Developing,,Generated ear-training interval,,high,Tagged
MI-D-064,CLIP-C607910D8898,Melody,MEL.INTERVAL.NUMBER,Interval number,,identify,Developing,,Generated ear-training interval,,high,Tagged
MI-D-065,CLIP-3DF3A674EC78,Melody,MEL.INTERVAL.NUMBER,Interval number,,identify,Developing,,Generated ear-training interval,,high,Tagged
MI-D-066,CLIP-EB0F18C0212A,Melody,MEL.INTERVAL.NUMBER,Interval number,,identify,Developing,,Generated ear-training interval,,high,Tagged
MI-D-067,CLIP-1732766ED9CA,Melody,MEL.INTERVAL.NUMBER,Interval number,,identify,Developing,,Generated ear-training interval,,high,Tagged
MI-D-068,CLIP-B394355DB8B3,Melody,MEL.INTERVAL.NUMBER,Interval number,,identify,Developing,,Generated ear-training interval,,high,Tagged
MI-D-069,CLIP-2969EC8B1C34,Melody,MEL.INTERVAL.NUMBER,Interval number,,identify,Developing,,Generated ear-training interval,,high,Tagged
MI-D-070,CLIP-36D960DB602A,Melody,MEL.INTERVAL.NUMBER,Interval number,,identify,Developing,,Generated ear-training interval,,high,Tagged
MI-D-071,CLIP-EFBB6B4D4D28,Melody,MEL.INTERVAL.NUMBER,Interval number,,identify,Developing,,Generated ear-training interval,,high,Tagged
MI-D-072,CLIP-550AFF24F04A,Melody,MEL.INTERVAL.NUMBER,Interval number,,identify,Developing,,Generated ear-training interval,,high,Tagged
MI-D-073,CLIP-6BF2F2634734,Melody,MEL.INTERVAL.NUMBER,Interval number,,identify,Developing,,Generated ear-training interval,,high,Tagged
MI-D-074,CLIP-0F45018F427C,Melody,MEL.INTERVAL.NUMBER,Interval number,,identify,Developing,,Generated ear-training interval,,high,Tagged
MI-D-075,CLIP-57A148C6D30C,Melody,MEL.INTERVAL.NUMBER,Interval number,,identify,Developing,,Generated ear-training interval,,high,Tagged
MI-D-076,CLIP-51F4EA1BE573,Melody,MEL.INTERVAL.NUMBER,Interval number,,identify,Developing,,Generated ear-training interval,,high,Tagged
MI-D-077,CLIP-B4CE22C94FC4,Melody,MEL.INTERVAL.NUMBER,Interval number,,identify,Developing,,Generated ear-training interval,,high,Tagged
MI-D-078,CLIP-7BA4AC8E14CB,Melody,MEL.INTERVAL.NUMBER,Interval number,,identify,Developing,,Generated ear-training interval,,high,Tagged
MI-D-079,CLIP-4269B3B5E0B5,Melody,MEL.INTERVAL.NUMBER,Interval number,,identify,Developing,,Generated ear-training interval,,high,Tagged
MI-D-080,CLIP-2B5322F919D4,Melody,MEL.INTERVAL.NUMBER,Interval number,,identify,Developing,,Generated ear-training interval,,high,Tagged
MI-D-081,CLIP-75C20F2E0764,Melody,MEL.INTERVAL.NUMBER,Interval number,,identify,Developing,,Generated ear-training interval,,high,Tagged
MI-D-082,CLIP-D065E4EA438D,Melody,MEL.INTERVAL.NUMBER,Interval number,,identify,Developing,,Generated ear-training interval,,high,Tagged
MI-D-083,CLIP-8BCC3B38A9BC,Melody,MEL.INTERVAL.NUMBER,Interval number,,identify,Developing,,Generated ear-training interval,,high,Tagged
MI-D-084,CLIP-890F00F069F8,Melody,MEL.INTERVAL.NUMBER,Interval number,,identify,Developing,,Generated ear-training interval,,high,Tagged
MI-D-085,CLIP-26ABA172BC96,Melody,MEL.INTERVAL.NUMBER,Interval number,,identify,Developing,,Generated ear-training interval,,high,Tagged
MI-D-086,CLIP-05CA50569C40,Melody,MEL.INTERVAL.NUMBER,Interval number,,identify,Developing,,Generated ear-training interval,,high,Tagged
MI-D-087,CLIP-2CD6E549BFF9,Melody,MEL.INTERVAL.NUMBER,Interval number,,identify,Developing,,Generated ear-training interval,,high,Tagged
MI-D-088,CLIP-12FF0AC2CD96,Melody,MEL.INTERVAL.NUMBER,Interval number,,identify,Developing,,Generated ear-training interval,,high,Tagged
MI-D-089,CLIP-5ACEF58F7A67,Melody,MEL.INTERVAL.NUMBER,Interval number,,identify,Developing,,Generated ear-training interval,,high,Tagged
MI-D-090,CLIP-58ED23C72C9D,Melody,MEL.INTERVAL.NUMBER,Interval number,,identify,Developing,,Generated ear-training interval,,high,Tagged
MI-D-091,CLIP-7A09D04064D8,Melody,MEL.INTERVAL.NUMBER,Interval number,,identify,Developing,,Generated ear-training interval,,high,Tagged
MI-D-092,CLIP-EC0AAD34EDA1,Melody,MEL.INTERVAL.NUMBER,Interval number,,identify,Developing,,Generated ear-training interval,,high,Tagged
MI-D-093,CLIP-2B1891BA07A3,Melody,MEL.INTERVAL.NUMBER,Interval number,,identify,Developing,,Generated ear-training interval,,high,Tagged
MI-D-094,CLIP-FE5C07958BAC,Melody,MEL.INTERVAL.NUMBER,Interval number,,identify,Developing,,Generated ear-training interval,,high,Tagged
MI-D-095,CLIP-ADFBD348022A,Melody,MEL.INTERVAL.NUMBER,Interval number,,identify,Developing,,Generated ear-training interval,,high,Tagged
MI-D-096,CLIP-80BBC8C616E4,Melody,MEL.INTERVAL.NUMBER,Interval number,,identify,Developing,,Generated ear-training interval,,high,Tagged
MI-D-097,CLIP-EFC3DAE122F6,Melody,MEL.INTERVAL.NUMBER,Interval number,,identify,Developing,,Generated ear-training interval,,high,Tagged
MI-D-098,CLIP-3AA5815D2BB3,Melody,MEL.INTERVAL.NUMBER,Interval number,,identify,Developing,,Generated ear-training interval,,high,Tagged
MI-D-099,CLIP-33403F045684,Melody,MEL.INTERVAL.NUMBER,Interval number,,identify,Developing,,Generated ear-training interval,,high,Tagged
MI-D-100,CLIP-9617A9CBBDF6,Melody,MEL.INTERVAL.NUMBER,Interval number,,identify,Developing,,Generated ear-training interval,,high,Tagged
MI-D-101,CLIP-77BA98ACC65E,Melody,MEL.INTERVAL.NUMBER,Interval number,,identify,Developing,,Generated ear-training interval,,high,Tagged
MI-D-102,CLIP-6A58D561B588,Melody,MEL.INTERVAL.NUMBER,Interval number,,identify,Developing,,Generated ear-training interval,,high,Tagged
MI-D-103,CLIP-DFBBF9837B0D,Melody,MEL.INTERVAL.NUMBER,Interval number,,identify,Developing,,Generated ear-training interval,,high,Tagged
MI-D-104,CLIP-C6BF016EEAFE,Melody,MEL.INTERVAL.NUMBER,Interval number,,identify,Developing,,Generated ear-training interval,,high,Tagged
MI-D-105,CLIP-FF90A14BB915,Melody,MEL.INTERVAL.NUMBER,Interval number,,identify,Developing,,Generated ear-training interval,,high,Tagged
MI-D-106,CLIP-33A49A248820,Melody,MEL.INTERVAL.NUMBER,Interval number,,identify,Developing,,Generated ear-training interval,,high,Tagged
MI-D-107,CLIP-87B3B1997579,Melody,MEL.INTERVAL.NUMBER,Interval number,,identify,Developing,,Generated ear-training interval,,high,Tagged
MI-D-108,CLIP-77C6B89FA7B3,Melody,MEL.INTERVAL.NUMBER,Interval number,,identify,Developing,,Generated ear-training interval,,high,Tagged
MI-D-109,CLIP-57D39FB99ACA,Melody,MEL.INTERVAL.NUMBER,Interval number,,identify,Developing,,Generated ear-training interval,,high,Tagged
MI-D-110,CLIP-80EB25C0BC48,Melody,MEL.INTERVAL.NUMBER,Interval number,,identify,Developing,,Generated ear-training interval,,high,Tagged
MI-D-111,CLIP-E493845D36BC,Melody,MEL.INTERVAL.NUMBER,Interval number,,identify,Developing,,Generated ear-training interval,,high,Tagged
MI-D-112,CLIP-34D1760E6ECF,Melody,MEL.INTERVAL.NUMBER,Interval number,,identify,Developing,,Generated ear-training interval,,high,Tagged
MI-D-113,CLIP-A494B785E88A,Melody,MEL.INTERVAL.NUMBER,Interval number,,identify,Developing,,Generated ear-training interval,,high,Tagged
MI-D-114,CLIP-19DB1567F003,Melody,MEL.INTERVAL.NUMBER,Interval number,,identify,Developing,,Generated ear-training interval,,high,Tagged
MI-D-115,CLIP-5463C2CAB12A,Melody,MEL.INTERVAL.NUMBER,Interval number,,identify,Developing,,Generated ear-training interval,,high,Tagged
MI-D-116,CLIP-99FBE1FD0A14,Melody,MEL.INTERVAL.NUMBER,Interval number,,identify,Developing,,Generated ear-training interval,,high,Tagged
MI-D-117,CLIP-E0DF93960097,Melody,MEL.INTERVAL.NUMBER,Interval number,,identify,Developing,,Generated ear-training interval,,high,Tagged
MI-D-118,CLIP-2327F3193F69,Melody,MEL.INTERVAL.NUMBER,Interval number,,identify,Developing,,Generated ear-training interval,,high,Tagged
MI-D-119,CLIP-B91F13BFD047,Melody,MEL.INTERVAL.NUMBER,Interval number,,identify,Developing,,Generated ear-training interval,,high,Tagged
MI-D-120,CLIP-DA08532E88EC,Melody,MEL.INTERVAL.NUMBER,Interval number,,identify,Developing,,Generated ear-training interval,,high,Tagged
MI-D-121,CLIP-E113AC2E5A31,Melody,MEL.INTERVAL.NUMBER,Interval number,,identify,Developing,,Generated ear-training interval,,high,Tagged
MI-D-122,CLIP-0184D6A66619,Melody,MEL.INTERVAL.NUMBER,Interval number,,identify,Developing,,Generated ear-training interval,,high,Tagged
MI-D-123,CLIP-D2D32A39FF58,Melody,MEL.INTERVAL.NUMBER,Interval number,,identify,Developing,,Generated ear-training interval,,high,Tagged
MI-D-124,CLIP-6D1916C62FBD,Melody,MEL.INTERVAL.NUMBER,Interval number,,identify,Developing,,Generated ear-training interval,,high,Tagged
MI-D-125,CLIP-707CC2BADEB8,Melody,MEL.INTERVAL.NUMBER,Interval number,,identify,Developing,,Generated ear-training interval,,high,Tagged
MI-D-126,CLIP-AD1E59332EC4,Melody,MEL.INTERVAL.NUMBER,Interval number,,identify,Developing,,Generated ear-training interval,,high,Tagged
MI-D-127,CLIP-5188F36C5EA1,Melody,MEL.INTERVAL.NUMBER,Interval number,,identify,Developing,,Generated ear-training interval,,high,Tagged
MI-D-128,CLIP-687AE37A5454,Melody,MEL.INTERVAL.NUMBER,Interval number,,identify,Developing,,Generated ear-training interval,,high,Tagged
MI-D-129,CLIP-45E4DA13B791,Melody,MEL.INTERVAL.NUMBER,Interval number,,identify,Developing,,Generated ear-training interval,,high,Tagged
MI-D-130,CLIP-036829455C2C,Melody,MEL.INTERVAL.NUMBER,Interval number,,identify,Developing,,Generated ear-training interval,,high,Tagged
MI-D-131,CLIP-68515C29EA4B,Melody,MEL.INTERVAL.NUMBER,Interval number,,identify,Developing,,Generated ear-training interval,,high,Tagged
MI-D-132,CLIP-A22836756C52,Melody,MEL.INTERVAL.NUMBER,Interval number,,identify,Developing,,Generated ear-training interval,,high,Tagged
MI-D-133,CLIP-9E5B9AD6F415,Melody,MEL.INTERVAL.NUMBER,Interval number,,identify,Developing,,Generated ear-training interval,,high,Tagged
MI-D-134,CLIP-54AE2272D186,Melody,MEL.INTERVAL.NUMBER,Interval number,,identify,Developing,,Generated ear-training interval,,high,Tagged
MI-D-135,CLIP-957481286263,Melody,MEL.INTERVAL.NUMBER,Interval number,,identify,Developing,,Generated ear-training interval,,high,Tagged
MI-D-136,CLIP-369CA710A8B5,Melody,MEL.INTERVAL.NUMBER,Interval number,,identify,Developing,,Generated ear-training interval,,high,Tagged
MI-D-137,CLIP-F22B0998779B,Melody,MEL.INTERVAL.NUMBER,Interval number,,identify,Developing,,Generated ear-training interval,,high,Tagged
MI-D-138,CLIP-9AE4E7B8D385,Melody,MEL.INTERVAL.NUMBER,Interval number,,identify,Developing,,Generated ear-training interval,,high,Tagged
MI-D-139,CLIP-AE64D52857C0,Melody,MEL.INTERVAL.NUMBER,Interval number,,identify,Developing,,Generated ear-training interval,,high,Tagged
MI-D-140,CLIP-4C4CF8BF6643,Melody,MEL.INTERVAL.NUMBER,Interval number,,identify,Developing,,Generated ear-training interval,,high,Tagged
MI-D-141,CLIP-19A0AB441BC0,Melody,MEL.INTERVAL.NUMBER,Interval number,,identify,Developing,,Generated ear-training interval,,high,Tagged
MI-D-142,CLIP-B394355DB8B3,Melody,MEL.INTERVAL.NUMBER,Interval number,,identify,Developing,,Generated ear-training interval,,high,Tagged
MI-D-143,CLIP-1ECEC26BE1DE,Melody,MEL.INTERVAL.NUMBER,Interval number,,identify,Developing,,Generated ear-training interval,,high,Tagged
MI-D-144,CLIP-676B3E4E8F81,Melody,MEL.INTERVAL.NUMBER,Interval number,,identify,Developing,,Generated ear-training interval,,high,Tagged
MI-D-145,CLIP-E836C443B74F,Melody,MEL.INTERVAL.NUMBER,Interval number,,identify,Developing,,Generated ear-training interval,,high,Tagged
MI-D-146,CLIP-4CC36BBE4D41,Melody,MEL.INTERVAL.NUMBER,Interval number,,identify,Developing,,Generated ear-training interval,,high,Tagged
MI-D-147,CLIP-0F45018F427C,Melody,MEL.INTERVAL.NUMBER,Interval number,,identify,Developing,,Generated ear-training interval,,high,Tagged
MI-D-148,CLIP-1077844AA846,Melody,MEL.INTERVAL.NUMBER,Interval number,,identify,Developing,,Generated ear-training interval,,high,Tagged
MI-D-149,CLIP-64E68253C4E7,Melody,MEL.INTERVAL.NUMBER,Interval number,,identify,Developing,,Generated ear-training interval,,high,Tagged
MI-D-150,CLIP-3986F4D1EC56,Melody,MEL.INTERVAL.NUMBER,Interval number,,identify,Developing,,Generated ear-training interval,,high,Tagged
MI-D-151,CLIP-75C20F2E0764,Melody,MEL.INTERVAL.NUMBER,Interval number,,identify,Developing,,Generated ear-training interval,,high,Tagged
MI-D-152,CLIP-624C40CE7B6E,Melody,MEL.INTERVAL.NUMBER,Interval number,,identify,Developing,,Generated ear-training interval,,high,Tagged
MI-D-153,CLIP-9F02382DF07F,Melody,MEL.INTERVAL.NUMBER,Interval number,,identify,Developing,,Generated ear-training interval,,high,Tagged
MI-D-154,CLIP-5ACEF58F7A67,Melody,MEL.INTERVAL.NUMBER,Interval number,,identify,Developing,,Generated ear-training interval,,high,Tagged
MI-D-155,CLIP-A54D2EFB057A,Melody,MEL.INTERVAL.NUMBER,Interval number,,identify,Developing,,Generated ear-training interval,,high,Tagged
MI-D-156,CLIP-EFC3DAE122F6,Melody,MEL.INTERVAL.NUMBER,Interval number,,identify,Developing,,Generated ear-training interval,,high,Tagged
MI-D-157,CLIP-FF90A14BB915,Melody,MEL.INTERVAL.NUMBER,Interval number,,identify,Developing,,Generated ear-training interval,,high,Tagged
MI-D-158,CLIP-A494B785E88A,Melody,MEL.INTERVAL.NUMBER,Interval number,,identify,Developing,,Generated ear-training interval,,high,Tagged
MI-D-159,CLIP-4854131DD101,Melody,MEL.INTERVAL.NUMBER,Interval number,,identify,Developing,,Generated ear-training interval,,high,Tagged
MI-D-160,CLIP-E113AC2E5A31,Melody,MEL.INTERVAL.NUMBER,Interval number,,identify,Developing,,Generated ear-training interval,,high,Tagged
MI-D-161,CLIP-2C21446B6F93,Melody,MEL.INTERVAL.NUMBER,Interval number,,identify,Developing,,Generated ear-training interval,,high,Tagged
MI-D-162,CLIP-4005AEB24617,Melody,MEL.INTERVAL.NUMBER,Interval number,,identify,Developing,,Generated ear-training interval,,high,Tagged
MI-D-163,CLIP-45E4DA13B791,Melody,MEL.INTERVAL.NUMBER,Interval number,,identify,Developing,,Generated ear-training interval,,high,Tagged
MI-D-164,CLIP-AACE757DD446,Melody,MEL.INTERVAL.NUMBER,Interval number,,identify,Developing,,Generated ear-training interval,,high,Tagged
MI-D-165,CLIP-5E87D453DCBB,Melody,MEL.INTERVAL.NUMBER,Interval number,,identify,Developing,,Generated ear-training interval,,high,Tagged
MI-D-166,CLIP-A6601168B303,Melody,MEL.INTERVAL.NUMBER,Interval number,,identify,Developing,,Generated ear-training interval,,high,Tagged
MI-D-167,CLIP-369CA710A8B5,Melody,MEL.INTERVAL.NUMBER,Interval number,,identify,Developing,,Generated ear-training interval,,high,Tagged
MI-D-168,CLIP-0D0BF4608038,Melody,MEL.INTERVAL.NUMBER,Interval number,,identify,Developing,,Generated ear-training interval,,high,Tagged
MI-D-169,CLIP-3DF3A674EC78,Melody,MEL.INTERVAL.NUMBER,Interval number,,identify,Developing,,Generated ear-training interval,,high,Tagged
MI-D-170,CLIP-EB0F18C0212A,Melody,MEL.INTERVAL.NUMBER,Interval number,,identify,Developing,,Generated ear-training interval,,high,Tagged
MI-D-171,CLIP-1732766ED9CA,Melody,MEL.INTERVAL.NUMBER,Interval number,,identify,Developing,,Generated ear-training interval,,high,Tagged
MI-D-172,CLIP-B394355DB8B3,Melody,MEL.INTERVAL.NUMBER,Interval number,,identify,Developing,,Generated ear-training interval,,high,Tagged
MI-D-173,CLIP-2969EC8B1C34,Melody,MEL.INTERVAL.NUMBER,Interval number,,identify,Developing,,Generated ear-training interval,,high,Tagged
MI-D-174,CLIP-DF1C97C8E44F,Melody,MEL.INTERVAL.NUMBER,Interval number,,identify,Developing,,Generated ear-training interval,,high,Tagged
MI-D-175,CLIP-EFBB6B4D4D28,Melody,MEL.INTERVAL.NUMBER,Interval number,,identify,Developing,,Generated ear-training interval,,high,Tagged
MI-D-176,CLIP-550AFF24F04A,Melody,MEL.INTERVAL.NUMBER,Interval number,,identify,Developing,,Generated ear-training interval,,high,Tagged
MI-D-177,CLIP-6BF2F2634734,Melody,MEL.INTERVAL.NUMBER,Interval number,,identify,Developing,,Generated ear-training interval,,high,Tagged
MI-D-178,CLIP-0F45018F427C,Melody,MEL.INTERVAL.NUMBER,Interval number,,identify,Developing,,Generated ear-training interval,,high,Tagged
MI-D-179,CLIP-57A148C6D30C,Melody,MEL.INTERVAL.NUMBER,Interval number,,identify,Developing,,Generated ear-training interval,,high,Tagged
MI-D-180,CLIP-51F4EA1BE573,Melody,MEL.INTERVAL.NUMBER,Interval number,,identify,Developing,,Generated ear-training interval,,high,Tagged
MI-D-181,CLIP-8ED8CD53D031,Melody,MEL.INTERVAL.NUMBER,Interval number,,identify,Developing,,Generated ear-training interval,,high,Tagged
MI-D-182,CLIP-7BA4AC8E14CB,Melody,MEL.INTERVAL.NUMBER,Interval number,,identify,Developing,,Generated ear-training interval,,high,Tagged
MI-D-183,CLIP-4269B3B5E0B5,Melody,MEL.INTERVAL.NUMBER,Interval number,,identify,Developing,,Generated ear-training interval,,high,Tagged
MI-D-184,CLIP-2B5322F919D4,Melody,MEL.INTERVAL.NUMBER,Interval number,,identify,Developing,,Generated ear-training interval,,high,Tagged
MI-D-185,CLIP-75C20F2E0764,Melody,MEL.INTERVAL.NUMBER,Interval number,,identify,Developing,,Generated ear-training interval,,high,Tagged
MI-D-186,CLIP-D065E4EA438D,Melody,MEL.INTERVAL.NUMBER,Interval number,,identify,Developing,,Generated ear-training interval,,high,Tagged
MI-D-187,CLIP-8BCC3B38A9BC,Melody,MEL.INTERVAL.NUMBER,Interval number,,identify,Developing,,Generated ear-training interval,,high,Tagged
MI-D-188,CLIP-890F00F069F8,Melody,MEL.INTERVAL.NUMBER,Interval number,,identify,Developing,,Generated ear-training interval,,high,Tagged
MI-D-189,CLIP-4E9AE763AD2A,Melody,MEL.INTERVAL.NUMBER,Interval number,,identify,Developing,,Generated ear-training interval,,high,Tagged
MI-D-190,CLIP-05CA50569C40,Melody,MEL.INTERVAL.NUMBER,Interval number,,identify,Developing,,Generated ear-training interval,,high,Tagged
MI-D-191,CLIP-2CD6E549BFF9,Melody,MEL.INTERVAL.NUMBER,Interval number,,identify,Developing,,Generated ear-training interval,,high,Tagged
MI-D-192,CLIP-12FF0AC2CD96,Melody,MEL.INTERVAL.NUMBER,Interval number,,identify,Developing,,Generated ear-training interval,,high,Tagged
MI-D-193,CLIP-5ACEF58F7A67,Melody,MEL.INTERVAL.NUMBER,Interval number,,identify,Developing,,Generated ear-training interval,,high,Tagged
MI-D-194,CLIP-58ED23C72C9D,Melody,MEL.INTERVAL.NUMBER,Interval number,,identify,Developing,,Generated ear-training interval,,high,Tagged
MI-D-195,CLIP-7A09D04064D8,Melody,MEL.INTERVAL.NUMBER,Interval number,,identify,Developing,,Generated ear-training interval,,high,Tagged
MI-D-196,CLIP-EC0AAD34EDA1,Melody,MEL.INTERVAL.NUMBER,Interval number,,identify,Developing,,Generated ear-training interval,,high,Tagged
MI-D-197,CLIP-2B1891BA07A3,Melody,MEL.INTERVAL.NUMBER,Interval number,,identify,Developing,,Generated ear-training interval,,high,Tagged
MI-D-198,CLIP-1E99F3D4446D,Melody,MEL.INTERVAL.NUMBER,Interval number,,identify,Developing,,Generated ear-training interval,,high,Tagged
MI-D-199,CLIP-ADFBD348022A,Melody,MEL.INTERVAL.NUMBER,Interval number,,identify,Developing,,Generated ear-training interval,,high,Tagged
MI-D-200,CLIP-80BBC8C616E4,Melody,MEL.INTERVAL.NUMBER,Interval number,,identify,Developing,,Generated ear-training interval,,high,Tagged
MI-D-201,CLIP-EFC3DAE122F6,Melody,MEL.INTERVAL.NUMBER,Interval number,,identify,Developing,,Generated ear-training interval,,high,Tagged
MI-D-202,CLIP-3AA5815D2BB3,Melody,MEL.INTERVAL.NUMBER,Interval number,,identify,Developing,,Generated ear-training interval,,high,Tagged
MI-D-203,CLIP-33403F045684,Melody,MEL.INTERVAL.NUMBER,Interval number,,identify,Developing,,Generated ear-training interval,,high,Tagged
MI-D-204,CLIP-9617A9CBBDF6,Melody,MEL.INTERVAL.NUMBER,Interval number,,identify,Developing,,Generated ear-training interval,,high,Tagged
MI-D-205,CLIP-77BA98ACC65E,Melody,MEL.INTERVAL.NUMBER,Interval number,,identify,Developing,,Generated ear-training interval,,high,Tagged
MI-D-206,CLIP-6A58D561B588,Melody,MEL.INTERVAL.NUMBER,Interval number,,identify,Developing,,Generated ear-training interval,,high,Tagged
MI-D-207,CLIP-956EBCC86656,Melody,MEL.INTERVAL.NUMBER,Interval number,,identify,Developing,,Generated ear-training interval,,high,Tagged
MI-D-208,CLIP-C6BF016EEAFE,Melody,MEL.INTERVAL.NUMBER,Interval number,,identify,Developing,,Generated ear-training interval,,high,Tagged
MI-D-209,CLIP-5C68D32AC90A,Melody,MEL.INTERVAL.NUMBER,Interval number,,identify,Developing,,Generated ear-training interval,,high,Tagged
MI-D-210,CLIP-6B7EA76D1048,Melody,MEL.INTERVAL.NUMBER,Interval number,,identify,Developing,,Generated ear-training interval,,high,Tagged
MI-D-211,CLIP-121B1C972C49,Melody,MEL.INTERVAL.NUMBER,Interval number,,identify,Developing,,Generated ear-training interval,,high,Tagged
MI-D-212,CLIP-FBF3315DB7BE,Melody,MEL.INTERVAL.NUMBER,Interval number,,identify,Developing,,Generated ear-training interval,,high,Tagged
MI-D-213,CLIP-FABECBCE8C51,Melody,MEL.INTERVAL.NUMBER,Interval number,,identify,Developing,,Generated ear-training interval,,high,Tagged
MI-D-214,CLIP-A14A3C09CC80,Melody,MEL.INTERVAL.NUMBER,Interval number,,identify,Developing,,Generated ear-training interval,,high,Tagged
MI-D-215,CLIP-08F79419BBAE,Melody,MEL.INTERVAL.NUMBER,Interval number,,identify,Developing,,Generated ear-training interval,,high,Tagged
MI-D-216,CLIP-E31C5AAF1D15,Melody,MEL.INTERVAL.NUMBER,Interval number,,identify,Developing,,Generated ear-training interval,,high,Tagged
MI-D-217,CLIP-A494B785E88A,Melody,MEL.INTERVAL.NUMBER,Interval number,,identify,Developing,,Generated ear-training interval,,high,Tagged
MI-D-218,CLIP-19DB1567F003,Melody,MEL.INTERVAL.NUMBER,Interval number,,identify,Developing,,Generated ear-training interval,,high,Tagged
MI-D-219,CLIP-5463C2CAB12A,Melody,MEL.INTERVAL.NUMBER,Interval number,,identify,Developing,,Generated ear-training interval,,high,Tagged
MI-D-220,CLIP-99FBE1FD0A14,Melody,MEL.INTERVAL.NUMBER,Interval number,,identify,Developing,,Generated ear-training interval,,high,Tagged
MI-D-221,CLIP-E0DF93960097,Melody,MEL.INTERVAL.NUMBER,Interval number,,identify,Developing,,Generated ear-training interval,,high,Tagged
MI-D-222,CLIP-2327F3193F69,Melody,MEL.INTERVAL.NUMBER,Interval number,,identify,Developing,,Generated ear-training interval,,high,Tagged
MI-D-223,CLIP-DB17BE02C511,Melody,MEL.INTERVAL.NUMBER,Interval number,,identify,Developing,,Generated ear-training interval,,high,Tagged
MI-D-224,CLIP-DA08532E88EC,Melody,MEL.INTERVAL.NUMBER,Interval number,,identify,Developing,,Generated ear-training interval,,high,Tagged
MI-D-225,CLIP-E113AC2E5A31,Melody,MEL.INTERVAL.NUMBER,Interval number,,identify,Developing,,Generated ear-training interval,,high,Tagged
MI-D-226,CLIP-0184D6A66619,Melody,MEL.INTERVAL.NUMBER,Interval number,,identify,Developing,,Generated ear-training interval,,high,Tagged
MI-D-227,CLIP-D2D32A39FF58,Melody,MEL.INTERVAL.NUMBER,Interval number,,identify,Developing,,Generated ear-training interval,,high,Tagged
MI-D-228,CLIP-6D1916C62FBD,Melody,MEL.INTERVAL.NUMBER,Interval number,,identify,Developing,,Generated ear-training interval,,high,Tagged
MI-D-229,CLIP-707CC2BADEB8,Melody,MEL.INTERVAL.NUMBER,Interval number,,identify,Developing,,Generated ear-training interval,,high,Tagged
MI-D-230,CLIP-4C7F459EAC0D,Melody,MEL.INTERVAL.NUMBER,Interval number,,identify,Developing,,Generated ear-training interval,,high,Tagged
MI-D-231,CLIP-5188F36C5EA1,Melody,MEL.INTERVAL.NUMBER,Interval number,,identify,Developing,,Generated ear-training interval,,high,Tagged
MI-D-232,CLIP-687AE37A5454,Melody,MEL.INTERVAL.NUMBER,Interval number,,identify,Developing,,Generated ear-training interval,,high,Tagged
MI-D-233,CLIP-45E4DA13B791,Melody,MEL.INTERVAL.NUMBER,Interval number,,identify,Developing,,Generated ear-training interval,,high,Tagged
MI-D-234,CLIP-036829455C2C,Melody,MEL.INTERVAL.NUMBER,Interval number,,identify,Developing,,Generated ear-training interval,,high,Tagged
MI-D-235,CLIP-68515C29EA4B,Melody,MEL.INTERVAL.NUMBER,Interval number,,identify,Developing,,Generated ear-training interval,,high,Tagged
MI-D-236,CLIP-A22836756C52,Melody,MEL.INTERVAL.NUMBER,Interval number,,identify,Developing,,Generated ear-training interval,,high,Tagged
MI-D-237,CLIP-A5E0BD6CD909,Melody,MEL.INTERVAL.NUMBER,Interval number,,identify,Developing,,Generated ear-training interval,,high,Tagged
MI-D-238,CLIP-54AE2272D186,Melody,MEL.INTERVAL.NUMBER,Interval number,,identify,Developing,,Generated ear-training interval,,high,Tagged
MI-D-239,CLIP-957481286263,Melody,MEL.INTERVAL.NUMBER,Interval number,,identify,Developing,,Generated ear-training interval,,high,Tagged
MI-D-240,CLIP-369CA710A8B5,Melody,MEL.INTERVAL.NUMBER,Interval number,,identify,Developing,,Generated ear-training interval,,high,Tagged
MI-D-241,CLIP-F22B0998779B,Melody,MEL.INTERVAL.NUMBER,Interval number,,identify,Developing,,Generated ear-training interval,,high,Tagged
MI-D-242,CLIP-9AE4E7B8D385,Melody,MEL.INTERVAL.NUMBER,Interval number,,identify,Developing,,Generated ear-training interval,,high,Tagged
MI-D-243,CLIP-D747B77A482C,Melody,MEL.INTERVAL.NUMBER,Interval number,,identify,Developing,,Generated ear-training interval,,high,Tagged
MI-D-244,CLIP-4C4CF8BF6643,Melody,MEL.INTERVAL.NUMBER,Interval number,,identify,Developing,,Generated ear-training interval,,high,Tagged
MI-D-245,CLIP-19A0AB441BC0,Melody,MEL.INTERVAL.NUMBER,Interval number,,identify,Developing,,Generated ear-training interval,,high,Tagged
MI-D-246,CLIP-B394355DB8B3,Melody,MEL.INTERVAL.NUMBER,Interval number,,identify,Developing,,Generated ear-training interval,,high,Tagged
MI-D-247,CLIP-1ECEC26BE1DE,Melody,MEL.INTERVAL.NUMBER,Interval number,,identify,Developing,,Generated ear-training interval,,high,Tagged
MI-D-248,CLIP-DC046A140D84,Melody,MEL.INTERVAL.NUMBER,Interval number,,identify,Developing,,Generated ear-training interval,,high,Tagged
MI-D-249,CLIP-E836C443B74F,Melody,MEL.INTERVAL.NUMBER,Interval number,,identify,Developing,,Generated ear-training interval,,high,Tagged
MI-D-250,CLIP-4CC36BBE4D41,Melody,MEL.INTERVAL.NUMBER,Interval number,,identify,Developing,,Generated ear-training interval,,high,Tagged
MI-D-251,CLIP-0F45018F427C,Melody,MEL.INTERVAL.NUMBER,Interval number,,identify,Developing,,Generated ear-training interval,,high,Tagged
MI-D-252,CLIP-5AC8B1302957,Melody,MEL.INTERVAL.NUMBER,Interval number,,identify,Developing,,Generated ear-training interval,,high,Tagged
MI-D-253,CLIP-64E68253C4E7,Melody,MEL.INTERVAL.NUMBER,Interval number,,identify,Developing,,Generated ear-training interval,,high,Tagged
MI-D-254,CLIP-3986F4D1EC56,Melody,MEL.INTERVAL.NUMBER,Interval number,,identify,Developing,,Generated ear-training interval,,high,Tagged
MI-D-255,CLIP-D9882A9AA313,Melody,MEL.INTERVAL.NUMBER,Interval number,,identify,Developing,,Generated ear-training interval,,high,Tagged
MI-D-256,CLIP-F2803532D6E6,Melody,MEL.INTERVAL.NUMBER,Interval number,,identify,Developing,,Generated ear-training interval,,high,Tagged
MI-D-257,CLIP-C36D970E0BC9,Melody,MEL.INTERVAL.NUMBER,Interval number,,identify,Developing,,Generated ear-training interval,,high,Tagged
MI-D-258,CLIP-5ACEF58F7A67,Melody,MEL.INTERVAL.NUMBER,Interval number,,identify,Developing,,Generated ear-training interval,,high,Tagged
MI-D-259,CLIP-A54D2EFB057A,Melody,MEL.INTERVAL.NUMBER,Interval number,,identify,Developing,,Generated ear-training interval,,high,Tagged
MI-D-260,CLIP-EFC3DAE122F6,Melody,MEL.INTERVAL.NUMBER,Interval number,,identify,Developing,,Generated ear-training interval,,high,Tagged
MI-D-261,CLIP-5C68D32AC90A,Melody,MEL.INTERVAL.NUMBER,Interval number,,identify,Developing,,Generated ear-training interval,,high,Tagged
MI-D-262,CLIP-A494B785E88A,Melody,MEL.INTERVAL.NUMBER,Interval number,,identify,Developing,,Generated ear-training interval,,high,Tagged
MI-D-263,CLIP-D6240388534A,Melody,MEL.INTERVAL.NUMBER,Interval number,,identify,Developing,,Generated ear-training interval,,high,Tagged
MI-D-264,CLIP-E113AC2E5A31,Melody,MEL.INTERVAL.NUMBER,Interval number,,identify,Developing,,Generated ear-training interval,,high,Tagged
MI-D-265,CLIP-2C21446B6F93,Melody,MEL.INTERVAL.NUMBER,Interval number,,identify,Developing,,Generated ear-training interval,,high,Tagged
MI-D-266,CLIP-67C06A0F0AAE,Melody,MEL.INTERVAL.NUMBER,Interval number,,identify,Developing,,Generated ear-training interval,,high,Tagged
MI-D-267,CLIP-45E4DA13B791,Melody,MEL.INTERVAL.NUMBER,Interval number,,identify,Developing,,Generated ear-training interval,,high,Tagged
MI-D-268,CLIP-AACE757DD446,Melody,MEL.INTERVAL.NUMBER,Interval number,,identify,Developing,,Generated ear-training interval,,high,Tagged
MI-D-269,CLIP-5E87D453DCBB,Melody,MEL.INTERVAL.NUMBER,Interval number,,identify,Developing,,Generated ear-training interval,,high,Tagged
MI-D-270,CLIP-24FC456F06B9,Melody,MEL.INTERVAL.NUMBER,Interval number,,identify,Developing,,Generated ear-training interval,,high,Tagged
MI-D-271,CLIP-369CA710A8B5,Melody,MEL.INTERVAL.NUMBER,Interval number,,identify,Developing,,Generated ear-training interval,,high,Tagged
MI-D-272,CLIP-0D0BF4608038,Melody,MEL.INTERVAL.NUMBER,Interval number,,identify,Developing,,Generated ear-training interval,,high,Tagged
MI-D-273,CLIP-3DF3A674EC78,Melody,MEL.INTERVAL.NUMBER,Interval number,,identify,Developing,,Generated ear-training interval,,high,Tagged
MI-D-274,CLIP-EB0F18C0212A,Melody,MEL.INTERVAL.NUMBER,Interval number,,identify,Developing,,Generated ear-training interval,,high,Tagged
MI-D-275,CLIP-1291C2920869,Melody,MEL.INTERVAL.NUMBER,Interval number,,identify,Developing,,Generated ear-training interval,,high,Tagged
MI-D-276,CLIP-B394355DB8B3,Melody,MEL.INTERVAL.NUMBER,Interval number,,identify,Developing,,Generated ear-training interval,,high,Tagged
MI-D-277,CLIP-2969EC8B1C34,Melody,MEL.INTERVAL.NUMBER,Interval number,,identify,Developing,,Generated ear-training interval,,high,Tagged
MI-D-278,CLIP-DF1C97C8E44F,Melody,MEL.INTERVAL.NUMBER,Interval number,,identify,Developing,,Generated ear-training interval,,high,Tagged
MI-D-279,CLIP-EFBB6B4D4D28,Melody,MEL.INTERVAL.NUMBER,Interval number,,identify,Developing,,Generated ear-training interval,,high,Tagged
MI-D-280,CLIP-550AFF24F04A,Melody,MEL.INTERVAL.NUMBER,Interval number,,identify,Developing,,Generated ear-training interval,,high,Tagged
MI-D-281,CLIP-4676386D9EB9,Melody,MEL.INTERVAL.NUMBER,Interval number,,identify,Developing,,Generated ear-training interval,,high,Tagged
MI-D-282,CLIP-0F45018F427C,Melody,MEL.INTERVAL.NUMBER,Interval number,,identify,Developing,,Generated ear-training interval,,high,Tagged
MI-D-283,CLIP-57A148C6D30C,Melody,MEL.INTERVAL.NUMBER,Interval number,,identify,Developing,,Generated ear-training interval,,high,Tagged
MI-D-284,CLIP-51F4EA1BE573,Melody,MEL.INTERVAL.NUMBER,Interval number,,identify,Developing,,Generated ear-training interval,,high,Tagged
MI-D-285,CLIP-8ED8CD53D031,Melody,MEL.INTERVAL.NUMBER,Interval number,,identify,Developing,,Generated ear-training interval,,high,Tagged
MI-D-286,CLIP-7BA4AC8E14CB,Melody,MEL.INTERVAL.NUMBER,Interval number,,identify,Developing,,Generated ear-training interval,,high,Tagged
MI-D-287,CLIP-4269B3B5E0B5,Melody,MEL.INTERVAL.NUMBER,Interval number,,identify,Developing,,Generated ear-training interval,,high,Tagged
MI-D-288,CLIP-662DDAF266D2,Melody,MEL.INTERVAL.NUMBER,Interval number,,identify,Developing,,Generated ear-training interval,,high,Tagged
MI-D-289,CLIP-D9882A9AA313,Melody,MEL.INTERVAL.NUMBER,Interval number,,identify,Developing,,Generated ear-training interval,,high,Tagged
MI-D-290,CLIP-8717BFBEF8BE,Melody,MEL.INTERVAL.NUMBER,Interval number,,identify,Developing,,Generated ear-training interval,,high,Tagged
MI-D-291,CLIP-830F4973A196,Melody,MEL.INTERVAL.NUMBER,Interval number,,identify,Developing,,Generated ear-training interval,,high,Tagged
MI-D-292,CLIP-53D206882ACF,Melody,MEL.INTERVAL.NUMBER,Interval number,,identify,Developing,,Generated ear-training interval,,high,Tagged
MI-D-293,CLIP-68125E59E385,Melody,MEL.INTERVAL.NUMBER,Interval number,,identify,Developing,,Generated ear-training interval,,high,Tagged
MI-D-294,CLIP-ACF40A74C633,Melody,MEL.INTERVAL.NUMBER,Interval number,,identify,Developing,,Generated ear-training interval,,high,Tagged
MI-D-295,CLIP-F11087C3AFCE,Melody,MEL.INTERVAL.NUMBER,Interval number,,identify,Developing,,Generated ear-training interval,,high,Tagged
MI-D-296,CLIP-974420A59B4B,Melody,MEL.INTERVAL.NUMBER,Interval number,,identify,Developing,,Generated ear-training interval,,high,Tagged
MI-D-297,CLIP-5ACEF58F7A67,Melody,MEL.INTERVAL.NUMBER,Interval number,,identify,Developing,,Generated ear-training interval,,high,Tagged
MI-D-298,CLIP-DBB94D3F4525,Melody,MEL.INTERVAL.NUMBER,Interval number,,identify,Developing,,Generated ear-training interval,,high,Tagged
MI-D-299,CLIP-7A09D04064D8,Melody,MEL.INTERVAL.NUMBER,Interval number,,identify,Developing,,Generated ear-training interval,,high,Tagged
MI-D-300,CLIP-EC0AAD34EDA1,Melody,MEL.INTERVAL.NUMBER,Interval number,,identify,Developing,,Generated ear-training interval,,high,Tagged
MI-D-301,CLIP-2B1891BA07A3,Melody,MEL.INTERVAL.NUMBER,Interval number,,identify,Developing,,Generated ear-training interval,,high,Tagged
MI-D-302,CLIP-1E99F3D4446D,Melody,MEL.INTERVAL.NUMBER,Interval number,,identify,Developing,,Generated ear-training interval,,high,Tagged
MI-D-303,CLIP-ADFBD348022A,Melody,MEL.INTERVAL.NUMBER,Interval number,,identify,Developing,,Generated ear-training interval,,high,Tagged
MI-D-304,CLIP-80BBC8C616E4,Melody,MEL.INTERVAL.NUMBER,Interval number,,identify,Developing,,Generated ear-training interval,,high,Tagged
MI-D-305,CLIP-EFC3DAE122F6,Melody,MEL.INTERVAL.NUMBER,Interval number,,identify,Developing,,Generated ear-training interval,,high,Tagged
MI-D-306,CLIP-3AA5815D2BB3,Melody,MEL.INTERVAL.NUMBER,Interval number,,identify,Developing,,Generated ear-training interval,,high,Tagged
MI-D-307,CLIP-01CCE7AA4B49,Melody,MEL.INTERVAL.NUMBER,Interval number,,identify,Developing,,Generated ear-training interval,,high,Tagged
MI-D-308,CLIP-9617A9CBBDF6,Melody,MEL.INTERVAL.NUMBER,Interval number,,identify,Developing,,Generated ear-training interval,,high,Tagged
MI-D-309,CLIP-77BA98ACC65E,Melody,MEL.INTERVAL.NUMBER,Interval number,,identify,Developing,,Generated ear-training interval,,high,Tagged
MI-D-310,CLIP-6A58D561B588,Melody,MEL.INTERVAL.NUMBER,Interval number,,identify,Developing,,Generated ear-training interval,,high,Tagged
MI-D-311,CLIP-956EBCC86656,Melody,MEL.INTERVAL.NUMBER,Interval number,,identify,Developing,,Generated ear-training interval,,high,Tagged
MI-D-312,CLIP-C6BF016EEAFE,Melody,MEL.INTERVAL.NUMBER,Interval number,,identify,Developing,,Generated ear-training interval,,high,Tagged
MI-D-313,CLIP-FF90A14BB915,Melody,MEL.INTERVAL.NUMBER,Interval number,,identify,Developing,,Generated ear-training interval,,high,Tagged
MI-D-314,CLIP-33A49A248820,Melody,MEL.INTERVAL.NUMBER,Interval number,,identify,Developing,,Generated ear-training interval,,high,Tagged
MI-D-315,CLIP-87B3B1997579,Melody,MEL.INTERVAL.NUMBER,Interval number,,identify,Developing,,Generated ear-training interval,,high,Tagged
MI-D-316,CLIP-DF4747CDC766,Melody,MEL.INTERVAL.NUMBER,Interval number,,identify,Developing,,Generated ear-training interval,,high,Tagged
MI-D-317,CLIP-57D39FB99ACA,Melody,MEL.INTERVAL.NUMBER,Interval number,,identify,Developing,,Generated ear-training interval,,high,Tagged
MI-D-318,CLIP-80EB25C0BC48,Melody,MEL.INTERVAL.NUMBER,Interval number,,identify,Developing,,Generated ear-training interval,,high,Tagged
MI-D-319,CLIP-0231AEACBA0D,Melody,MEL.INTERVAL.NUMBER,Interval number,,identify,Developing,,Generated ear-training interval,,high,Tagged
MI-D-320,CLIP-34D1760E6ECF,Melody,MEL.INTERVAL.NUMBER,Interval number,,identify,Developing,,Generated ear-training interval,,high,Tagged
MI-D-321,CLIP-A494B785E88A,Melody,MEL.INTERVAL.NUMBER,Interval number,,identify,Developing,,Generated ear-training interval,,high,Tagged
MI-D-322,CLIP-19DB1567F003,Melody,MEL.INTERVAL.NUMBER,Interval number,,identify,Developing,,Generated ear-training interval,,high,Tagged
MI-D-323,CLIP-2F21E7F7C090,Melody,MEL.INTERVAL.NUMBER,Interval number,,identify,Developing,,Generated ear-training interval,,high,Tagged
MI-D-324,CLIP-99FBE1FD0A14,Melody,MEL.INTERVAL.NUMBER,Interval number,,identify,Developing,,Generated ear-training interval,,high,Tagged
MI-D-325,CLIP-E0DF93960097,Melody,MEL.INTERVAL.NUMBER,Interval number,,identify,Developing,,Generated ear-training interval,,high,Tagged
MI-D-326,CLIP-F044FE7FDC64,Melody,MEL.INTERVAL.NUMBER,Interval number,,identify,Developing,,Generated ear-training interval,,high,Tagged
MI-D-327,CLIP-B91F13BFD047,Melody,MEL.INTERVAL.NUMBER,Interval number,,identify,Developing,,Generated ear-training interval,,high,Tagged
MI-D-328,CLIP-DA08532E88EC,Melody,MEL.INTERVAL.NUMBER,Interval number,,identify,Developing,,Generated ear-training interval,,high,Tagged
MI-D-329,CLIP-E113AC2E5A31,Melody,MEL.INTERVAL.NUMBER,Interval number,,identify,Developing,,Generated ear-training interval,,high,Tagged
MI-D-330,CLIP-29BF56FE2D6C,Melody,MEL.INTERVAL.NUMBER,Interval number,,identify,Developing,,Generated ear-training interval,,high,Tagged
MI-D-331,CLIP-D2D32A39FF58,Melody,MEL.INTERVAL.NUMBER,Interval number,,identify,Developing,,Generated ear-training interval,,high,Tagged
MI-D-332,CLIP-6D1916C62FBD,Melody,MEL.INTERVAL.NUMBER,Interval number,,identify,Developing,,Generated ear-training interval,,high,Tagged
MI-D-333,CLIP-24ABDA5CDE9D,Melody,MEL.INTERVAL.NUMBER,Interval number,,identify,Developing,,Generated ear-training interval,,high,Tagged
MI-D-334,CLIP-AD1E59332EC4,Melody,MEL.INTERVAL.NUMBER,Interval number,,identify,Developing,,Generated ear-training interval,,high,Tagged
MI-D-335,CLIP-5188F36C5EA1,Melody,MEL.INTERVAL.NUMBER,Interval number,,identify,Developing,,Generated ear-training interval,,high,Tagged
MI-D-336,CLIP-687AE37A5454,Melody,MEL.INTERVAL.NUMBER,Interval number,,identify,Developing,,Generated ear-training interval,,high,Tagged
MI-D-337,CLIP-A44F1BA7BBC8,Melody,MEL.INTERVAL.NUMBER,Interval number,,identify,Developing,,Generated ear-training interval,,high,Tagged
MI-D-338,CLIP-2329CF8B1986,Melody,MEL.INTERVAL.NUMBER,Interval number,,identify,Developing,,Generated ear-training interval,,high,Tagged
MI-D-339,CLIP-94823CA72B44,Melody,MEL.INTERVAL.NUMBER,Interval number,,identify,Developing,,Generated ear-training interval,,high,Tagged
MI-D-340,CLIP-0A2F7B29B712,Melody,MEL.INTERVAL.NUMBER,Interval number,,identify,Developing,,Generated ear-training interval,,high,Tagged
MI-D-341,CLIP-106FD744539F,Melody,MEL.INTERVAL.NUMBER,Interval number,,identify,Developing,,Generated ear-training interval,,high,Tagged
MI-D-342,CLIP-584B1A4734BA,Melody,MEL.INTERVAL.NUMBER,Interval number,,identify,Developing,,Generated ear-training interval,,high,Tagged
MI-D-343,CLIP-CBA449395529,Melody,MEL.INTERVAL.NUMBER,Interval number,,identify,Developing,,Generated ear-training interval,,high,Tagged
MI-D-344,CLIP-369CA710A8B5,Melody,MEL.INTERVAL.NUMBER,Interval number,,identify,Developing,,Generated ear-training interval,,high,Tagged
MI-D-345,CLIP-F22B0998779B,Melody,MEL.INTERVAL.NUMBER,Interval number,,identify,Developing,,Generated ear-training interval,,high,Tagged
MI-D-346,CLIP-81348CBD3138,Melody,MEL.INTERVAL.NUMBER,Interval number,,identify,Developing,,Generated ear-training interval,,high,Tagged
MI-D-347,CLIP-AE64D52857C0,Melody,MEL.INTERVAL.NUMBER,Interval number,,identify,Developing,,Generated ear-training interval,,high,Tagged
MI-D-348,CLIP-4C4CF8BF6643,Melody,MEL.INTERVAL.NUMBER,Interval number,,identify,Developing,,Generated ear-training interval,,high,Tagged
MI-D-349,CLIP-19A0AB441BC0,Melody,MEL.INTERVAL.NUMBER,Interval number,,identify,Developing,,Generated ear-training interval,,high,Tagged
MI-D-350,CLIP-B394355DB8B3,Melody,MEL.INTERVAL.NUMBER,Interval number,,identify,Developing,,Generated ear-training interval,,high,Tagged
MI-D-351,CLIP-A8272E6E232C,Melody,MEL.INTERVAL.NUMBER,Interval number,,identify,Developing,,Generated ear-training interval,,high,Tagged
MI-D-352,CLIP-676B3E4E8F81,Melody,MEL.INTERVAL.NUMBER,Interval number,,identify,Developing,,Generated ear-training interval,,high,Tagged
MI-D-353,CLIP-E836C443B74F,Melody,MEL.INTERVAL.NUMBER,Interval number,,identify,Developing,,Generated ear-training interval,,high,Tagged
MI-D-354,CLIP-4CC36BBE4D41,Melody,MEL.INTERVAL.NUMBER,Interval number,,identify,Developing,,Generated ear-training interval,,high,Tagged
MI-D-355,CLIP-2FDFE66B6323,Melody,MEL.INTERVAL.NUMBER,Interval number,,identify,Developing,,Generated ear-training interval,,high,Tagged
MI-D-356,CLIP-6DBD07286367,Melody,MEL.INTERVAL.NUMBER,Interval number,,identify,Developing,,Generated ear-training interval,,high,Tagged
MI-D-357,CLIP-0EBC2458D143,Melody,MEL.INTERVAL.NUMBER,Interval number,,identify,Developing,,Generated ear-training interval,,high,Tagged
MI-D-358,CLIP-D922ED1E7E01,Melody,MEL.INTERVAL.NUMBER,Interval number,,identify,Developing,,Generated ear-training interval,,high,Tagged
MI-D-359,CLIP-75C20F2E0764,Melody,MEL.INTERVAL.NUMBER,Interval number,,identify,Developing,,Generated ear-training interval,,high,Tagged
MI-D-360,CLIP-624C40CE7B6E,Melody,MEL.INTERVAL.NUMBER,Interval number,,identify,Developing,,Generated ear-training interval,,high,Tagged
MI-D-361,CLIP-9F02382DF07F,Melody,MEL.INTERVAL.NUMBER,Interval number,,identify,Developing,,Generated ear-training interval,,high,Tagged
MI-D-362,CLIP-5ACEF58F7A67,Melody,MEL.INTERVAL.NUMBER,Interval number,,identify,Developing,,Generated ear-training interval,,high,Tagged
MI-D-363,CLIP-A54D2EFB057A,Melody,MEL.INTERVAL.NUMBER,Interval number,,identify,Developing,,Generated ear-training interval,,high,Tagged
MI-D-364,CLIP-EFC3DAE122F6,Melody,MEL.INTERVAL.NUMBER,Interval number,,identify,Developing,,Generated ear-training interval,,high,Tagged
MI-D-365,CLIP-FF90A14BB915,Melody,MEL.INTERVAL.NUMBER,Interval number,,identify,Developing,,Generated ear-training interval,,high,Tagged
MI-D-366,CLIP-A494B785E88A,Melody,MEL.INTERVAL.NUMBER,Interval number,,identify,Developing,,Generated ear-training interval,,high,Tagged
MI-D-367,CLIP-4854131DD101,Melody,MEL.INTERVAL.NUMBER,Interval number,,identify,Developing,,Generated ear-training interval,,high,Tagged
MI-D-368,CLIP-E113AC2E5A31,Melody,MEL.INTERVAL.NUMBER,Interval number,,identify,Developing,,Generated ear-training interval,,high,Tagged
MI-D-369,CLIP-2C21446B6F93,Melody,MEL.INTERVAL.NUMBER,Interval number,,identify,Developing,,Generated ear-training interval,,high,Tagged
MI-D-370,CLIP-4005AEB24617,Melody,MEL.INTERVAL.NUMBER,Interval number,,identify,Developing,,Generated ear-training interval,,high,Tagged
MI-D-371,CLIP-A44F1BA7BBC8,Melody,MEL.INTERVAL.NUMBER,Interval number,,identify,Developing,,Generated ear-training interval,,high,Tagged
MI-D-372,CLIP-416BBD5A1F0E,Melody,MEL.INTERVAL.NUMBER,Interval number,,identify,Developing,,Generated ear-training interval,,high,Tagged
MI-D-373,CLIP-054DDEEB4B3D,Melody,MEL.INTERVAL.NUMBER,Interval number,,identify,Developing,,Generated ear-training interval,,high,Tagged
MI-D-374,CLIP-173A56E80B11,Melody,MEL.INTERVAL.NUMBER,Interval number,,identify,Developing,,Generated ear-training interval,,high,Tagged
MI-D-375,CLIP-369CA710A8B5,Melody,MEL.INTERVAL.NUMBER,Interval number,,identify,Developing,,Generated ear-training interval,,high,Tagged
MI-D-376,CLIP-C607910D8898,Melody,MEL.INTERVAL.NUMBER,Interval number,,identify,Developing,,Generated ear-training interval,,high,Tagged
MI-D-377,CLIP-3DF3A674EC78,Melody,MEL.INTERVAL.NUMBER,Interval number,,identify,Developing,,Generated ear-training interval,,high,Tagged
MI-D-378,CLIP-EB0F18C0212A,Melody,MEL.INTERVAL.NUMBER,Interval number,,identify,Developing,,Generated ear-training interval,,high,Tagged
MI-D-379,CLIP-1732766ED9CA,Melody,MEL.INTERVAL.NUMBER,Interval number,,identify,Developing,,Generated ear-training interval,,high,Tagged
MI-D-380,CLIP-B394355DB8B3,Melody,MEL.INTERVAL.NUMBER,Interval number,,identify,Developing,,Generated ear-training interval,,high,Tagged
MI-D-381,CLIP-2969EC8B1C34,Melody,MEL.INTERVAL.NUMBER,Interval number,,identify,Developing,,Generated ear-training interval,,high,Tagged
MI-D-382,CLIP-36D960DB602A,Melody,MEL.INTERVAL.NUMBER,Interval number,,identify,Developing,,Generated ear-training interval,,high,Tagged
MI-D-383,CLIP-EFBB6B4D4D28,Melody,MEL.INTERVAL.NUMBER,Interval number,,identify,Developing,,Generated ear-training interval,,high,Tagged
MI-D-384,CLIP-550AFF24F04A,Melody,MEL.INTERVAL.NUMBER,Interval number,,identify,Developing,,Generated ear-training interval,,high,Tagged
MI-D-385,CLIP-6BF2F2634734,Melody,MEL.INTERVAL.NUMBER,Interval number,,identify,Developing,,Generated ear-training interval,,high,Tagged
MI-D-386,CLIP-2FDFE66B6323,Melody,MEL.INTERVAL.NUMBER,Interval number,,identify,Developing,,Generated ear-training interval,,high,Tagged
MI-D-387,CLIP-FDA3E0932598,Melody,MEL.INTERVAL.NUMBER,Interval number,,identify,Developing,,Generated ear-training interval,,high,Tagged
MI-D-388,CLIP-BA43B42B25ED,Melody,MEL.INTERVAL.NUMBER,Interval number,,identify,Developing,,Generated ear-training interval,,high,Tagged
MI-D-389,CLIP-35720CD161C2,Melody,MEL.INTERVAL.NUMBER,Interval number,,identify,Developing,,Generated ear-training interval,,high,Tagged
MI-D-390,CLIP-75B603C7E7AC,Melody,MEL.INTERVAL.NUMBER,Interval number,,identify,Developing,,Generated ear-training interval,,high,Tagged
MI-D-391,CLIP-BCF7E868BB27,Melody,MEL.INTERVAL.NUMBER,Interval number,,identify,Developing,,Generated ear-training interval,,high,Tagged
MI-D-392,CLIP-DF485965F919,Melody,MEL.INTERVAL.NUMBER,Interval number,,identify,Developing,,Generated ear-training interval,,high,Tagged
MI-D-393,CLIP-75C20F2E0764,Melody,MEL.INTERVAL.NUMBER,Interval number,,identify,Developing,,Generated ear-training interval,,high,Tagged
MI-D-394,CLIP-406258F99D41,Melody,MEL.INTERVAL.NUMBER,Interval number,,identify,Developing,,Generated ear-training interval,,high,Tagged
MI-D-395,CLIP-8BCC3B38A9BC,Melody,MEL.INTERVAL.NUMBER,Interval number,,identify,Developing,,Generated ear-training interval,,high,Tagged
MI-D-396,CLIP-890F00F069F8,Melody,MEL.INTERVAL.NUMBER,Interval number,,identify,Developing,,Generated ear-training interval,,high,Tagged
MI-D-397,CLIP-26ABA172BC96,Melody,MEL.INTERVAL.NUMBER,Interval number,,identify,Developing,,Generated ear-training interval,,high,Tagged
MI-D-398,CLIP-05CA50569C40,Melody,MEL.INTERVAL.NUMBER,Interval number,,identify,Developing,,Generated ear-training interval,,high,Tagged
MI-D-399,CLIP-2CD6E549BFF9,Melody,MEL.INTERVAL.NUMBER,Interval number,,identify,Developing,,Generated ear-training interval,,high,Tagged
MI-D-400,CLIP-12FF0AC2CD96,Melody,MEL.INTERVAL.NUMBER,Interval number,,identify,Developing,,Generated ear-training interval,,high,Tagged
MI-D-401,CLIP-5ACEF58F7A67,Melody,MEL.INTERVAL.NUMBER,Interval number,,identify,Developing,,Generated ear-training interval,,high,Tagged
MI-D-402,CLIP-58ED23C72C9D,Melody,MEL.INTERVAL.NUMBER,Interval number,,identify,Developing,,Generated ear-training interval,,high,Tagged
MI-D-403,CLIP-391DE188E382,Melody,MEL.INTERVAL.NUMBER,Interval number,,identify,Developing,,Generated ear-training interval,,high,Tagged
MI-D-404,CLIP-EC0AAD34EDA1,Melody,MEL.INTERVAL.NUMBER,Interval number,,identify,Developing,,Generated ear-training interval,,high,Tagged
MI-D-405,CLIP-2B1891BA07A3,Melody,MEL.INTERVAL.NUMBER,Interval number,,identify,Developing,,Generated ear-training interval,,high,Tagged
MI-D-406,CLIP-FE5C07958BAC,Melody,MEL.INTERVAL.NUMBER,Interval number,,identify,Developing,,Generated ear-training interval,,high,Tagged
MI-D-407,CLIP-ADFBD348022A,Melody,MEL.INTERVAL.NUMBER,Interval number,,identify,Developing,,Generated ear-training interval,,high,Tagged
MI-D-408,CLIP-80BBC8C616E4,Melody,MEL.INTERVAL.NUMBER,Interval number,,identify,Developing,,Generated ear-training interval,,high,Tagged
MI-D-409,CLIP-EFC3DAE122F6,Melody,MEL.INTERVAL.NUMBER,Interval number,,identify,Developing,,Generated ear-training interval,,high,Tagged
MI-D-410,CLIP-3AA5815D2BB3,Melody,MEL.INTERVAL.NUMBER,Interval number,,identify,Developing,,Generated ear-training interval,,high,Tagged
MI-D-411,CLIP-33403F045684,Melody,MEL.INTERVAL.NUMBER,Interval number,,identify,Developing,,Generated ear-training interval,,high,Tagged
MI-D-412,CLIP-A35F15911744,Melody,MEL.INTERVAL.NUMBER,Interval number,,identify,Developing,,Generated ear-training interval,,high,Tagged
MI-D-413,CLIP-77BA98ACC65E,Melody,MEL.INTERVAL.NUMBER,Interval number,,identify,Developing,,Generated ear-training interval,,high,Tagged
MI-D-414,CLIP-6A58D561B588,Melody,MEL.INTERVAL.NUMBER,Interval number,,identify,Developing,,Generated ear-training interval,,high,Tagged
MI-D-415,CLIP-DFBBF9837B0D,Melody,MEL.INTERVAL.NUMBER,Interval number,,identify,Developing,,Generated ear-training interval,,high,Tagged
MI-D-416,CLIP-C6BF016EEAFE,Melody,MEL.INTERVAL.NUMBER,Interval number,,identify,Developing,,Generated ear-training interval,,high,Tagged
MI-D-417,CLIP-FF90A14BB915,Melody,MEL.INTERVAL.NUMBER,Interval number,,identify,Developing,,Generated ear-training interval,,high,Tagged
MI-D-418,CLIP-33A49A248820,Melody,MEL.INTERVAL.NUMBER,Interval number,,identify,Developing,,Generated ear-training interval,,high,Tagged
MI-D-419,CLIP-FDD0C4C55B18,Melody,MEL.INTERVAL.NUMBER,Interval number,,identify,Developing,,Generated ear-training interval,,high,Tagged
MI-D-420,CLIP-DF4747CDC766,Melody,MEL.INTERVAL.NUMBER,Interval number,,identify,Developing,,Generated ear-training interval,,high,Tagged
MI-D-421,CLIP-57D39FB99ACA,Melody,MEL.INTERVAL.NUMBER,Interval number,,identify,Developing,,Generated ear-training interval,,high,Tagged
MI-D-422,CLIP-80EB25C0BC48,Melody,MEL.INTERVAL.NUMBER,Interval number,,identify,Developing,,Generated ear-training interval,,high,Tagged
MI-D-423,CLIP-0231AEACBA0D,Melody,MEL.INTERVAL.NUMBER,Interval number,,identify,Developing,,Generated ear-training interval,,high,Tagged
MI-D-424,CLIP-34D1760E6ECF,Melody,MEL.INTERVAL.NUMBER,Interval number,,identify,Developing,,Generated ear-training interval,,high,Tagged
MI-D-425,CLIP-A494B785E88A,Melody,MEL.INTERVAL.NUMBER,Interval number,,identify,Developing,,Generated ear-training interval,,high,Tagged
MI-D-426,CLIP-4B7BD05024F8,Melody,MEL.INTERVAL.NUMBER,Interval number,,identify,Developing,,Generated ear-training interval,,high,Tagged
MI-D-427,CLIP-2F21E7F7C090,Melody,MEL.INTERVAL.NUMBER,Interval number,,identify,Developing,,Generated ear-training interval,,high,Tagged
MI-D-428,CLIP-99FBE1FD0A14,Melody,MEL.INTERVAL.NUMBER,Interval number,,identify,Developing,,Generated ear-training interval,,high,Tagged
MI-D-429,CLIP-E0DF93960097,Melody,MEL.INTERVAL.NUMBER,Interval number,,identify,Developing,,Generated ear-training interval,,high,Tagged
MI-D-430,CLIP-F044FE7FDC64,Melody,MEL.INTERVAL.NUMBER,Interval number,,identify,Developing,,Generated ear-training interval,,high,Tagged
MI-D-431,CLIP-B91F13BFD047,Melody,MEL.INTERVAL.NUMBER,Interval number,,identify,Developing,,Generated ear-training interval,,high,Tagged
MI-D-432,CLIP-DA08532E88EC,Melody,MEL.INTERVAL.NUMBER,Interval number,,identify,Developing,,Generated ear-training interval,,high,Tagged
MI-D-433,CLIP-140DCD4618BA,Melody,MEL.INTERVAL.NUMBER,Interval number,,identify,Developing,,Generated ear-training interval,,high,Tagged
MI-D-434,CLIP-F529CDEECE30,Melody,MEL.INTERVAL.NUMBER,Interval number,,identify,Developing,,Generated ear-training interval,,high,Tagged
MI-D-435,CLIP-730CD7F09941,Melody,MEL.INTERVAL.NUMBER,Interval number,,identify,Developing,,Generated ear-training interval,,high,Tagged
MI-D-436,CLIP-CF9CEA5E2095,Melody,MEL.INTERVAL.NUMBER,Interval number,,identify,Developing,,Generated ear-training interval,,high,Tagged
MI-D-437,CLIP-11CEF2DB7633,Melody,MEL.INTERVAL.NUMBER,Interval number,,identify,Developing,,Generated ear-training interval,,high,Tagged
MI-D-438,CLIP-D4FF548796CB,Melody,MEL.INTERVAL.NUMBER,Interval number,,identify,Developing,,Generated ear-training interval,,high,Tagged
MI-D-439,CLIP-01E5B91D04B4,Melody,MEL.INTERVAL.NUMBER,Interval number,,identify,Developing,,Generated ear-training interval,,high,Tagged
MI-D-440,CLIP-B88AF984D267,Melody,MEL.INTERVAL.NUMBER,Interval number,,identify,Developing,,Generated ear-training interval,,high,Tagged
MI-D-441,CLIP-A44F1BA7BBC8,Melody,MEL.INTERVAL.NUMBER,Interval number,,identify,Developing,,Generated ear-training interval,,high,Tagged
MI-D-442,CLIP-2329CF8B1986,Melody,MEL.INTERVAL.NUMBER,Interval number,,identify,Developing,,Generated ear-training interval,,high,Tagged
MI-D-443,CLIP-94823CA72B44,Melody,MEL.INTERVAL.NUMBER,Interval number,,identify,Developing,,Generated ear-training interval,,high,Tagged
MI-D-444,CLIP-0A2F7B29B712,Melody,MEL.INTERVAL.NUMBER,Interval number,,identify,Developing,,Generated ear-training interval,,high,Tagged
MI-D-445,CLIP-106FD744539F,Melody,MEL.INTERVAL.NUMBER,Interval number,,identify,Developing,,Generated ear-training interval,,high,Tagged
MI-D-446,CLIP-584B1A4734BA,Melody,MEL.INTERVAL.NUMBER,Interval number,,identify,Developing,,Generated ear-training interval,,high,Tagged
MI-D-447,CLIP-7AB1C3EBC27B,Melody,MEL.INTERVAL.NUMBER,Interval number,,identify,Developing,,Generated ear-training interval,,high,Tagged
MI-D-448,CLIP-369CA710A8B5,Melody,MEL.INTERVAL.NUMBER,Interval number,,identify,Developing,,Generated ear-training interval,,high,Tagged
MI-D-449,CLIP-F22B0998779B,Melody,MEL.INTERVAL.NUMBER,Interval number,,identify,Developing,,Generated ear-training interval,,high,Tagged
MI-D-450,CLIP-81348CBD3138,Melody,MEL.INTERVAL.NUMBER,Interval number,,identify,Developing,,Generated ear-training interval,,high,Tagged
MI-D-451,CLIP-AE64D52857C0,Melody,MEL.INTERVAL.NUMBER,Interval number,,identify,Developing,,Generated ear-training interval,,high,Tagged
MI-D-452,CLIP-4C4CF8BF6643,Melody,MEL.INTERVAL.NUMBER,Interval number,,identify,Developing,,Generated ear-training interval,,high,Tagged
MI-D-453,CLIP-90B4A5F8F14E,Melody,MEL.INTERVAL.NUMBER,Interval number,,identify,Developing,,Generated ear-training interval,,high,Tagged
MI-D-454,CLIP-B394355DB8B3,Melody,MEL.INTERVAL.NUMBER,Interval number,,identify,Developing,,Generated ear-training interval,,high,Tagged
MI-D-455,CLIP-A8272E6E232C,Melody,MEL.INTERVAL.NUMBER,Interval number,,identify,Developing,,Generated ear-training interval,,high,Tagged
MI-D-456,CLIP-676B3E4E8F81,Melody,MEL.INTERVAL.NUMBER,Interval number,,identify,Developing,,Generated ear-training interval,,high,Tagged
MI-D-457,CLIP-E836C443B74F,Melody,MEL.INTERVAL.NUMBER,Interval number,,identify,Developing,,Generated ear-training interval,,high,Tagged
MI-D-458,CLIP-907A4DEDEE62,Melody,MEL.INTERVAL.NUMBER,Interval number,,identify,Developing,,Generated ear-training interval,,high,Tagged
MI-D-459,CLIP-2FDFE66B6323,Melody,MEL.INTERVAL.NUMBER,Interval number,,identify,Developing,,Generated ear-training interval,,high,Tagged
MI-D-460,CLIP-6DBD07286367,Melody,MEL.INTERVAL.NUMBER,Interval number,,identify,Developing,,Generated ear-training interval,,high,Tagged
MI-D-461,CLIP-0EBC2458D143,Melody,MEL.INTERVAL.NUMBER,Interval number,,identify,Developing,,Generated ear-training interval,,high,Tagged
MI-D-462,CLIP-3781A65DBAE6,Melody,MEL.INTERVAL.NUMBER,Interval number,,identify,Developing,,Generated ear-training interval,,high,Tagged
MI-D-463,CLIP-75C20F2E0764,Melody,MEL.INTERVAL.NUMBER,Interval number,,identify,Developing,,Generated ear-training interval,,high,Tagged
MI-D-464,CLIP-624C40CE7B6E,Melody,MEL.INTERVAL.NUMBER,Interval number,,identify,Developing,,Generated ear-training interval,,high,Tagged
MI-D-465,CLIP-C7FD37641601,Melody,MEL.INTERVAL.NUMBER,Interval number,,identify,Developing,,Generated ear-training interval,,high,Tagged
MI-D-466,CLIP-5ACEF58F7A67,Melody,MEL.INTERVAL.NUMBER,Interval number,,identify,Developing,,Generated ear-training interval,,high,Tagged
MI-D-467,CLIP-CFF826CCF3C9,Melody,MEL.INTERVAL.NUMBER,Interval number,,identify,Developing,,Generated ear-training interval,,high,Tagged
MI-D-468,CLIP-3F73207F8391,Melody,MEL.INTERVAL.NUMBER,Interval number,,identify,Developing,,Generated ear-training interval,,high,Tagged
MI-D-469,CLIP-FF90A14BB915,Melody,MEL.INTERVAL.NUMBER,Interval number,,identify,Developing,,Generated ear-training interval,,high,Tagged
MI-D-470,CLIP-A494B785E88A,Melody,MEL.INTERVAL.NUMBER,Interval number,,identify,Developing,,Generated ear-training interval,,high,Tagged
MI-D-471,CLIP-4854131DD101,Melody,MEL.INTERVAL.NUMBER,Interval number,,identify,Developing,,Generated ear-training interval,,high,Tagged
MI-D-472,CLIP-140DCD4618BA,Melody,MEL.INTERVAL.NUMBER,Interval number,,identify,Developing,,Generated ear-training interval,,high,Tagged
MI-D-473,CLIP-FBD6D2CB5D6E,Melody,MEL.INTERVAL.NUMBER,Interval number,,identify,Developing,,Generated ear-training interval,,high,Tagged
MI-D-474,CLIP-B29E32E68F19,Melody,MEL.INTERVAL.NUMBER,Interval number,,identify,Developing,,Generated ear-training interval,,high,Tagged
MI-D-475,CLIP-A44F1BA7BBC8,Melody,MEL.INTERVAL.NUMBER,Interval number,,identify,Developing,,Generated ear-training interval,,high,Tagged
MI-D-476,CLIP-D3AC0CA616A7,Melody,MEL.INTERVAL.NUMBER,Interval number,,identify,Developing,,Generated ear-training interval,,high,Tagged
MI-D-477,CLIP-054DDEEB4B3D,Melody,MEL.INTERVAL.NUMBER,Interval number,,identify,Developing,,Generated ear-training interval,,high,Tagged
MI-D-478,CLIP-173A56E80B11,Melody,MEL.INTERVAL.NUMBER,Interval number,,identify,Developing,,Generated ear-training interval,,high,Tagged
MI-D-479,CLIP-369CA710A8B5,Melody,MEL.INTERVAL.NUMBER,Interval number,,identify,Developing,,Generated ear-training interval,,high,Tagged
MI-D-480,CLIP-C607910D8898,Melody,MEL.INTERVAL.NUMBER,Interval number,,identify,Developing,,Generated ear-training interval,,high,Tagged
MI-D-481,CLIP-8CFD9EEB0A97,Melody,MEL.INTERVAL.NUMBER,Interval number,,identify,Developing,,Generated ear-training interval,,high,Tagged
MI-D-482,CLIP-EB0F18C0212A,Melody,MEL.INTERVAL.NUMBER,Interval number,,identify,Developing,,Generated ear-training interval,,high,Tagged
MI-D-483,CLIP-1732766ED9CA,Melody,MEL.INTERVAL.NUMBER,Interval number,,identify,Developing,,Generated ear-training interval,,high,Tagged
MI-D-484,CLIP-B394355DB8B3,Melody,MEL.INTERVAL.NUMBER,Interval number,,identify,Developing,,Generated ear-training interval,,high,Tagged
MI-D-485,CLIP-2969EC8B1C34,Melody,MEL.INTERVAL.NUMBER,Interval number,,identify,Developing,,Generated ear-training interval,,high,Tagged
MI-D-486,CLIP-36D960DB602A,Melody,MEL.INTERVAL.NUMBER,Interval number,,identify,Developing,,Generated ear-training interval,,high,Tagged
MI-D-487,CLIP-320B0FD9BE64,Melody,MEL.INTERVAL.NUMBER,Interval number,,identify,Developing,,Generated ear-training interval,,high,Tagged
MI-D-488,CLIP-550AFF24F04A,Melody,MEL.INTERVAL.NUMBER,Interval number,,identify,Developing,,Generated ear-training interval,,high,Tagged
MI-D-489,CLIP-6BF2F2634734,Melody,MEL.INTERVAL.NUMBER,Interval number,,identify,Developing,,Generated ear-training interval,,high,Tagged
MI-D-490,CLIP-2FDFE66B6323,Melody,MEL.INTERVAL.NUMBER,Interval number,,identify,Developing,,Generated ear-training interval,,high,Tagged
MI-D-491,CLIP-FDA3E0932598,Melody,MEL.INTERVAL.NUMBER,Interval number,,identify,Developing,,Generated ear-training interval,,high,Tagged
MI-D-492,CLIP-BA43B42B25ED,Melody,MEL.INTERVAL.NUMBER,Interval number,,identify,Developing,,Generated ear-training interval,,high,Tagged
MI-D-493,CLIP-35720CD161C2,Melody,MEL.INTERVAL.NUMBER,Interval number,,identify,Developing,,Generated ear-training interval,,high,Tagged
MI-D-494,CLIP-6B89A21B0D72,Melody,MEL.INTERVAL.NUMBER,Interval number,,identify,Developing,,Generated ear-training interval,,high,Tagged
MI-D-495,CLIP-BCF7E868BB27,Melody,MEL.INTERVAL.NUMBER,Interval number,,identify,Developing,,Generated ear-training interval,,high,Tagged
MI-D-496,CLIP-DF485965F919,Melody,MEL.INTERVAL.NUMBER,Interval number,,identify,Developing,,Generated ear-training interval,,high,Tagged
MI-D-497,CLIP-75C20F2E0764,Melody,MEL.INTERVAL.NUMBER,Interval number,,identify,Developing,,Generated ear-training interval,,high,Tagged
MI-D-498,CLIP-406258F99D41,Melody,MEL.INTERVAL.NUMBER,Interval number,,identify,Developing,,Generated ear-training interval,,high,Tagged
MI-D-499,CLIP-8BCC3B38A9BC,Melody,MEL.INTERVAL.NUMBER,Interval number,,identify,Developing,,Generated ear-training interval,,high,Tagged
MI-D-500,CLIP-890F00F069F8,Melody,MEL.INTERVAL.NUMBER,Interval number,,identify,Developing,,Generated ear-training interval,,high,Tagged
MI-D-501,CLIP-26ABA172BC96,Melody,MEL.INTERVAL.NUMBER,Interval number,,identify,Developing,,Generated ear-training interval,,high,Tagged
MI-D-502,CLIP-054DB7A90916,Melody,MEL.INTERVAL.NUMBER,Interval number,,identify,Developing,,Generated ear-training interval,,high,Tagged
MI-D-503,CLIP-2CD6E549BFF9,Melody,MEL.INTERVAL.NUMBER,Interval number,,identify,Developing,,Generated ear-training interval,,high,Tagged
MI-D-504,CLIP-12FF0AC2CD96,Melody,MEL.INTERVAL.NUMBER,Interval number,,identify,Developing,,Generated ear-training interval,,high,Tagged
MI-D-505,CLIP-5ACEF58F7A67,Melody,MEL.INTERVAL.NUMBER,Interval number,,identify,Developing,,Generated ear-training interval,,high,Tagged
MI-D-506,CLIP-58ED23C72C9D,Melody,MEL.INTERVAL.NUMBER,Interval number,,identify,Developing,,Generated ear-training interval,,high,Tagged
MI-D-507,CLIP-391DE188E382,Melody,MEL.INTERVAL.NUMBER,Interval number,,identify,Developing,,Generated ear-training interval,,high,Tagged
MI-D-508,CLIP-EC0AAD34EDA1,Melody,MEL.INTERVAL.NUMBER,Interval number,,identify,Developing,,Generated ear-training interval,,high,Tagged
MI-D-509,CLIP-2B1891BA07A3,Melody,MEL.INTERVAL.NUMBER,Interval number,,identify,Developing,,Generated ear-training interval,,high,Tagged
MI-D-510,CLIP-FE5C07958BAC,Melody,MEL.INTERVAL.NUMBER,Interval number,,identify,Developing,,Generated ear-training interval,,high,Tagged
MI-D-511,CLIP-B81225E38176,Melody,MEL.INTERVAL.NUMBER,Interval number,,identify,Developing,,Generated ear-training interval,,high,Tagged
MI-D-512,CLIP-80BBC8C616E4,Melody,MEL.INTERVAL.NUMBER,Interval number,,identify,Developing,,Generated ear-training interval,,high,Tagged
MI-D-513,CLIP-3F73207F8391,Melody,MEL.INTERVAL.NUMBER,Interval number,,identify,Developing,,Generated ear-training interval,,high,Tagged
MI-D-514,CLIP-BC5E142510A4,Melody,MEL.INTERVAL.NUMBER,Interval number,,identify,Developing,,Generated ear-training interval,,high,Tagged
MI-D-515,CLIP-694D92D20D44,Melody,MEL.INTERVAL.NUMBER,Interval number,,identify,Developing,,Generated ear-training interval,,high,Tagged
MI-D-516,CLIP-0CD691FED62A,Melody,MEL.INTERVAL.NUMBER,Interval number,,identify,Developing,,Generated ear-training interval,,high,Tagged
MI-D-517,CLIP-C3BE28DE910F,Melody,MEL.INTERVAL.NUMBER,Interval number,,identify,Developing,,Generated ear-training interval,,high,Tagged
MI-D-518,CLIP-322AD3A66CD0,Melody,MEL.INTERVAL.NUMBER,Interval number,,identify,Developing,,Generated ear-training interval,,high,Tagged
MI-D-519,CLIP-98CFB28AD36A,Melody,MEL.INTERVAL.NUMBER,Interval number,,identify,Developing,,Generated ear-training interval,,high,Tagged
MI-D-520,CLIP-51FFEE4585B5,Melody,MEL.INTERVAL.NUMBER,Interval number,,identify,Developing,,Generated ear-training interval,,high,Tagged
MI-F-001,CLIP-FF90A14BB915,Melody,MEL.INTERVAL.NUMBER,Interval number,,identify,Foundation,,Generated ear-training interval,,high,Tagged
MI-F-002,CLIP-33A49A248820,Melody,MEL.INTERVAL.NUMBER,Interval number,,identify,Foundation,,Generated ear-training interval,,high,Tagged
MI-F-003,CLIP-87B3B1997579,Melody,MEL.INTERVAL.NUMBER,Interval number,,identify,Foundation,,Generated ear-training interval,,high,Tagged
MI-F-004,CLIP-DF4747CDC766,Melody,MEL.INTERVAL.NUMBER,Interval number,,identify,Foundation,,Generated ear-training interval,,high,Tagged
MI-F-005,CLIP-57D39FB99ACA,Melody,MEL.INTERVAL.NUMBER,Interval number,,identify,Foundation,,Generated ear-training interval,,high,Tagged
MI-F-006,CLIP-34D1760E6ECF,Melody,MEL.INTERVAL.NUMBER,Interval number,,identify,Foundation,,Generated ear-training interval,,high,Tagged
MI-F-007,CLIP-A494B785E88A,Melody,MEL.INTERVAL.NUMBER,Interval number,,identify,Foundation,,Generated ear-training interval,,high,Tagged
MI-F-008,CLIP-19DB1567F003,Melody,MEL.INTERVAL.NUMBER,Interval number,,identify,Foundation,,Generated ear-training interval,,high,Tagged
MI-F-009,CLIP-2F21E7F7C090,Melody,MEL.INTERVAL.NUMBER,Interval number,,identify,Foundation,,Generated ear-training interval,,high,Tagged
MI-F-010,CLIP-99FBE1FD0A14,Melody,MEL.INTERVAL.NUMBER,Interval number,,identify,Foundation,,Generated ear-training interval,,high,Tagged
MI-F-011,CLIP-E0DF93960097,Melody,MEL.INTERVAL.NUMBER,Interval number,,identify,Foundation,,Generated ear-training interval,,high,Tagged
MI-F-012,CLIP-DA08532E88EC,Melody,MEL.INTERVAL.NUMBER,Interval number,,identify,Foundation,,Generated ear-training interval,,high,Tagged
MI-F-013,CLIP-E113AC2E5A31,Melody,MEL.INTERVAL.NUMBER,Interval number,,identify,Foundation,,Generated ear-training interval,,high,Tagged
MI-F-014,CLIP-29BF56FE2D6C,Melody,MEL.INTERVAL.NUMBER,Interval number,,identify,Foundation,,Generated ear-training interval,,high,Tagged
MI-F-015,CLIP-D2D32A39FF58,Melody,MEL.INTERVAL.NUMBER,Interval number,,identify,Foundation,,Generated ear-training interval,,high,Tagged
MI-F-016,CLIP-6D1916C62FBD,Melody,MEL.INTERVAL.NUMBER,Interval number,,identify,Foundation,,Generated ear-training interval,,high,Tagged
MI-F-017,CLIP-707CC2BADEB8,Melody,MEL.INTERVAL.NUMBER,Interval number,,identify,Foundation,,Generated ear-training interval,,high,Tagged
MI-F-018,CLIP-687AE37A5454,Melody,MEL.INTERVAL.NUMBER,Interval number,,identify,Foundation,,Generated ear-training interval,,high,Tagged
MI-F-019,CLIP-A44F1BA7BBC8,Melody,MEL.INTERVAL.NUMBER,Interval number,,identify,Foundation,,Generated ear-training interval,,high,Tagged
MI-F-020,CLIP-2329CF8B1986,Melody,MEL.INTERVAL.NUMBER,Interval number,,identify,Foundation,,Generated ear-training interval,,high,Tagged
MI-F-021,CLIP-94823CA72B44,Melody,MEL.INTERVAL.NUMBER,Interval number,,identify,Foundation,,Generated ear-training interval,,high,Tagged
MI-F-022,CLIP-106FD744539F,Melody,MEL.INTERVAL.NUMBER,Interval number,,identify,Foundation,,Generated ear-training interval,,high,Tagged
MI-F-023,CLIP-369CA710A8B5,Melody,MEL.INTERVAL.NUMBER,Interval number,,identify,Foundation,,Generated ear-training interval,,high,Tagged
MI-F-024,CLIP-F22B0998779B,Melody,MEL.INTERVAL.NUMBER,Interval number,,identify,Foundation,,Generated ear-training interval,,high,Tagged
MI-F-025,CLIP-9AE4E7B8D385,Melody,MEL.INTERVAL.NUMBER,Interval number,,identify,Foundation,,Generated ear-training interval,,high,Tagged
MI-F-026,CLIP-AE64D52857C0,Melody,MEL.INTERVAL.NUMBER,Interval number,,identify,Foundation,,Generated ear-training interval,,high,Tagged
MI-F-027,CLIP-4C4CF8BF6643,Melody,MEL.INTERVAL.NUMBER,Interval number,,identify,Foundation,,Generated ear-training interval,,high,Tagged
MI-F-028,CLIP-B394355DB8B3,Melody,MEL.INTERVAL.NUMBER,Interval number,,identify,Foundation,,Generated ear-training interval,,high,Tagged
MI-F-029,CLIP-1ECEC26BE1DE,Melody,MEL.INTERVAL.NUMBER,Interval number,,identify,Foundation,,Generated ear-training interval,,high,Tagged
MI-F-030,CLIP-676B3E4E8F81,Melody,MEL.INTERVAL.NUMBER,Interval number,,identify,Foundation,,Generated ear-training interval,,high,Tagged
MI-F-031,CLIP-E836C443B74F,Melody,MEL.INTERVAL.NUMBER,Interval number,,identify,Foundation,,Generated ear-training interval,,high,Tagged
MI-F-032,CLIP-4CC36BBE4D41,Melody,MEL.INTERVAL.NUMBER,Interval number,,identify,Foundation,,Generated ear-training interval,,high,Tagged
MI-F-033,CLIP-0F45018F427C,Melody,MEL.INTERVAL.NUMBER,Interval number,,identify,Foundation,,Generated ear-training interval,,high,Tagged
MI-F-034,CLIP-1077844AA846,Melody,MEL.INTERVAL.NUMBER,Interval number,,identify,Foundation,,Generated ear-training interval,,high,Tagged
MI-F-035,CLIP-64E68253C4E7,Melody,MEL.INTERVAL.NUMBER,Interval number,,identify,Foundation,,Generated ear-training interval,,high,Tagged
MI-F-036,CLIP-3986F4D1EC56,Melody,MEL.INTERVAL.NUMBER,Interval number,,identify,Foundation,,Generated ear-training interval,,high,Tagged
MI-F-037,CLIP-75C20F2E0764,Melody,MEL.INTERVAL.NUMBER,Interval number,,identify,Foundation,,Generated ear-training interval,,high,Tagged
MI-F-038,CLIP-624C40CE7B6E,Melody,MEL.INTERVAL.NUMBER,Interval number,,identify,Foundation,,Generated ear-training interval,,high,Tagged
MI-F-039,CLIP-9F02382DF07F,Melody,MEL.INTERVAL.NUMBER,Interval number,,identify,Foundation,,Generated ear-training interval,,high,Tagged
MI-M-001,CLIP-FF90A14BB915,Melody,MEL.INTERVAL.QUALITY,Interval quality,MEL.INTERVAL.NUMBER,identify,Mastering,,Generated ear-training interval,,high,Tagged
MI-M-002,CLIP-33A49A248820,Melody,MEL.INTERVAL.QUALITY,Interval quality,MEL.INTERVAL.NUMBER,identify,Mastering,,Generated ear-training interval,,high,Tagged
MI-M-003,CLIP-87B3B1997579,Melody,MEL.INTERVAL.QUALITY,Interval quality,MEL.INTERVAL.NUMBER,identify,Mastering,,Generated ear-training interval,,high,Tagged
MI-M-004,CLIP-DF4747CDC766,Melody,MEL.INTERVAL.QUALITY,Interval quality,MEL.INTERVAL.NUMBER,identify,Mastering,,Generated ear-training interval,,high,Tagged
MI-M-005,CLIP-57D39FB99ACA,Melody,MEL.INTERVAL.QUALITY,Interval quality,MEL.INTERVAL.NUMBER,identify,Mastering,,Generated ear-training interval,,high,Tagged
MI-M-006,CLIP-80EB25C0BC48,Melody,MEL.INTERVAL.QUALITY,Interval quality,MEL.INTERVAL.NUMBER,identify,Mastering,,Generated ear-training interval,,high,Tagged
MI-M-007,CLIP-E493845D36BC,Melody,MEL.INTERVAL.QUALITY,Interval quality,MEL.INTERVAL.NUMBER,identify,Mastering,,Generated ear-training interval,,high,Tagged
MI-M-008,CLIP-34D1760E6ECF,Melody,MEL.INTERVAL.QUALITY,Interval quality,MEL.INTERVAL.NUMBER,identify,Mastering,,Generated ear-training interval,,high,Tagged
MI-M-009,CLIP-A494B785E88A,Melody,MEL.INTERVAL.QUALITY,Interval quality,MEL.INTERVAL.NUMBER,identify,Mastering,,Generated ear-training interval,,high,Tagged
MI-M-010,CLIP-19DB1567F003,Melody,MEL.INTERVAL.QUALITY,Interval quality,MEL.INTERVAL.NUMBER,identify,Mastering,,Generated ear-training interval,,high,Tagged
MI-M-011,CLIP-2F21E7F7C090,Melody,MEL.INTERVAL.QUALITY,Interval quality,MEL.INTERVAL.NUMBER,identify,Mastering,,Generated ear-training interval,,high,Tagged
MI-M-012,CLIP-99FBE1FD0A14,Melody,MEL.INTERVAL.QUALITY,Interval quality,MEL.INTERVAL.NUMBER,identify,Mastering,,Generated ear-training interval,,high,Tagged
MI-M-013,CLIP-E0DF93960097,Melody,MEL.INTERVAL.QUALITY,Interval quality,MEL.INTERVAL.NUMBER,identify,Mastering,,Generated ear-training interval,,high,Tagged
MI-M-014,CLIP-2327F3193F69,Melody,MEL.INTERVAL.QUALITY,Interval quality,MEL.INTERVAL.NUMBER,identify,Mastering,,Generated ear-training interval,,high,Tagged
MI-M-015,CLIP-B91F13BFD047,Melody,MEL.INTERVAL.QUALITY,Interval quality,MEL.INTERVAL.NUMBER,identify,Mastering,,Generated ear-training interval,,high,Tagged
MI-M-016,CLIP-DA08532E88EC,Melody,MEL.INTERVAL.QUALITY,Interval quality,MEL.INTERVAL.NUMBER,identify,Mastering,,Generated ear-training interval,,high,Tagged
MI-M-017,CLIP-E113AC2E5A31,Melody,MEL.INTERVAL.QUALITY,Interval quality,MEL.INTERVAL.NUMBER,identify,Mastering,,Generated ear-training interval,,high,Tagged
MI-M-018,CLIP-29BF56FE2D6C,Melody,MEL.INTERVAL.QUALITY,Interval quality,MEL.INTERVAL.NUMBER,identify,Mastering,,Generated ear-training interval,,high,Tagged
MI-M-019,CLIP-D2D32A39FF58,Melody,MEL.INTERVAL.QUALITY,Interval quality,MEL.INTERVAL.NUMBER,identify,Mastering,,Generated ear-training interval,,high,Tagged
MI-M-020,CLIP-6D1916C62FBD,Melody,MEL.INTERVAL.QUALITY,Interval quality,MEL.INTERVAL.NUMBER,identify,Mastering,,Generated ear-training interval,,high,Tagged
MI-M-021,CLIP-707CC2BADEB8,Melody,MEL.INTERVAL.QUALITY,Interval quality,MEL.INTERVAL.NUMBER,identify,Mastering,,Generated ear-training interval,,high,Tagged
MI-M-022,CLIP-AD1E59332EC4,Melody,MEL.INTERVAL.QUALITY,Interval quality,MEL.INTERVAL.NUMBER,identify,Mastering,,Generated ear-training interval,,high,Tagged
MI-M-023,CLIP-5188F36C5EA1,Melody,MEL.INTERVAL.QUALITY,Interval quality,MEL.INTERVAL.NUMBER,identify,Mastering,,Generated ear-training interval,,high,Tagged
MI-M-024,CLIP-687AE37A5454,Melody,MEL.INTERVAL.QUALITY,Interval quality,MEL.INTERVAL.NUMBER,identify,Mastering,,Generated ear-training interval,,high,Tagged
MI-M-025,CLIP-A44F1BA7BBC8,Melody,MEL.INTERVAL.QUALITY,Interval quality,MEL.INTERVAL.NUMBER,identify,Mastering,,Generated ear-training interval,,high,Tagged
MI-M-026,CLIP-2329CF8B1986,Melody,MEL.INTERVAL.QUALITY,Interval quality,MEL.INTERVAL.NUMBER,identify,Mastering,,Generated ear-training interval,,high,Tagged
MI-M-027,CLIP-94823CA72B44,Melody,MEL.INTERVAL.QUALITY,Interval quality,MEL.INTERVAL.NUMBER,identify,Mastering,,Generated ear-training interval,,high,Tagged
MI-M-028,CLIP-662A0A36D21F,Melody,MEL.INTERVAL.QUALITY,Interval quality,MEL.INTERVAL.NUMBER,identify,Mastering,,Generated ear-training interval,,high,Tagged
MI-M-029,CLIP-106FD744539F,Melody,MEL.INTERVAL.QUALITY,Interval quality,MEL.INTERVAL.NUMBER,identify,Mastering,,Generated ear-training interval,,high,Tagged
MI-M-030,CLIP-584B1A4734BA,Melody,MEL.INTERVAL.QUALITY,Interval quality,MEL.INTERVAL.NUMBER,identify,Mastering,,Generated ear-training interval,,high,Tagged
MI-M-031,CLIP-CBA449395529,Melody,MEL.INTERVAL.QUALITY,Interval quality,MEL.INTERVAL.NUMBER,identify,Mastering,,Generated ear-training interval,,high,Tagged
MI-M-032,CLIP-369CA710A8B5,Melody,MEL.INTERVAL.QUALITY,Interval quality,MEL.INTERVAL.NUMBER,identify,Mastering,,Generated ear-training interval,,high,Tagged
MI-M-033,CLIP-F22B0998779B,Melody,MEL.INTERVAL.QUALITY,Interval quality,MEL.INTERVAL.NUMBER,identify,Mastering,,Generated ear-training interval,,high,Tagged
MI-M-034,CLIP-9AE4E7B8D385,Melody,MEL.INTERVAL.QUALITY,Interval quality,MEL.INTERVAL.NUMBER,identify,Mastering,,Generated ear-training interval,,high,Tagged
MI-M-035,CLIP-AE64D52857C0,Melody,MEL.INTERVAL.QUALITY,Interval quality,MEL.INTERVAL.NUMBER,identify,Mastering,,Generated ear-training interval,,high,Tagged
MI-M-036,CLIP-4C4CF8BF6643,Melody,MEL.INTERVAL.QUALITY,Interval quality,MEL.INTERVAL.NUMBER,identify,Mastering,,Generated ear-training interval,,high,Tagged
MI-M-037,CLIP-19A0AB441BC0,Melody,MEL.INTERVAL.QUALITY,Interval quality,MEL.INTERVAL.NUMBER,identify,Mastering,,Generated ear-training interval,,high,Tagged
MI-M-038,CLIP-B394355DB8B3,Melody,MEL.INTERVAL.QUALITY,Interval quality,MEL.INTERVAL.NUMBER,identify,Mastering,,Generated ear-training interval,,high,Tagged
MI-M-039,CLIP-1ECEC26BE1DE,Melody,MEL.INTERVAL.QUALITY,Interval quality,MEL.INTERVAL.NUMBER,identify,Mastering,,Generated ear-training interval,,high,Tagged
MI-M-040,CLIP-676B3E4E8F81,Melody,MEL.INTERVAL.QUALITY,Interval quality,MEL.INTERVAL.NUMBER,identify,Mastering,,Generated ear-training interval,,high,Tagged
MI-M-041,CLIP-E836C443B74F,Melody,MEL.INTERVAL.QUALITY,Interval quality,MEL.INTERVAL.NUMBER,identify,Mastering,,Generated ear-training interval,,high,Tagged
MI-M-042,CLIP-4CC36BBE4D41,Melody,MEL.INTERVAL.QUALITY,Interval quality,MEL.INTERVAL.NUMBER,identify,Mastering,,Generated ear-training interval,,high,Tagged
MI-M-043,CLIP-0F45018F427C,Melody,MEL.INTERVAL.QUALITY,Interval quality,MEL.INTERVAL.NUMBER,identify,Mastering,,Generated ear-training interval,,high,Tagged
MI-M-044,CLIP-1077844AA846,Melody,MEL.INTERVAL.QUALITY,Interval quality,MEL.INTERVAL.NUMBER,identify,Mastering,,Generated ear-training interval,,high,Tagged
MI-M-045,CLIP-64E68253C4E7,Melody,MEL.INTERVAL.QUALITY,Interval quality,MEL.INTERVAL.NUMBER,identify,Mastering,,Generated ear-training interval,,high,Tagged
MI-M-046,CLIP-3986F4D1EC56,Melody,MEL.INTERVAL.QUALITY,Interval quality,MEL.INTERVAL.NUMBER,identify,Mastering,,Generated ear-training interval,,high,Tagged
MI-M-047,CLIP-75C20F2E0764,Melody,MEL.INTERVAL.QUALITY,Interval quality,MEL.INTERVAL.NUMBER,identify,Mastering,,Generated ear-training interval,,high,Tagged
MI-M-048,CLIP-624C40CE7B6E,Melody,MEL.INTERVAL.QUALITY,Interval quality,MEL.INTERVAL.NUMBER,identify,Mastering,,Generated ear-training interval,,high,Tagged
MI-M-049,CLIP-9F02382DF07F,Melody,MEL.INTERVAL.QUALITY,Interval quality,MEL.INTERVAL.NUMBER,identify,Mastering,,Generated ear-training interval,,high,Tagged
MI-M-050,CLIP-5ACEF58F7A67,Melody,MEL.INTERVAL.QUALITY,Interval quality,MEL.INTERVAL.NUMBER,identify,Mastering,,Generated ear-training interval,,high,Tagged
MI-M-051,CLIP-A54D2EFB057A,Melody,MEL.INTERVAL.QUALITY,Interval quality,MEL.INTERVAL.NUMBER,identify,Mastering,,Generated ear-training interval,,high,Tagged
MI-M-052,CLIP-EFC3DAE122F6,Melody,MEL.INTERVAL.QUALITY,Interval quality,MEL.INTERVAL.NUMBER,identify,Mastering,,Generated ear-training interval,,high,Tagged
MI-M-053,CLIP-FF90A14BB915,Melody,MEL.INTERVAL.QUALITY,Interval quality,MEL.INTERVAL.NUMBER,identify,Mastering,,Generated ear-training interval,,high,Tagged
MI-M-054,CLIP-A494B785E88A,Melody,MEL.INTERVAL.QUALITY,Interval quality,MEL.INTERVAL.NUMBER,identify,Mastering,,Generated ear-training interval,,high,Tagged
MI-M-055,CLIP-4854131DD101,Melody,MEL.INTERVAL.QUALITY,Interval quality,MEL.INTERVAL.NUMBER,identify,Mastering,,Generated ear-training interval,,high,Tagged
MI-M-056,CLIP-E113AC2E5A31,Melody,MEL.INTERVAL.QUALITY,Interval quality,MEL.INTERVAL.NUMBER,identify,Mastering,,Generated ear-training interval,,high,Tagged
MI-M-057,CLIP-2C21446B6F93,Melody,MEL.INTERVAL.QUALITY,Interval quality,MEL.INTERVAL.NUMBER,identify,Mastering,,Generated ear-training interval,,high,Tagged
MI-M-058,CLIP-4005AEB24617,Melody,MEL.INTERVAL.QUALITY,Interval quality,MEL.INTERVAL.NUMBER,identify,Mastering,,Generated ear-training interval,,high,Tagged
MI-M-059,CLIP-A44F1BA7BBC8,Melody,MEL.INTERVAL.QUALITY,Interval quality,MEL.INTERVAL.NUMBER,identify,Mastering,,Generated ear-training interval,,high,Tagged
MI-M-060,CLIP-416BBD5A1F0E,Melody,MEL.INTERVAL.QUALITY,Interval quality,MEL.INTERVAL.NUMBER,identify,Mastering,,Generated ear-training interval,,high,Tagged
MI-M-061,CLIP-054DDEEB4B3D,Melody,MEL.INTERVAL.QUALITY,Interval quality,MEL.INTERVAL.NUMBER,identify,Mastering,,Generated ear-training interval,,high,Tagged
MI-M-062,CLIP-173A56E80B11,Melody,MEL.INTERVAL.QUALITY,Interval quality,MEL.INTERVAL.NUMBER,identify,Mastering,,Generated ear-training interval,,high,Tagged
MI-M-063,CLIP-369CA710A8B5,Melody,MEL.INTERVAL.QUALITY,Interval quality,MEL.INTERVAL.NUMBER,identify,Mastering,,Generated ear-training interval,,high,Tagged
MI-M-064,CLIP-C607910D8898,Melody,MEL.INTERVAL.QUALITY,Interval quality,MEL.INTERVAL.NUMBER,identify,Mastering,,Generated ear-training interval,,high,Tagged
MI-M-065,CLIP-3DF3A674EC78,Melody,MEL.INTERVAL.QUALITY,Interval quality,MEL.INTERVAL.NUMBER,identify,Mastering,,Generated ear-training interval,,high,Tagged
MI-M-066,CLIP-EB0F18C0212A,Melody,MEL.INTERVAL.QUALITY,Interval quality,MEL.INTERVAL.NUMBER,identify,Mastering,,Generated ear-training interval,,high,Tagged
MI-M-067,CLIP-1732766ED9CA,Melody,MEL.INTERVAL.QUALITY,Interval quality,MEL.INTERVAL.NUMBER,identify,Mastering,,Generated ear-training interval,,high,Tagged
MI-M-068,CLIP-B394355DB8B3,Melody,MEL.INTERVAL.QUALITY,Interval quality,MEL.INTERVAL.NUMBER,identify,Mastering,,Generated ear-training interval,,high,Tagged
MI-M-069,CLIP-2969EC8B1C34,Melody,MEL.INTERVAL.QUALITY,Interval quality,MEL.INTERVAL.NUMBER,identify,Mastering,,Generated ear-training interval,,high,Tagged
MI-M-070,CLIP-36D960DB602A,Melody,MEL.INTERVAL.QUALITY,Interval quality,MEL.INTERVAL.NUMBER,identify,Mastering,,Generated ear-training interval,,high,Tagged
MI-M-071,CLIP-EFBB6B4D4D28,Melody,MEL.INTERVAL.QUALITY,Interval quality,MEL.INTERVAL.NUMBER,identify,Mastering,,Generated ear-training interval,,high,Tagged
MI-M-072,CLIP-550AFF24F04A,Melody,MEL.INTERVAL.QUALITY,Interval quality,MEL.INTERVAL.NUMBER,identify,Mastering,,Generated ear-training interval,,high,Tagged
MI-M-073,CLIP-6BF2F2634734,Melody,MEL.INTERVAL.QUALITY,Interval quality,MEL.INTERVAL.NUMBER,identify,Mastering,,Generated ear-training interval,,high,Tagged
MI-M-074,CLIP-0F45018F427C,Melody,MEL.INTERVAL.QUALITY,Interval quality,MEL.INTERVAL.NUMBER,identify,Mastering,,Generated ear-training interval,,high,Tagged
MI-M-075,CLIP-57A148C6D30C,Melody,MEL.INTERVAL.QUALITY,Interval quality,MEL.INTERVAL.NUMBER,identify,Mastering,,Generated ear-training interval,,high,Tagged
MI-M-076,CLIP-51F4EA1BE573,Melody,MEL.INTERVAL.QUALITY,Interval quality,MEL.INTERVAL.NUMBER,identify,Mastering,,Generated ear-training interval,,high,Tagged
MI-M-077,CLIP-B4CE22C94FC4,Melody,MEL.INTERVAL.QUALITY,Interval quality,MEL.INTERVAL.NUMBER,identify,Mastering,,Generated ear-training interval,,high,Tagged
MI-M-078,CLIP-7BA4AC8E14CB,Melody,MEL.INTERVAL.QUALITY,Interval quality,MEL.INTERVAL.NUMBER,identify,Mastering,,Generated ear-training interval,,high,Tagged
MI-M-079,CLIP-4269B3B5E0B5,Melody,MEL.INTERVAL.QUALITY,Interval quality,MEL.INTERVAL.NUMBER,identify,Mastering,,Generated ear-training interval,,high,Tagged
MI-M-080,CLIP-2B5322F919D4,Melody,MEL.INTERVAL.QUALITY,Interval quality,MEL.INTERVAL.NUMBER,identify,Mastering,,Generated ear-training interval,,high,Tagged
MI-M-081,CLIP-75C20F2E0764,Melody,MEL.INTERVAL.QUALITY,Interval quality,MEL.INTERVAL.NUMBER,identify,Mastering,,Generated ear-training interval,,high,Tagged
MI-M-082,CLIP-D065E4EA438D,Melody,MEL.INTERVAL.QUALITY,Interval quality,MEL.INTERVAL.NUMBER,identify,Mastering,,Generated ear-training interval,,high,Tagged
MI-M-083,CLIP-8BCC3B38A9BC,Melody,MEL.INTERVAL.QUALITY,Interval quality,MEL.INTERVAL.NUMBER,identify,Mastering,,Generated ear-training interval,,high,Tagged
MI-M-084,CLIP-890F00F069F8,Melody,MEL.INTERVAL.QUALITY,Interval quality,MEL.INTERVAL.NUMBER,identify,Mastering,,Generated ear-training interval,,high,Tagged
MI-M-085,CLIP-26ABA172BC96,Melody,MEL.INTERVAL.QUALITY,Interval quality,MEL.INTERVAL.NUMBER,identify,Mastering,,Generated ear-training interval,,high,Tagged
MI-M-086,CLIP-05CA50569C40,Melody,MEL.INTERVAL.QUALITY,Interval quality,MEL.INTERVAL.NUMBER,identify,Mastering,,Generated ear-training interval,,high,Tagged
MI-M-087,CLIP-2CD6E549BFF9,Melody,MEL.INTERVAL.QUALITY,Interval quality,MEL.INTERVAL.NUMBER,identify,Mastering,,Generated ear-training interval,,high,Tagged
MI-M-088,CLIP-12FF0AC2CD96,Melody,MEL.INTERVAL.QUALITY,Interval quality,MEL.INTERVAL.NUMBER,identify,Mastering,,Generated ear-training interval,,high,Tagged
MI-M-089,CLIP-5ACEF58F7A67,Melody,MEL.INTERVAL.QUALITY,Interval quality,MEL.INTERVAL.NUMBER,identify,Mastering,,Generated ear-training interval,,high,Tagged
MI-M-090,CLIP-58ED23C72C9D,Melody,MEL.INTERVAL.QUALITY,Interval quality,MEL.INTERVAL.NUMBER,identify,Mastering,,Generated ear-training interval,,high,Tagged
MI-M-091,CLIP-7A09D04064D8,Melody,MEL.INTERVAL.QUALITY,Interval quality,MEL.INTERVAL.NUMBER,identify,Mastering,,Generated ear-training interval,,high,Tagged
MI-M-092,CLIP-EC0AAD34EDA1,Melody,MEL.INTERVAL.QUALITY,Interval quality,MEL.INTERVAL.NUMBER,identify,Mastering,,Generated ear-training interval,,high,Tagged
MI-M-093,CLIP-2B1891BA07A3,Melody,MEL.INTERVAL.QUALITY,Interval quality,MEL.INTERVAL.NUMBER,identify,Mastering,,Generated ear-training interval,,high,Tagged
MI-M-094,CLIP-FE5C07958BAC,Melody,MEL.INTERVAL.QUALITY,Interval quality,MEL.INTERVAL.NUMBER,identify,Mastering,,Generated ear-training interval,,high,Tagged
MI-M-095,CLIP-ADFBD348022A,Melody,MEL.INTERVAL.QUALITY,Interval quality,MEL.INTERVAL.NUMBER,identify,Mastering,,Generated ear-training interval,,high,Tagged
MI-M-096,CLIP-80BBC8C616E4,Melody,MEL.INTERVAL.QUALITY,Interval quality,MEL.INTERVAL.NUMBER,identify,Mastering,,Generated ear-training interval,,high,Tagged
MI-M-097,CLIP-EFC3DAE122F6,Melody,MEL.INTERVAL.QUALITY,Interval quality,MEL.INTERVAL.NUMBER,identify,Mastering,,Generated ear-training interval,,high,Tagged
MI-M-098,CLIP-3AA5815D2BB3,Melody,MEL.INTERVAL.QUALITY,Interval quality,MEL.INTERVAL.NUMBER,identify,Mastering,,Generated ear-training interval,,high,Tagged
MI-M-099,CLIP-33403F045684,Melody,MEL.INTERVAL.QUALITY,Interval quality,MEL.INTERVAL.NUMBER,identify,Mastering,,Generated ear-training interval,,high,Tagged
MI-M-100,CLIP-9617A9CBBDF6,Melody,MEL.INTERVAL.QUALITY,Interval quality,MEL.INTERVAL.NUMBER,identify,Mastering,,Generated ear-training interval,,high,Tagged
MI-M-101,CLIP-77BA98ACC65E,Melody,MEL.INTERVAL.QUALITY,Interval quality,MEL.INTERVAL.NUMBER,identify,Mastering,,Generated ear-training interval,,high,Tagged
MI-M-102,CLIP-6A58D561B588,Melody,MEL.INTERVAL.QUALITY,Interval quality,MEL.INTERVAL.NUMBER,identify,Mastering,,Generated ear-training interval,,high,Tagged
MI-M-103,CLIP-DFBBF9837B0D,Melody,MEL.INTERVAL.QUALITY,Interval quality,MEL.INTERVAL.NUMBER,identify,Mastering,,Generated ear-training interval,,high,Tagged
MI-M-104,CLIP-C6BF016EEAFE,Melody,MEL.INTERVAL.QUALITY,Interval quality,MEL.INTERVAL.NUMBER,identify,Mastering,,Generated ear-training interval,,high,Tagged
MI-M-105,CLIP-FF90A14BB915,Melody,MEL.INTERVAL.QUALITY,Interval quality,MEL.INTERVAL.NUMBER,identify,Mastering,,Generated ear-training interval,,high,Tagged
MI-M-106,CLIP-33A49A248820,Melody,MEL.INTERVAL.QUALITY,Interval quality,MEL.INTERVAL.NUMBER,identify,Mastering,,Generated ear-training interval,,high,Tagged
MI-M-107,CLIP-87B3B1997579,Melody,MEL.INTERVAL.QUALITY,Interval quality,MEL.INTERVAL.NUMBER,identify,Mastering,,Generated ear-training interval,,high,Tagged
MI-M-108,CLIP-77C6B89FA7B3,Melody,MEL.INTERVAL.QUALITY,Interval quality,MEL.INTERVAL.NUMBER,identify,Mastering,,Generated ear-training interval,,high,Tagged
MI-M-109,CLIP-57D39FB99ACA,Melody,MEL.INTERVAL.QUALITY,Interval quality,MEL.INTERVAL.NUMBER,identify,Mastering,,Generated ear-training interval,,high,Tagged
MI-M-110,CLIP-80EB25C0BC48,Melody,MEL.INTERVAL.QUALITY,Interval quality,MEL.INTERVAL.NUMBER,identify,Mastering,,Generated ear-training interval,,high,Tagged
MI-M-111,CLIP-E493845D36BC,Melody,MEL.INTERVAL.QUALITY,Interval quality,MEL.INTERVAL.NUMBER,identify,Mastering,,Generated ear-training interval,,high,Tagged
MI-M-112,CLIP-34D1760E6ECF,Melody,MEL.INTERVAL.QUALITY,Interval quality,MEL.INTERVAL.NUMBER,identify,Mastering,,Generated ear-training interval,,high,Tagged
MI-M-113,CLIP-A494B785E88A,Melody,MEL.INTERVAL.QUALITY,Interval quality,MEL.INTERVAL.NUMBER,identify,Mastering,,Generated ear-training interval,,high,Tagged
MI-M-114,CLIP-19DB1567F003,Melody,MEL.INTERVAL.QUALITY,Interval quality,MEL.INTERVAL.NUMBER,identify,Mastering,,Generated ear-training interval,,high,Tagged
MI-M-115,CLIP-5463C2CAB12A,Melody,MEL.INTERVAL.QUALITY,Interval quality,MEL.INTERVAL.NUMBER,identify,Mastering,,Generated ear-training interval,,high,Tagged
MI-M-116,CLIP-99FBE1FD0A14,Melody,MEL.INTERVAL.QUALITY,Interval quality,MEL.INTERVAL.NUMBER,identify,Mastering,,Generated ear-training interval,,high,Tagged
MI-M-117,CLIP-E0DF93960097,Melody,MEL.INTERVAL.QUALITY,Interval quality,MEL.INTERVAL.NUMBER,identify,Mastering,,Generated ear-training interval,,high,Tagged
MI-M-118,CLIP-2327F3193F69,Melody,MEL.INTERVAL.QUALITY,Interval quality,MEL.INTERVAL.NUMBER,identify,Mastering,,Generated ear-training interval,,high,Tagged
MI-M-119,CLIP-B91F13BFD047,Melody,MEL.INTERVAL.QUALITY,Interval quality,MEL.INTERVAL.NUMBER,identify,Mastering,,Generated ear-training interval,,high,Tagged
MI-M-120,CLIP-DA08532E88EC,Melody,MEL.INTERVAL.QUALITY,Interval quality,MEL.INTERVAL.NUMBER,identify,Mastering,,Generated ear-training interval,,high,Tagged
MI-M-121,CLIP-E113AC2E5A31,Melody,MEL.INTERVAL.QUALITY,Interval quality,MEL.INTERVAL.NUMBER,identify,Mastering,,Generated ear-training interval,,high,Tagged
MI-M-122,CLIP-0184D6A66619,Melody,MEL.INTERVAL.QUALITY,Interval quality,MEL.INTERVAL.NUMBER,identify,Mastering,,Generated ear-training interval,,high,Tagged
MI-M-123,CLIP-D2D32A39FF58,Melody,MEL.INTERVAL.QUALITY,Interval quality,MEL.INTERVAL.NUMBER,identify,Mastering,,Generated ear-training interval,,high,Tagged
MI-M-124,CLIP-6D1916C62FBD,Melody,MEL.INTERVAL.QUALITY,Interval quality,MEL.INTERVAL.NUMBER,identify,Mastering,,Generated ear-training interval,,high,Tagged
MI-M-125,CLIP-707CC2BADEB8,Melody,MEL.INTERVAL.QUALITY,Interval quality,MEL.INTERVAL.NUMBER,identify,Mastering,,Generated ear-training interval,,high,Tagged
MI-M-126,CLIP-AD1E59332EC4,Melody,MEL.INTERVAL.QUALITY,Interval quality,MEL.INTERVAL.NUMBER,identify,Mastering,,Generated ear-training interval,,high,Tagged
MI-M-127,CLIP-5188F36C5EA1,Melody,MEL.INTERVAL.QUALITY,Interval quality,MEL.INTERVAL.NUMBER,identify,Mastering,,Generated ear-training interval,,high,Tagged
MI-M-128,CLIP-687AE37A5454,Melody,MEL.INTERVAL.QUALITY,Interval quality,MEL.INTERVAL.NUMBER,identify,Mastering,,Generated ear-training interval,,high,Tagged
MI-M-129,CLIP-45E4DA13B791,Melody,MEL.INTERVAL.QUALITY,Interval quality,MEL.INTERVAL.NUMBER,identify,Mastering,,Generated ear-training interval,,high,Tagged
MI-M-130,CLIP-036829455C2C,Melody,MEL.INTERVAL.QUALITY,Interval quality,MEL.INTERVAL.NUMBER,identify,Mastering,,Generated ear-training interval,,high,Tagged
MI-M-131,CLIP-68515C29EA4B,Melody,MEL.INTERVAL.QUALITY,Interval quality,MEL.INTERVAL.NUMBER,identify,Mastering,,Generated ear-training interval,,high,Tagged
MI-M-132,CLIP-A22836756C52,Melody,MEL.INTERVAL.QUALITY,Interval quality,MEL.INTERVAL.NUMBER,identify,Mastering,,Generated ear-training interval,,high,Tagged
MI-M-133,CLIP-9E5B9AD6F415,Melody,MEL.INTERVAL.QUALITY,Interval quality,MEL.INTERVAL.NUMBER,identify,Mastering,,Generated ear-training interval,,high,Tagged
MI-M-134,CLIP-54AE2272D186,Melody,MEL.INTERVAL.QUALITY,Interval quality,MEL.INTERVAL.NUMBER,identify,Mastering,,Generated ear-training interval,,high,Tagged
MI-M-135,CLIP-957481286263,Melody,MEL.INTERVAL.QUALITY,Interval quality,MEL.INTERVAL.NUMBER,identify,Mastering,,Generated ear-training interval,,high,Tagged
MI-M-136,CLIP-369CA710A8B5,Melody,MEL.INTERVAL.QUALITY,Interval quality,MEL.INTERVAL.NUMBER,identify,Mastering,,Generated ear-training interval,,high,Tagged
MI-M-137,CLIP-F22B0998779B,Melody,MEL.INTERVAL.QUALITY,Interval quality,MEL.INTERVAL.NUMBER,identify,Mastering,,Generated ear-training interval,,high,Tagged
MI-M-138,CLIP-9AE4E7B8D385,Melody,MEL.INTERVAL.QUALITY,Interval quality,MEL.INTERVAL.NUMBER,identify,Mastering,,Generated ear-training interval,,high,Tagged
MI-M-139,CLIP-AE64D52857C0,Melody,MEL.INTERVAL.QUALITY,Interval quality,MEL.INTERVAL.NUMBER,identify,Mastering,,Generated ear-training interval,,high,Tagged
MI-M-140,CLIP-4C4CF8BF6643,Melody,MEL.INTERVAL.QUALITY,Interval quality,MEL.INTERVAL.NUMBER,identify,Mastering,,Generated ear-training interval,,high,Tagged
MI-M-141,CLIP-19A0AB441BC0,Melody,MEL.INTERVAL.QUALITY,Interval quality,MEL.INTERVAL.NUMBER,identify,Mastering,,Generated ear-training interval,,high,Tagged
MI-M-142,CLIP-B394355DB8B3,Melody,MEL.INTERVAL.QUALITY,Interval quality,MEL.INTERVAL.NUMBER,identify,Mastering,,Generated ear-training interval,,high,Tagged
MI-M-143,CLIP-1ECEC26BE1DE,Melody,MEL.INTERVAL.QUALITY,Interval quality,MEL.INTERVAL.NUMBER,identify,Mastering,,Generated ear-training interval,,high,Tagged
MI-M-144,CLIP-676B3E4E8F81,Melody,MEL.INTERVAL.QUALITY,Interval quality,MEL.INTERVAL.NUMBER,identify,Mastering,,Generated ear-training interval,,high,Tagged
MI-M-145,CLIP-E836C443B74F,Melody,MEL.INTERVAL.QUALITY,Interval quality,MEL.INTERVAL.NUMBER,identify,Mastering,,Generated ear-training interval,,high,Tagged
MI-M-146,CLIP-4CC36BBE4D41,Melody,MEL.INTERVAL.QUALITY,Interval quality,MEL.INTERVAL.NUMBER,identify,Mastering,,Generated ear-training interval,,high,Tagged
MI-M-147,CLIP-0F45018F427C,Melody,MEL.INTERVAL.QUALITY,Interval quality,MEL.INTERVAL.NUMBER,identify,Mastering,,Generated ear-training interval,,high,Tagged
MI-M-148,CLIP-1077844AA846,Melody,MEL.INTERVAL.QUALITY,Interval quality,MEL.INTERVAL.NUMBER,identify,Mastering,,Generated ear-training interval,,high,Tagged
MI-M-149,CLIP-64E68253C4E7,Melody,MEL.INTERVAL.QUALITY,Interval quality,MEL.INTERVAL.NUMBER,identify,Mastering,,Generated ear-training interval,,high,Tagged
MI-M-150,CLIP-3986F4D1EC56,Melody,MEL.INTERVAL.QUALITY,Interval quality,MEL.INTERVAL.NUMBER,identify,Mastering,,Generated ear-training interval,,high,Tagged
MI-M-151,CLIP-75C20F2E0764,Melody,MEL.INTERVAL.QUALITY,Interval quality,MEL.INTERVAL.NUMBER,identify,Mastering,,Generated ear-training interval,,high,Tagged
MI-M-152,CLIP-624C40CE7B6E,Melody,MEL.INTERVAL.QUALITY,Interval quality,MEL.INTERVAL.NUMBER,identify,Mastering,,Generated ear-training interval,,high,Tagged
MI-M-153,CLIP-9F02382DF07F,Melody,MEL.INTERVAL.QUALITY,Interval quality,MEL.INTERVAL.NUMBER,identify,Mastering,,Generated ear-training interval,,high,Tagged
MI-M-154,CLIP-5ACEF58F7A67,Melody,MEL.INTERVAL.QUALITY,Interval quality,MEL.INTERVAL.NUMBER,identify,Mastering,,Generated ear-training interval,,high,Tagged
MI-M-155,CLIP-A54D2EFB057A,Melody,MEL.INTERVAL.QUALITY,Interval quality,MEL.INTERVAL.NUMBER,identify,Mastering,,Generated ear-training interval,,high,Tagged
MI-M-156,CLIP-EFC3DAE122F6,Melody,MEL.INTERVAL.QUALITY,Interval quality,MEL.INTERVAL.NUMBER,identify,Mastering,,Generated ear-training interval,,high,Tagged
MI-M-157,CLIP-FF90A14BB915,Melody,MEL.INTERVAL.QUALITY,Interval quality,MEL.INTERVAL.NUMBER,identify,Mastering,,Generated ear-training interval,,high,Tagged
MI-M-158,CLIP-A494B785E88A,Melody,MEL.INTERVAL.QUALITY,Interval quality,MEL.INTERVAL.NUMBER,identify,Mastering,,Generated ear-training interval,,high,Tagged
MI-M-159,CLIP-4854131DD101,Melody,MEL.INTERVAL.QUALITY,Interval quality,MEL.INTERVAL.NUMBER,identify,Mastering,,Generated ear-training interval,,high,Tagged
MI-M-160,CLIP-E113AC2E5A31,Melody,MEL.INTERVAL.QUALITY,Interval quality,MEL.INTERVAL.NUMBER,identify,Mastering,,Generated ear-training interval,,high,Tagged
MI-M-161,CLIP-2C21446B6F93,Melody,MEL.INTERVAL.QUALITY,Interval quality,MEL.INTERVAL.NUMBER,identify,Mastering,,Generated ear-training interval,,high,Tagged
MI-M-162,CLIP-4005AEB24617,Melody,MEL.INTERVAL.QUALITY,Interval quality,MEL.INTERVAL.NUMBER,identify,Mastering,,Generated ear-training interval,,high,Tagged
MI-M-163,CLIP-45E4DA13B791,Melody,MEL.INTERVAL.QUALITY,Interval quality,MEL.INTERVAL.NUMBER,identify,Mastering,,Generated ear-training interval,,high,Tagged
MI-M-164,CLIP-AACE757DD446,Melody,MEL.INTERVAL.QUALITY,Interval quality,MEL.INTERVAL.NUMBER,identify,Mastering,,Generated ear-training interval,,high,Tagged
MI-M-165,CLIP-5E87D453DCBB,Melody,MEL.INTERVAL.QUALITY,Interval quality,MEL.INTERVAL.NUMBER,identify,Mastering,,Generated ear-training interval,,high,Tagged
MI-M-166,CLIP-A6601168B303,Melody,MEL.INTERVAL.QUALITY,Interval quality,MEL.INTERVAL.NUMBER,identify,Mastering,,Generated ear-training interval,,high,Tagged
MI-M-167,CLIP-369CA710A8B5,Melody,MEL.INTERVAL.QUALITY,Interval quality,MEL.INTERVAL.NUMBER,identify,Mastering,,Generated ear-training interval,,high,Tagged
MI-M-168,CLIP-0D0BF4608038,Melody,MEL.INTERVAL.QUALITY,Interval quality,MEL.INTERVAL.NUMBER,identify,Mastering,,Generated ear-training interval,,high,Tagged
MI-M-169,CLIP-3DF3A674EC78,Melody,MEL.INTERVAL.QUALITY,Interval quality,MEL.INTERVAL.NUMBER,identify,Mastering,,Generated ear-training interval,,high,Tagged
MI-M-170,CLIP-EB0F18C0212A,Melody,MEL.INTERVAL.QUALITY,Interval quality,MEL.INTERVAL.NUMBER,identify,Mastering,,Generated ear-training interval,,high,Tagged
MI-M-171,CLIP-1732766ED9CA,Melody,MEL.INTERVAL.QUALITY,Interval quality,MEL.INTERVAL.NUMBER,identify,Mastering,,Generated ear-training interval,,high,Tagged
MI-M-172,CLIP-B394355DB8B3,Melody,MEL.INTERVAL.QUALITY,Interval quality,MEL.INTERVAL.NUMBER,identify,Mastering,,Generated ear-training interval,,high,Tagged
MI-M-173,CLIP-2969EC8B1C34,Melody,MEL.INTERVAL.QUALITY,Interval quality,MEL.INTERVAL.NUMBER,identify,Mastering,,Generated ear-training interval,,high,Tagged
MI-M-174,CLIP-DF1C97C8E44F,Melody,MEL.INTERVAL.QUALITY,Interval quality,MEL.INTERVAL.NUMBER,identify,Mastering,,Generated ear-training interval,,high,Tagged
MI-M-175,CLIP-EFBB6B4D4D28,Melody,MEL.INTERVAL.QUALITY,Interval quality,MEL.INTERVAL.NUMBER,identify,Mastering,,Generated ear-training interval,,high,Tagged
MI-M-176,CLIP-550AFF24F04A,Melody,MEL.INTERVAL.QUALITY,Interval quality,MEL.INTERVAL.NUMBER,identify,Mastering,,Generated ear-training interval,,high,Tagged
MI-M-177,CLIP-6BF2F2634734,Melody,MEL.INTERVAL.QUALITY,Interval quality,MEL.INTERVAL.NUMBER,identify,Mastering,,Generated ear-training interval,,high,Tagged
MI-M-178,CLIP-0F45018F427C,Melody,MEL.INTERVAL.QUALITY,Interval quality,MEL.INTERVAL.NUMBER,identify,Mastering,,Generated ear-training interval,,high,Tagged
MI-M-179,CLIP-57A148C6D30C,Melody,MEL.INTERVAL.QUALITY,Interval quality,MEL.INTERVAL.NUMBER,identify,Mastering,,Generated ear-training interval,,high,Tagged
MI-M-180,CLIP-51F4EA1BE573,Melody,MEL.INTERVAL.QUALITY,Interval quality,MEL.INTERVAL.NUMBER,identify,Mastering,,Generated ear-training interval,,high,Tagged
MI-M-181,CLIP-8ED8CD53D031,Melody,MEL.INTERVAL.QUALITY,Interval quality,MEL.INTERVAL.NUMBER,identify,Mastering,,Generated ear-training interval,,high,Tagged
MI-M-182,CLIP-7BA4AC8E14CB,Melody,MEL.INTERVAL.QUALITY,Interval quality,MEL.INTERVAL.NUMBER,identify,Mastering,,Generated ear-training interval,,high,Tagged
MI-M-183,CLIP-4269B3B5E0B5,Melody,MEL.INTERVAL.QUALITY,Interval quality,MEL.INTERVAL.NUMBER,identify,Mastering,,Generated ear-training interval,,high,Tagged
MI-M-184,CLIP-2B5322F919D4,Melody,MEL.INTERVAL.QUALITY,Interval quality,MEL.INTERVAL.NUMBER,identify,Mastering,,Generated ear-training interval,,high,Tagged
MI-M-185,CLIP-75C20F2E0764,Melody,MEL.INTERVAL.QUALITY,Interval quality,MEL.INTERVAL.NUMBER,identify,Mastering,,Generated ear-training interval,,high,Tagged
MI-M-186,CLIP-D065E4EA438D,Melody,MEL.INTERVAL.QUALITY,Interval quality,MEL.INTERVAL.NUMBER,identify,Mastering,,Generated ear-training interval,,high,Tagged
MI-M-187,CLIP-8BCC3B38A9BC,Melody,MEL.INTERVAL.QUALITY,Interval quality,MEL.INTERVAL.NUMBER,identify,Mastering,,Generated ear-training interval,,high,Tagged
MI-M-188,CLIP-890F00F069F8,Melody,MEL.INTERVAL.QUALITY,Interval quality,MEL.INTERVAL.NUMBER,identify,Mastering,,Generated ear-training interval,,high,Tagged
MI-M-189,CLIP-4E9AE763AD2A,Melody,MEL.INTERVAL.QUALITY,Interval quality,MEL.INTERVAL.NUMBER,identify,Mastering,,Generated ear-training interval,,high,Tagged
MI-M-190,CLIP-05CA50569C40,Melody,MEL.INTERVAL.QUALITY,Interval quality,MEL.INTERVAL.NUMBER,identify,Mastering,,Generated ear-training interval,,high,Tagged
MI-M-191,CLIP-2CD6E549BFF9,Melody,MEL.INTERVAL.QUALITY,Interval quality,MEL.INTERVAL.NUMBER,identify,Mastering,,Generated ear-training interval,,high,Tagged
MI-M-192,CLIP-12FF0AC2CD96,Melody,MEL.INTERVAL.QUALITY,Interval quality,MEL.INTERVAL.NUMBER,identify,Mastering,,Generated ear-training interval,,high,Tagged
MI-M-193,CLIP-5ACEF58F7A67,Melody,MEL.INTERVAL.QUALITY,Interval quality,MEL.INTERVAL.NUMBER,identify,Mastering,,Generated ear-training interval,,high,Tagged
MI-M-194,CLIP-58ED23C72C9D,Melody,MEL.INTERVAL.QUALITY,Interval quality,MEL.INTERVAL.NUMBER,identify,Mastering,,Generated ear-training interval,,high,Tagged
MI-M-195,CLIP-7A09D04064D8,Melody,MEL.INTERVAL.QUALITY,Interval quality,MEL.INTERVAL.NUMBER,identify,Mastering,,Generated ear-training interval,,high,Tagged
MI-M-196,CLIP-EC0AAD34EDA1,Melody,MEL.INTERVAL.QUALITY,Interval quality,MEL.INTERVAL.NUMBER,identify,Mastering,,Generated ear-training interval,,high,Tagged
MI-M-197,CLIP-2B1891BA07A3,Melody,MEL.INTERVAL.QUALITY,Interval quality,MEL.INTERVAL.NUMBER,identify,Mastering,,Generated ear-training interval,,high,Tagged
MI-M-198,CLIP-1E99F3D4446D,Melody,MEL.INTERVAL.QUALITY,Interval quality,MEL.INTERVAL.NUMBER,identify,Mastering,,Generated ear-training interval,,high,Tagged
MI-M-199,CLIP-ADFBD348022A,Melody,MEL.INTERVAL.QUALITY,Interval quality,MEL.INTERVAL.NUMBER,identify,Mastering,,Generated ear-training interval,,high,Tagged
MI-M-200,CLIP-80BBC8C616E4,Melody,MEL.INTERVAL.QUALITY,Interval quality,MEL.INTERVAL.NUMBER,identify,Mastering,,Generated ear-training interval,,high,Tagged
MI-M-201,CLIP-EFC3DAE122F6,Melody,MEL.INTERVAL.QUALITY,Interval quality,MEL.INTERVAL.NUMBER,identify,Mastering,,Generated ear-training interval,,high,Tagged
MI-M-202,CLIP-3AA5815D2BB3,Melody,MEL.INTERVAL.QUALITY,Interval quality,MEL.INTERVAL.NUMBER,identify,Mastering,,Generated ear-training interval,,high,Tagged
MI-M-203,CLIP-33403F045684,Melody,MEL.INTERVAL.QUALITY,Interval quality,MEL.INTERVAL.NUMBER,identify,Mastering,,Generated ear-training interval,,high,Tagged
MI-M-204,CLIP-9617A9CBBDF6,Melody,MEL.INTERVAL.QUALITY,Interval quality,MEL.INTERVAL.NUMBER,identify,Mastering,,Generated ear-training interval,,high,Tagged
MI-M-205,CLIP-77BA98ACC65E,Melody,MEL.INTERVAL.QUALITY,Interval quality,MEL.INTERVAL.NUMBER,identify,Mastering,,Generated ear-training interval,,high,Tagged
MI-M-206,CLIP-6A58D561B588,Melody,MEL.INTERVAL.QUALITY,Interval quality,MEL.INTERVAL.NUMBER,identify,Mastering,,Generated ear-training interval,,high,Tagged
MI-M-207,CLIP-956EBCC86656,Melody,MEL.INTERVAL.QUALITY,Interval quality,MEL.INTERVAL.NUMBER,identify,Mastering,,Generated ear-training interval,,high,Tagged
MI-M-208,CLIP-C6BF016EEAFE,Melody,MEL.INTERVAL.QUALITY,Interval quality,MEL.INTERVAL.NUMBER,identify,Mastering,,Generated ear-training interval,,high,Tagged
MI-M-209,CLIP-5C68D32AC90A,Melody,MEL.INTERVAL.QUALITY,Interval quality,MEL.INTERVAL.NUMBER,identify,Mastering,,Generated ear-training interval,,high,Tagged
MI-M-210,CLIP-6B7EA76D1048,Melody,MEL.INTERVAL.QUALITY,Interval quality,MEL.INTERVAL.NUMBER,identify,Mastering,,Generated ear-training interval,,high,Tagged
MI-M-211,CLIP-121B1C972C49,Melody,MEL.INTERVAL.QUALITY,Interval quality,MEL.INTERVAL.NUMBER,identify,Mastering,,Generated ear-training interval,,high,Tagged
MI-M-212,CLIP-FBF3315DB7BE,Melody,MEL.INTERVAL.QUALITY,Interval quality,MEL.INTERVAL.NUMBER,identify,Mastering,,Generated ear-training interval,,high,Tagged
MI-M-213,CLIP-FABECBCE8C51,Melody,MEL.INTERVAL.QUALITY,Interval quality,MEL.INTERVAL.NUMBER,identify,Mastering,,Generated ear-training interval,,high,Tagged
MI-M-214,CLIP-A14A3C09CC80,Melody,MEL.INTERVAL.QUALITY,Interval quality,MEL.INTERVAL.NUMBER,identify,Mastering,,Generated ear-training interval,,high,Tagged
MI-M-215,CLIP-08F79419BBAE,Melody,MEL.INTERVAL.QUALITY,Interval quality,MEL.INTERVAL.NUMBER,identify,Mastering,,Generated ear-training interval,,high,Tagged
MI-M-216,CLIP-E31C5AAF1D15,Melody,MEL.INTERVAL.QUALITY,Interval quality,MEL.INTERVAL.NUMBER,identify,Mastering,,Generated ear-training interval,,high,Tagged
MI-M-217,CLIP-A494B785E88A,Melody,MEL.INTERVAL.QUALITY,Interval quality,MEL.INTERVAL.NUMBER,identify,Mastering,,Generated ear-training interval,,high,Tagged
MI-M-218,CLIP-19DB1567F003,Melody,MEL.INTERVAL.QUALITY,Interval quality,MEL.INTERVAL.NUMBER,identify,Mastering,,Generated ear-training interval,,high,Tagged
MI-M-219,CLIP-5463C2CAB12A,Melody,MEL.INTERVAL.QUALITY,Interval quality,MEL.INTERVAL.NUMBER,identify,Mastering,,Generated ear-training interval,,high,Tagged
MI-M-220,CLIP-99FBE1FD0A14,Melody,MEL.INTERVAL.QUALITY,Interval quality,MEL.INTERVAL.NUMBER,identify,Mastering,,Generated ear-training interval,,high,Tagged
MI-M-221,CLIP-E0DF93960097,Melody,MEL.INTERVAL.QUALITY,Interval quality,MEL.INTERVAL.NUMBER,identify,Mastering,,Generated ear-training interval,,high,Tagged
MI-M-222,CLIP-2327F3193F69,Melody,MEL.INTERVAL.QUALITY,Interval quality,MEL.INTERVAL.NUMBER,identify,Mastering,,Generated ear-training interval,,high,Tagged
MI-M-223,CLIP-DB17BE02C511,Melody,MEL.INTERVAL.QUALITY,Interval quality,MEL.INTERVAL.NUMBER,identify,Mastering,,Generated ear-training interval,,high,Tagged
MI-M-224,CLIP-DA08532E88EC,Melody,MEL.INTERVAL.QUALITY,Interval quality,MEL.INTERVAL.NUMBER,identify,Mastering,,Generated ear-training interval,,high,Tagged
MI-M-225,CLIP-E113AC2E5A31,Melody,MEL.INTERVAL.QUALITY,Interval quality,MEL.INTERVAL.NUMBER,identify,Mastering,,Generated ear-training interval,,high,Tagged
MI-M-226,CLIP-0184D6A66619,Melody,MEL.INTERVAL.QUALITY,Interval quality,MEL.INTERVAL.NUMBER,identify,Mastering,,Generated ear-training interval,,high,Tagged
MI-M-227,CLIP-D2D32A39FF58,Melody,MEL.INTERVAL.QUALITY,Interval quality,MEL.INTERVAL.NUMBER,identify,Mastering,,Generated ear-training interval,,high,Tagged
MI-M-228,CLIP-6D1916C62FBD,Melody,MEL.INTERVAL.QUALITY,Interval quality,MEL.INTERVAL.NUMBER,identify,Mastering,,Generated ear-training interval,,high,Tagged
MI-M-229,CLIP-707CC2BADEB8,Melody,MEL.INTERVAL.QUALITY,Interval quality,MEL.INTERVAL.NUMBER,identify,Mastering,,Generated ear-training interval,,high,Tagged
MI-M-230,CLIP-4C7F459EAC0D,Melody,MEL.INTERVAL.QUALITY,Interval quality,MEL.INTERVAL.NUMBER,identify,Mastering,,Generated ear-training interval,,high,Tagged
MI-M-231,CLIP-5188F36C5EA1,Melody,MEL.INTERVAL.QUALITY,Interval quality,MEL.INTERVAL.NUMBER,identify,Mastering,,Generated ear-training interval,,high,Tagged
MI-M-232,CLIP-687AE37A5454,Melody,MEL.INTERVAL.QUALITY,Interval quality,MEL.INTERVAL.NUMBER,identify,Mastering,,Generated ear-training interval,,high,Tagged
MI-M-233,CLIP-45E4DA13B791,Melody,MEL.INTERVAL.QUALITY,Interval quality,MEL.INTERVAL.NUMBER,identify,Mastering,,Generated ear-training interval,,high,Tagged
MI-M-234,CLIP-036829455C2C,Melody,MEL.INTERVAL.QUALITY,Interval quality,MEL.INTERVAL.NUMBER,identify,Mastering,,Generated ear-training interval,,high,Tagged
MI-M-235,CLIP-68515C29EA4B,Melody,MEL.INTERVAL.QUALITY,Interval quality,MEL.INTERVAL.NUMBER,identify,Mastering,,Generated ear-training interval,,high,Tagged
MI-M-236,CLIP-A22836756C52,Melody,MEL.INTERVAL.QUALITY,Interval quality,MEL.INTERVAL.NUMBER,identify,Mastering,,Generated ear-training interval,,high,Tagged
MI-M-237,CLIP-A5E0BD6CD909,Melody,MEL.INTERVAL.QUALITY,Interval quality,MEL.INTERVAL.NUMBER,identify,Mastering,,Generated ear-training interval,,high,Tagged
MI-M-238,CLIP-54AE2272D186,Melody,MEL.INTERVAL.QUALITY,Interval quality,MEL.INTERVAL.NUMBER,identify,Mastering,,Generated ear-training interval,,high,Tagged
MI-M-239,CLIP-957481286263,Melody,MEL.INTERVAL.QUALITY,Interval quality,MEL.INTERVAL.NUMBER,identify,Mastering,,Generated ear-training interval,,high,Tagged
MI-M-240,CLIP-369CA710A8B5,Melody,MEL.INTERVAL.QUALITY,Interval quality,MEL.INTERVAL.NUMBER,identify,Mastering,,Generated ear-training interval,,high,Tagged
MI-M-241,CLIP-F22B0998779B,Melody,MEL.INTERVAL.QUALITY,Interval quality,MEL.INTERVAL.NUMBER,identify,Mastering,,Generated ear-training interval,,high,Tagged
MI-M-242,CLIP-9AE4E7B8D385,Melody,MEL.INTERVAL.QUALITY,Interval quality,MEL.INTERVAL.NUMBER,identify,Mastering,,Generated ear-training interval,,high,Tagged
MI-M-243,CLIP-D747B77A482C,Melody,MEL.INTERVAL.QUALITY,Interval quality,MEL.INTERVAL.NUMBER,identify,Mastering,,Generated ear-training interval,,high,Tagged
MI-M-244,CLIP-4C4CF8BF6643,Melody,MEL.INTERVAL.QUALITY,Interval quality,MEL.INTERVAL.NUMBER,identify,Mastering,,Generated ear-training interval,,high,Tagged
MI-M-245,CLIP-19A0AB441BC0,Melody,MEL.INTERVAL.QUALITY,Interval quality,MEL.INTERVAL.NUMBER,identify,Mastering,,Generated ear-training interval,,high,Tagged
MI-M-246,CLIP-B394355DB8B3,Melody,MEL.INTERVAL.QUALITY,Interval quality,MEL.INTERVAL.NUMBER,identify,Mastering,,Generated ear-training interval,,high,Tagged
MI-M-247,CLIP-1ECEC26BE1DE,Melody,MEL.INTERVAL.QUALITY,Interval quality,MEL.INTERVAL.NUMBER,identify,Mastering,,Generated ear-training interval,,high,Tagged
MI-M-248,CLIP-DC046A140D84,Melody,MEL.INTERVAL.QUALITY,Interval quality,MEL.INTERVAL.NUMBER,identify,Mastering,,Generated ear-training interval,,high,Tagged
MI-M-249,CLIP-E836C443B74F,Melody,MEL.INTERVAL.QUALITY,Interval quality,MEL.INTERVAL.NUMBER,identify,Mastering,,Generated ear-training interval,,high,Tagged
MI-M-250,CLIP-4CC36BBE4D41,Melody,MEL.INTERVAL.QUALITY,Interval quality,MEL.INTERVAL.NUMBER,identify,Mastering,,Generated ear-training interval,,high,Tagged
MI-M-251,CLIP-0F45018F427C,Melody,MEL.INTERVAL.QUALITY,Interval quality,MEL.INTERVAL.NUMBER,identify,Mastering,,Generated ear-training interval,,high,Tagged
MI-M-252,CLIP-5AC8B1302957,Melody,MEL.INTERVAL.QUALITY,Interval quality,MEL.INTERVAL.NUMBER,identify,Mastering,,Generated ear-training interval,,high,Tagged
MI-M-253,CLIP-64E68253C4E7,Melody,MEL.INTERVAL.QUALITY,Interval quality,MEL.INTERVAL.NUMBER,identify,Mastering,,Generated ear-training interval,,high,Tagged
MI-M-254,CLIP-3986F4D1EC56,Melody,MEL.INTERVAL.QUALITY,Interval quality,MEL.INTERVAL.NUMBER,identify,Mastering,,Generated ear-training interval,,high,Tagged
MI-M-255,CLIP-D9882A9AA313,Melody,MEL.INTERVAL.QUALITY,Interval quality,MEL.INTERVAL.NUMBER,identify,Mastering,,Generated ear-training interval,,high,Tagged
MI-M-256,CLIP-F2803532D6E6,Melody,MEL.INTERVAL.QUALITY,Interval quality,MEL.INTERVAL.NUMBER,identify,Mastering,,Generated ear-training interval,,high,Tagged
MI-M-257,CLIP-C36D970E0BC9,Melody,MEL.INTERVAL.QUALITY,Interval quality,MEL.INTERVAL.NUMBER,identify,Mastering,,Generated ear-training interval,,high,Tagged
MI-M-258,CLIP-5ACEF58F7A67,Melody,MEL.INTERVAL.QUALITY,Interval quality,MEL.INTERVAL.NUMBER,identify,Mastering,,Generated ear-training interval,,high,Tagged
MI-M-259,CLIP-A54D2EFB057A,Melody,MEL.INTERVAL.QUALITY,Interval quality,MEL.INTERVAL.NUMBER,identify,Mastering,,Generated ear-training interval,,high,Tagged
MI-M-260,CLIP-EFC3DAE122F6,Melody,MEL.INTERVAL.QUALITY,Interval quality,MEL.INTERVAL.NUMBER,identify,Mastering,,Generated ear-training interval,,high,Tagged
MI-M-261,CLIP-5C68D32AC90A,Melody,MEL.INTERVAL.QUALITY,Interval quality,MEL.INTERVAL.NUMBER,identify,Mastering,,Generated ear-training interval,,high,Tagged
MI-M-262,CLIP-A494B785E88A,Melody,MEL.INTERVAL.QUALITY,Interval quality,MEL.INTERVAL.NUMBER,identify,Mastering,,Generated ear-training interval,,high,Tagged
MI-M-263,CLIP-D6240388534A,Melody,MEL.INTERVAL.QUALITY,Interval quality,MEL.INTERVAL.NUMBER,identify,Mastering,,Generated ear-training interval,,high,Tagged
MI-M-264,CLIP-E113AC2E5A31,Melody,MEL.INTERVAL.QUALITY,Interval quality,MEL.INTERVAL.NUMBER,identify,Mastering,,Generated ear-training interval,,high,Tagged
MI-M-265,CLIP-2C21446B6F93,Melody,MEL.INTERVAL.QUALITY,Interval quality,MEL.INTERVAL.NUMBER,identify,Mastering,,Generated ear-training interval,,high,Tagged
MI-M-266,CLIP-67C06A0F0AAE,Melody,MEL.INTERVAL.QUALITY,Interval quality,MEL.INTERVAL.NUMBER,identify,Mastering,,Generated ear-training interval,,high,Tagged
MI-M-267,CLIP-45E4DA13B791,Melody,MEL.INTERVAL.QUALITY,Interval quality,MEL.INTERVAL.NUMBER,identify,Mastering,,Generated ear-training interval,,high,Tagged
MI-M-268,CLIP-AACE757DD446,Melody,MEL.INTERVAL.QUALITY,Interval quality,MEL.INTERVAL.NUMBER,identify,Mastering,,Generated ear-training interval,,high,Tagged
MI-M-269,CLIP-5E87D453DCBB,Melody,MEL.INTERVAL.QUALITY,Interval quality,MEL.INTERVAL.NUMBER,identify,Mastering,,Generated ear-training interval,,high,Tagged
MI-M-270,CLIP-24FC456F06B9,Melody,MEL.INTERVAL.QUALITY,Interval quality,MEL.INTERVAL.NUMBER,identify,Mastering,,Generated ear-training interval,,high,Tagged
MI-M-271,CLIP-369CA710A8B5,Melody,MEL.INTERVAL.QUALITY,Interval quality,MEL.INTERVAL.NUMBER,identify,Mastering,,Generated ear-training interval,,high,Tagged
MI-M-272,CLIP-0D0BF4608038,Melody,MEL.INTERVAL.QUALITY,Interval quality,MEL.INTERVAL.NUMBER,identify,Mastering,,Generated ear-training interval,,high,Tagged
MI-M-273,CLIP-3DF3A674EC78,Melody,MEL.INTERVAL.QUALITY,Interval quality,MEL.INTERVAL.NUMBER,identify,Mastering,,Generated ear-training interval,,high,Tagged
MI-M-274,CLIP-EB0F18C0212A,Melody,MEL.INTERVAL.QUALITY,Interval quality,MEL.INTERVAL.NUMBER,identify,Mastering,,Generated ear-training interval,,high,Tagged
MI-M-275,CLIP-1291C2920869,Melody,MEL.INTERVAL.QUALITY,Interval quality,MEL.INTERVAL.NUMBER,identify,Mastering,,Generated ear-training interval,,high,Tagged
MI-M-276,CLIP-B394355DB8B3,Melody,MEL.INTERVAL.QUALITY,Interval quality,MEL.INTERVAL.NUMBER,identify,Mastering,,Generated ear-training interval,,high,Tagged
MI-M-277,CLIP-2969EC8B1C34,Melody,MEL.INTERVAL.QUALITY,Interval quality,MEL.INTERVAL.NUMBER,identify,Mastering,,Generated ear-training interval,,high,Tagged
MI-M-278,CLIP-DF1C97C8E44F,Melody,MEL.INTERVAL.QUALITY,Interval quality,MEL.INTERVAL.NUMBER,identify,Mastering,,Generated ear-training interval,,high,Tagged
MI-M-279,CLIP-EFBB6B4D4D28,Melody,MEL.INTERVAL.QUALITY,Interval quality,MEL.INTERVAL.NUMBER,identify,Mastering,,Generated ear-training interval,,high,Tagged
MI-M-280,CLIP-550AFF24F04A,Melody,MEL.INTERVAL.QUALITY,Interval quality,MEL.INTERVAL.NUMBER,identify,Mastering,,Generated ear-training interval,,high,Tagged
MI-M-281,CLIP-4676386D9EB9,Melody,MEL.INTERVAL.QUALITY,Interval quality,MEL.INTERVAL.NUMBER,identify,Mastering,,Generated ear-training interval,,high,Tagged
MI-M-282,CLIP-0F45018F427C,Melody,MEL.INTERVAL.QUALITY,Interval quality,MEL.INTERVAL.NUMBER,identify,Mastering,,Generated ear-training interval,,high,Tagged
MI-M-283,CLIP-57A148C6D30C,Melody,MEL.INTERVAL.QUALITY,Interval quality,MEL.INTERVAL.NUMBER,identify,Mastering,,Generated ear-training interval,,high,Tagged
MI-M-284,CLIP-51F4EA1BE573,Melody,MEL.INTERVAL.QUALITY,Interval quality,MEL.INTERVAL.NUMBER,identify,Mastering,,Generated ear-training interval,,high,Tagged
MI-M-285,CLIP-8ED8CD53D031,Melody,MEL.INTERVAL.QUALITY,Interval quality,MEL.INTERVAL.NUMBER,identify,Mastering,,Generated ear-training interval,,high,Tagged
MI-M-286,CLIP-7BA4AC8E14CB,Melody,MEL.INTERVAL.QUALITY,Interval quality,MEL.INTERVAL.NUMBER,identify,Mastering,,Generated ear-training interval,,high,Tagged
MI-M-287,CLIP-4269B3B5E0B5,Melody,MEL.INTERVAL.QUALITY,Interval quality,MEL.INTERVAL.NUMBER,identify,Mastering,,Generated ear-training interval,,high,Tagged
MI-M-288,CLIP-662DDAF266D2,Melody,MEL.INTERVAL.QUALITY,Interval quality,MEL.INTERVAL.NUMBER,identify,Mastering,,Generated ear-training interval,,high,Tagged
MI-M-289,CLIP-D9882A9AA313,Melody,MEL.INTERVAL.QUALITY,Interval quality,MEL.INTERVAL.NUMBER,identify,Mastering,,Generated ear-training interval,,high,Tagged
MI-M-290,CLIP-8717BFBEF8BE,Melody,MEL.INTERVAL.QUALITY,Interval quality,MEL.INTERVAL.NUMBER,identify,Mastering,,Generated ear-training interval,,high,Tagged
MI-M-291,CLIP-830F4973A196,Melody,MEL.INTERVAL.QUALITY,Interval quality,MEL.INTERVAL.NUMBER,identify,Mastering,,Generated ear-training interval,,high,Tagged
MI-M-292,CLIP-53D206882ACF,Melody,MEL.INTERVAL.QUALITY,Interval quality,MEL.INTERVAL.NUMBER,identify,Mastering,,Generated ear-training interval,,high,Tagged
MI-M-293,CLIP-68125E59E385,Melody,MEL.INTERVAL.QUALITY,Interval quality,MEL.INTERVAL.NUMBER,identify,Mastering,,Generated ear-training interval,,high,Tagged
MI-M-294,CLIP-ACF40A74C633,Melody,MEL.INTERVAL.QUALITY,Interval quality,MEL.INTERVAL.NUMBER,identify,Mastering,,Generated ear-training interval,,high,Tagged
MI-M-295,CLIP-F11087C3AFCE,Melody,MEL.INTERVAL.QUALITY,Interval quality,MEL.INTERVAL.NUMBER,identify,Mastering,,Generated ear-training interval,,high,Tagged
MI-M-296,CLIP-974420A59B4B,Melody,MEL.INTERVAL.QUALITY,Interval quality,MEL.INTERVAL.NUMBER,identify,Mastering,,Generated ear-training interval,,high,Tagged
MI-M-297,CLIP-5ACEF58F7A67,Melody,MEL.INTERVAL.QUALITY,Interval quality,MEL.INTERVAL.NUMBER,identify,Mastering,,Generated ear-training interval,,high,Tagged
MI-M-298,CLIP-DBB94D3F4525,Melody,MEL.INTERVAL.QUALITY,Interval quality,MEL.INTERVAL.NUMBER,identify,Mastering,,Generated ear-training interval,,high,Tagged
MI-M-299,CLIP-7A09D04064D8,Melody,MEL.INTERVAL.QUALITY,Interval quality,MEL.INTERVAL.NUMBER,identify,Mastering,,Generated ear-training interval,,high,Tagged
MI-M-300,CLIP-EC0AAD34EDA1,Melody,MEL.INTERVAL.QUALITY,Interval quality,MEL.INTERVAL.NUMBER,identify,Mastering,,Generated ear-training interval,,high,Tagged
MI-M-301,CLIP-2B1891BA07A3,Melody,MEL.INTERVAL.QUALITY,Interval quality,MEL.INTERVAL.NUMBER,identify,Mastering,,Generated ear-training interval,,high,Tagged
MI-M-302,CLIP-1E99F3D4446D,Melody,MEL.INTERVAL.QUALITY,Interval quality,MEL.INTERVAL.NUMBER,identify,Mastering,,Generated ear-training interval,,high,Tagged
MI-M-303,CLIP-ADFBD348022A,Melody,MEL.INTERVAL.QUALITY,Interval quality,MEL.INTERVAL.NUMBER,identify,Mastering,,Generated ear-training interval,,high,Tagged
MI-M-304,CLIP-80BBC8C616E4,Melody,MEL.INTERVAL.QUALITY,Interval quality,MEL.INTERVAL.NUMBER,identify,Mastering,,Generated ear-training interval,,high,Tagged
MI-M-305,CLIP-EFC3DAE122F6,Melody,MEL.INTERVAL.QUALITY,Interval quality,MEL.INTERVAL.NUMBER,identify,Mastering,,Generated ear-training interval,,high,Tagged
MI-M-306,CLIP-3AA5815D2BB3,Melody,MEL.INTERVAL.QUALITY,Interval quality,MEL.INTERVAL.NUMBER,identify,Mastering,,Generated ear-training interval,,high,Tagged
MI-M-307,CLIP-01CCE7AA4B49,Melody,MEL.INTERVAL.QUALITY,Interval quality,MEL.INTERVAL.NUMBER,identify,Mastering,,Generated ear-training interval,,high,Tagged
MI-M-308,CLIP-9617A9CBBDF6,Melody,MEL.INTERVAL.QUALITY,Interval quality,MEL.INTERVAL.NUMBER,identify,Mastering,,Generated ear-training interval,,high,Tagged
MI-M-309,CLIP-77BA98ACC65E,Melody,MEL.INTERVAL.QUALITY,Interval quality,MEL.INTERVAL.NUMBER,identify,Mastering,,Generated ear-training interval,,high,Tagged
MI-M-310,CLIP-6A58D561B588,Melody,MEL.INTERVAL.QUALITY,Interval quality,MEL.INTERVAL.NUMBER,identify,Mastering,,Generated ear-training interval,,high,Tagged
MI-M-311,CLIP-956EBCC86656,Melody,MEL.INTERVAL.QUALITY,Interval quality,MEL.INTERVAL.NUMBER,identify,Mastering,,Generated ear-training interval,,high,Tagged
MI-M-312,CLIP-C6BF016EEAFE,Melody,MEL.INTERVAL.QUALITY,Interval quality,MEL.INTERVAL.NUMBER,identify,Mastering,,Generated ear-training interval,,high,Tagged
MI-M-313,CLIP-5C68D32AC90A,Melody,MEL.INTERVAL.QUALITY,Interval quality,MEL.INTERVAL.NUMBER,identify,Mastering,,Generated ear-training interval,,high,Tagged
MI-M-314,CLIP-6B7EA76D1048,Melody,MEL.INTERVAL.QUALITY,Interval quality,MEL.INTERVAL.NUMBER,identify,Mastering,,Generated ear-training interval,,high,Tagged
MI-M-315,CLIP-121B1C972C49,Melody,MEL.INTERVAL.QUALITY,Interval quality,MEL.INTERVAL.NUMBER,identify,Mastering,,Generated ear-training interval,,high,Tagged
MI-M-316,CLIP-FBF3315DB7BE,Melody,MEL.INTERVAL.QUALITY,Interval quality,MEL.INTERVAL.NUMBER,identify,Mastering,,Generated ear-training interval,,high,Tagged
MI-M-317,CLIP-3C4FCDB588CA,Melody,MEL.INTERVAL.QUALITY,Interval quality,MEL.INTERVAL.NUMBER,identify,Mastering,,Generated ear-training interval,,high,Tagged
MI-M-318,CLIP-A14A3C09CC80,Melody,MEL.INTERVAL.QUALITY,Interval quality,MEL.INTERVAL.NUMBER,identify,Mastering,,Generated ear-training interval,,high,Tagged
MI-M-319,CLIP-08F79419BBAE,Melody,MEL.INTERVAL.QUALITY,Interval quality,MEL.INTERVAL.NUMBER,identify,Mastering,,Generated ear-training interval,,high,Tagged
MI-M-320,CLIP-E31C5AAF1D15,Melody,MEL.INTERVAL.QUALITY,Interval quality,MEL.INTERVAL.NUMBER,identify,Mastering,,Generated ear-training interval,,high,Tagged
MI-M-321,CLIP-A494B785E88A,Melody,MEL.INTERVAL.QUALITY,Interval quality,MEL.INTERVAL.NUMBER,identify,Mastering,,Generated ear-training interval,,high,Tagged
MI-M-322,CLIP-19DB1567F003,Melody,MEL.INTERVAL.QUALITY,Interval quality,MEL.INTERVAL.NUMBER,identify,Mastering,,Generated ear-training interval,,high,Tagged
MI-M-323,CLIP-5463C2CAB12A,Melody,MEL.INTERVAL.QUALITY,Interval quality,MEL.INTERVAL.NUMBER,identify,Mastering,,Generated ear-training interval,,high,Tagged
MI-M-324,CLIP-7A8B0FCDD487,Melody,MEL.INTERVAL.QUALITY,Interval quality,MEL.INTERVAL.NUMBER,identify,Mastering,,Generated ear-training interval,,high,Tagged
MI-M-325,CLIP-E0DF93960097,Melody,MEL.INTERVAL.QUALITY,Interval quality,MEL.INTERVAL.NUMBER,identify,Mastering,,Generated ear-training interval,,high,Tagged
MI-M-326,CLIP-2327F3193F69,Melody,MEL.INTERVAL.QUALITY,Interval quality,MEL.INTERVAL.NUMBER,identify,Mastering,,Generated ear-training interval,,high,Tagged
MI-M-327,CLIP-DB17BE02C511,Melody,MEL.INTERVAL.QUALITY,Interval quality,MEL.INTERVAL.NUMBER,identify,Mastering,,Generated ear-training interval,,high,Tagged
MI-M-328,CLIP-DA08532E88EC,Melody,MEL.INTERVAL.QUALITY,Interval quality,MEL.INTERVAL.NUMBER,identify,Mastering,,Generated ear-training interval,,high,Tagged
MI-M-329,CLIP-E113AC2E5A31,Melody,MEL.INTERVAL.QUALITY,Interval quality,MEL.INTERVAL.NUMBER,identify,Mastering,,Generated ear-training interval,,high,Tagged
MI-M-330,CLIP-0184D6A66619,Melody,MEL.INTERVAL.QUALITY,Interval quality,MEL.INTERVAL.NUMBER,identify,Mastering,,Generated ear-training interval,,high,Tagged
MI-M-331,CLIP-E17DBAF67A21,Melody,MEL.INTERVAL.QUALITY,Interval quality,MEL.INTERVAL.NUMBER,identify,Mastering,,Generated ear-training interval,,high,Tagged
MI-M-332,CLIP-6D1916C62FBD,Melody,MEL.INTERVAL.QUALITY,Interval quality,MEL.INTERVAL.NUMBER,identify,Mastering,,Generated ear-training interval,,high,Tagged
MI-M-333,CLIP-707CC2BADEB8,Melody,MEL.INTERVAL.QUALITY,Interval quality,MEL.INTERVAL.NUMBER,identify,Mastering,,Generated ear-training interval,,high,Tagged
MI-M-334,CLIP-4C7F459EAC0D,Melody,MEL.INTERVAL.QUALITY,Interval quality,MEL.INTERVAL.NUMBER,identify,Mastering,,Generated ear-training interval,,high,Tagged
MI-M-335,CLIP-5188F36C5EA1,Melody,MEL.INTERVAL.QUALITY,Interval quality,MEL.INTERVAL.NUMBER,identify,Mastering,,Generated ear-training interval,,high,Tagged
MI-M-336,CLIP-687AE37A5454,Melody,MEL.INTERVAL.QUALITY,Interval quality,MEL.INTERVAL.NUMBER,identify,Mastering,,Generated ear-training interval,,high,Tagged
MI-M-337,CLIP-45E4DA13B791,Melody,MEL.INTERVAL.QUALITY,Interval quality,MEL.INTERVAL.NUMBER,identify,Mastering,,Generated ear-training interval,,high,Tagged
MI-M-338,CLIP-C0A944587E79,Melody,MEL.INTERVAL.QUALITY,Interval quality,MEL.INTERVAL.NUMBER,identify,Mastering,,Generated ear-training interval,,high,Tagged
MI-M-339,CLIP-68515C29EA4B,Melody,MEL.INTERVAL.QUALITY,Interval quality,MEL.INTERVAL.NUMBER,identify,Mastering,,Generated ear-training interval,,high,Tagged
MI-M-340,CLIP-A22836756C52,Melody,MEL.INTERVAL.QUALITY,Interval quality,MEL.INTERVAL.NUMBER,identify,Mastering,,Generated ear-training interval,,high,Tagged
MI-M-341,CLIP-A5E0BD6CD909,Melody,MEL.INTERVAL.QUALITY,Interval quality,MEL.INTERVAL.NUMBER,identify,Mastering,,Generated ear-training interval,,high,Tagged
MI-M-342,CLIP-54AE2272D186,Melody,MEL.INTERVAL.QUALITY,Interval quality,MEL.INTERVAL.NUMBER,identify,Mastering,,Generated ear-training interval,,high,Tagged
MI-M-343,CLIP-957481286263,Melody,MEL.INTERVAL.QUALITY,Interval quality,MEL.INTERVAL.NUMBER,identify,Mastering,,Generated ear-training interval,,high,Tagged
MI-M-344,CLIP-6064A5FB19CA,Melody,MEL.INTERVAL.QUALITY,Interval quality,MEL.INTERVAL.NUMBER,identify,Mastering,,Generated ear-training interval,,high,Tagged
MI-M-345,CLIP-F94C57C07D71,Melody,MEL.INTERVAL.QUALITY,Interval quality,MEL.INTERVAL.NUMBER,identify,Mastering,,Generated ear-training interval,,high,Tagged
MI-M-346,CLIP-B8BB4927E022,Melody,MEL.INTERVAL.QUALITY,Interval quality,MEL.INTERVAL.NUMBER,identify,Mastering,,Generated ear-training interval,,high,Tagged
MI-M-347,CLIP-E7287B317024,Melody,MEL.INTERVAL.QUALITY,Interval quality,MEL.INTERVAL.NUMBER,identify,Mastering,,Generated ear-training interval,,high,Tagged
MI-M-348,CLIP-B636DDF81B6E,Melody,MEL.INTERVAL.QUALITY,Interval quality,MEL.INTERVAL.NUMBER,identify,Mastering,,Generated ear-training interval,,high,Tagged
MI-M-349,CLIP-25AA4211BCF1,Melody,MEL.INTERVAL.QUALITY,Interval quality,MEL.INTERVAL.NUMBER,identify,Mastering,,Generated ear-training interval,,high,Tagged
MI-M-350,CLIP-B394355DB8B3,Melody,MEL.INTERVAL.QUALITY,Interval quality,MEL.INTERVAL.NUMBER,identify,Mastering,,Generated ear-training interval,,high,Tagged
MI-M-351,CLIP-1ECEC26BE1DE,Melody,MEL.INTERVAL.QUALITY,Interval quality,MEL.INTERVAL.NUMBER,identify,Mastering,,Generated ear-training interval,,high,Tagged
MI-M-352,CLIP-DC046A140D84,Melody,MEL.INTERVAL.QUALITY,Interval quality,MEL.INTERVAL.NUMBER,identify,Mastering,,Generated ear-training interval,,high,Tagged
MI-M-353,CLIP-E836C443B74F,Melody,MEL.INTERVAL.QUALITY,Interval quality,MEL.INTERVAL.NUMBER,identify,Mastering,,Generated ear-training interval,,high,Tagged
MI-M-354,CLIP-4CC36BBE4D41,Melody,MEL.INTERVAL.QUALITY,Interval quality,MEL.INTERVAL.NUMBER,identify,Mastering,,Generated ear-training interval,,high,Tagged
MI-M-355,CLIP-0F45018F427C,Melody,MEL.INTERVAL.QUALITY,Interval quality,MEL.INTERVAL.NUMBER,identify,Mastering,,Generated ear-training interval,,high,Tagged
MI-M-356,CLIP-5AC8B1302957,Melody,MEL.INTERVAL.QUALITY,Interval quality,MEL.INTERVAL.NUMBER,identify,Mastering,,Generated ear-training interval,,high,Tagged
MI-M-357,CLIP-64E68253C4E7,Melody,MEL.INTERVAL.QUALITY,Interval quality,MEL.INTERVAL.NUMBER,identify,Mastering,,Generated ear-training interval,,high,Tagged
MI-M-358,CLIP-3986F4D1EC56,Melody,MEL.INTERVAL.QUALITY,Interval quality,MEL.INTERVAL.NUMBER,identify,Mastering,,Generated ear-training interval,,high,Tagged
MI-M-359,CLIP-D9882A9AA313,Melody,MEL.INTERVAL.QUALITY,Interval quality,MEL.INTERVAL.NUMBER,identify,Mastering,,Generated ear-training interval,,high,Tagged
MI-M-360,CLIP-F2803532D6E6,Melody,MEL.INTERVAL.QUALITY,Interval quality,MEL.INTERVAL.NUMBER,identify,Mastering,,Generated ear-training interval,,high,Tagged
MI-M-361,CLIP-C36D970E0BC9,Melody,MEL.INTERVAL.QUALITY,Interval quality,MEL.INTERVAL.NUMBER,identify,Mastering,,Generated ear-training interval,,high,Tagged
MI-M-362,CLIP-5ACEF58F7A67,Melody,MEL.INTERVAL.QUALITY,Interval quality,MEL.INTERVAL.NUMBER,identify,Mastering,,Generated ear-training interval,,high,Tagged
MI-M-363,CLIP-A54D2EFB057A,Melody,MEL.INTERVAL.QUALITY,Interval quality,MEL.INTERVAL.NUMBER,identify,Mastering,,Generated ear-training interval,,high,Tagged
MI-M-364,CLIP-EFC3DAE122F6,Melody,MEL.INTERVAL.QUALITY,Interval quality,MEL.INTERVAL.NUMBER,identify,Mastering,,Generated ear-training interval,,high,Tagged
MI-M-365,CLIP-5C68D32AC90A,Melody,MEL.INTERVAL.QUALITY,Interval quality,MEL.INTERVAL.NUMBER,identify,Mastering,,Generated ear-training interval,,high,Tagged
MI-M-366,CLIP-A494B785E88A,Melody,MEL.INTERVAL.QUALITY,Interval quality,MEL.INTERVAL.NUMBER,identify,Mastering,,Generated ear-training interval,,high,Tagged
MI-M-367,CLIP-D6240388534A,Melody,MEL.INTERVAL.QUALITY,Interval quality,MEL.INTERVAL.NUMBER,identify,Mastering,,Generated ear-training interval,,high,Tagged
MI-M-368,CLIP-E113AC2E5A31,Melody,MEL.INTERVAL.QUALITY,Interval quality,MEL.INTERVAL.NUMBER,identify,Mastering,,Generated ear-training interval,,high,Tagged
MI-M-369,CLIP-2C21446B6F93,Melody,MEL.INTERVAL.QUALITY,Interval quality,MEL.INTERVAL.NUMBER,identify,Mastering,,Generated ear-training interval,,high,Tagged
MI-M-370,CLIP-67C06A0F0AAE,Melody,MEL.INTERVAL.QUALITY,Interval quality,MEL.INTERVAL.NUMBER,identify,Mastering,,Generated ear-training interval,,high,Tagged
MI-M-371,CLIP-45E4DA13B791,Melody,MEL.INTERVAL.QUALITY,Interval quality,MEL.INTERVAL.NUMBER,identify,Mastering,,Generated ear-training interval,,high,Tagged
MI-M-372,CLIP-AACE757DD446,Melody,MEL.INTERVAL.QUALITY,Interval quality,MEL.INTERVAL.NUMBER,identify,Mastering,,Generated ear-training interval,,high,Tagged
MI-M-373,CLIP-5E87D453DCBB,Melody,MEL.INTERVAL.QUALITY,Interval quality,MEL.INTERVAL.NUMBER,identify,Mastering,,Generated ear-training interval,,high,Tagged
MI-M-374,CLIP-24FC456F06B9,Melody,MEL.INTERVAL.QUALITY,Interval quality,MEL.INTERVAL.NUMBER,identify,Mastering,,Generated ear-training interval,,high,Tagged
MI-M-375,CLIP-6064A5FB19CA,Melody,MEL.INTERVAL.QUALITY,Interval quality,MEL.INTERVAL.NUMBER,identify,Mastering,,Generated ear-training interval,,high,Tagged
MI-M-376,CLIP-9FBBAF783F50,Melody,MEL.INTERVAL.QUALITY,Interval quality,MEL.INTERVAL.NUMBER,identify,Mastering,,Generated ear-training interval,,high,Tagged
MI-M-377,CLIP-76114C61BAA6,Melody,MEL.INTERVAL.QUALITY,Interval quality,MEL.INTERVAL.NUMBER,identify,Mastering,,Generated ear-training interval,,high,Tagged
MI-M-378,CLIP-27F5513303C0,Melody,MEL.INTERVAL.QUALITY,Interval quality,MEL.INTERVAL.NUMBER,identify,Mastering,,Generated ear-training interval,,high,Tagged
MI-M-379,CLIP-211E587E6C05,Melody,MEL.INTERVAL.QUALITY,Interval quality,MEL.INTERVAL.NUMBER,identify,Mastering,,Generated ear-training interval,,high,Tagged
MI-M-380,CLIP-B394355DB8B3,Melody,MEL.INTERVAL.QUALITY,Interval quality,MEL.INTERVAL.NUMBER,identify,Mastering,,Generated ear-training interval,,high,Tagged
MI-M-381,CLIP-5C1C2CDB445E,Melody,MEL.INTERVAL.QUALITY,Interval quality,MEL.INTERVAL.NUMBER,identify,Mastering,,Generated ear-training interval,,high,Tagged
MI-M-382,CLIP-DF1C97C8E44F,Melody,MEL.INTERVAL.QUALITY,Interval quality,MEL.INTERVAL.NUMBER,identify,Mastering,,Generated ear-training interval,,high,Tagged
MI-M-383,CLIP-EFBB6B4D4D28,Melody,MEL.INTERVAL.QUALITY,Interval quality,MEL.INTERVAL.NUMBER,identify,Mastering,,Generated ear-training interval,,high,Tagged
MI-M-384,CLIP-550AFF24F04A,Melody,MEL.INTERVAL.QUALITY,Interval quality,MEL.INTERVAL.NUMBER,identify,Mastering,,Generated ear-training interval,,high,Tagged
MI-M-385,CLIP-4676386D9EB9,Melody,MEL.INTERVAL.QUALITY,Interval quality,MEL.INTERVAL.NUMBER,identify,Mastering,,Generated ear-training interval,,high,Tagged
MI-M-386,CLIP-0F45018F427C,Melody,MEL.INTERVAL.QUALITY,Interval quality,MEL.INTERVAL.NUMBER,identify,Mastering,,Generated ear-training interval,,high,Tagged
MI-M-387,CLIP-57A148C6D30C,Melody,MEL.INTERVAL.QUALITY,Interval quality,MEL.INTERVAL.NUMBER,identify,Mastering,,Generated ear-training interval,,high,Tagged
MI-M-388,CLIP-ECE9D8FB3F97,Melody,MEL.INTERVAL.QUALITY,Interval quality,MEL.INTERVAL.NUMBER,identify,Mastering,,Generated ear-training interval,,high,Tagged
MI-M-389,CLIP-8ED8CD53D031,Melody,MEL.INTERVAL.QUALITY,Interval quality,MEL.INTERVAL.NUMBER,identify,Mastering,,Generated ear-training interval,,high,Tagged
MI-M-390,CLIP-7BA4AC8E14CB,Melody,MEL.INTERVAL.QUALITY,Interval quality,MEL.INTERVAL.NUMBER,identify,Mastering,,Generated ear-training interval,,high,Tagged
MI-M-391,CLIP-4269B3B5E0B5,Melody,MEL.INTERVAL.QUALITY,Interval quality,MEL.INTERVAL.NUMBER,identify,Mastering,,Generated ear-training interval,,high,Tagged
MI-M-392,CLIP-662DDAF266D2,Melody,MEL.INTERVAL.QUALITY,Interval quality,MEL.INTERVAL.NUMBER,identify,Mastering,,Generated ear-training interval,,high,Tagged
MI-M-393,CLIP-D9882A9AA313,Melody,MEL.INTERVAL.QUALITY,Interval quality,MEL.INTERVAL.NUMBER,identify,Mastering,,Generated ear-training interval,,high,Tagged
MI-M-394,CLIP-8717BFBEF8BE,Melody,MEL.INTERVAL.QUALITY,Interval quality,MEL.INTERVAL.NUMBER,identify,Mastering,,Generated ear-training interval,,high,Tagged
MI-M-395,CLIP-830F4973A196,Melody,MEL.INTERVAL.QUALITY,Interval quality,MEL.INTERVAL.NUMBER,identify,Mastering,,Generated ear-training interval,,high,Tagged
MI-M-396,CLIP-8BD6BA2B1A8C,Melody,MEL.INTERVAL.QUALITY,Interval quality,MEL.INTERVAL.NUMBER,identify,Mastering,,Generated ear-training interval,,high,Tagged
MI-M-397,CLIP-68125E59E385,Melody,MEL.INTERVAL.QUALITY,Interval quality,MEL.INTERVAL.NUMBER,identify,Mastering,,Generated ear-training interval,,high,Tagged
MI-M-398,CLIP-ACF40A74C633,Melody,MEL.INTERVAL.QUALITY,Interval quality,MEL.INTERVAL.NUMBER,identify,Mastering,,Generated ear-training interval,,high,Tagged
MI-M-399,CLIP-F11087C3AFCE,Melody,MEL.INTERVAL.QUALITY,Interval quality,MEL.INTERVAL.NUMBER,identify,Mastering,,Generated ear-training interval,,high,Tagged
MI-M-400,CLIP-974420A59B4B,Melody,MEL.INTERVAL.QUALITY,Interval quality,MEL.INTERVAL.NUMBER,identify,Mastering,,Generated ear-training interval,,high,Tagged
MI-M-401,CLIP-5ACEF58F7A67,Melody,MEL.INTERVAL.QUALITY,Interval quality,MEL.INTERVAL.NUMBER,identify,Mastering,,Generated ear-training interval,,high,Tagged
MI-M-402,CLIP-DBB94D3F4525,Melody,MEL.INTERVAL.QUALITY,Interval quality,MEL.INTERVAL.NUMBER,identify,Mastering,,Generated ear-training interval,,high,Tagged
MI-M-403,CLIP-7A09D04064D8,Melody,MEL.INTERVAL.QUALITY,Interval quality,MEL.INTERVAL.NUMBER,identify,Mastering,,Generated ear-training interval,,high,Tagged
MI-M-404,CLIP-EC0AAD34EDA1,Melody,MEL.INTERVAL.QUALITY,Interval quality,MEL.INTERVAL.NUMBER,identify,Mastering,,Generated ear-training interval,,high,Tagged
MI-M-405,CLIP-EB509B3067BC,Melody,MEL.INTERVAL.QUALITY,Interval quality,MEL.INTERVAL.NUMBER,identify,Mastering,,Generated ear-training interval,,high,Tagged
MI-M-406,CLIP-1E99F3D4446D,Melody,MEL.INTERVAL.QUALITY,Interval quality,MEL.INTERVAL.NUMBER,identify,Mastering,,Generated ear-training interval,,high,Tagged
MI-M-407,CLIP-ADFBD348022A,Melody,MEL.INTERVAL.QUALITY,Interval quality,MEL.INTERVAL.NUMBER,identify,Mastering,,Generated ear-training interval,,high,Tagged
MI-M-408,CLIP-80BBC8C616E4,Melody,MEL.INTERVAL.QUALITY,Interval quality,MEL.INTERVAL.NUMBER,identify,Mastering,,Generated ear-training interval,,high,Tagged
MI-M-409,CLIP-EFC3DAE122F6,Melody,MEL.INTERVAL.QUALITY,Interval quality,MEL.INTERVAL.NUMBER,identify,Mastering,,Generated ear-training interval,,high,Tagged
MI-M-410,CLIP-3AA5815D2BB3,Melody,MEL.INTERVAL.QUALITY,Interval quality,MEL.INTERVAL.NUMBER,identify,Mastering,,Generated ear-training interval,,high,Tagged
MI-M-411,CLIP-01CCE7AA4B49,Melody,MEL.INTERVAL.QUALITY,Interval quality,MEL.INTERVAL.NUMBER,identify,Mastering,,Generated ear-training interval,,high,Tagged
MI-M-412,CLIP-9617A9CBBDF6,Melody,MEL.INTERVAL.QUALITY,Interval quality,MEL.INTERVAL.NUMBER,identify,Mastering,,Generated ear-training interval,,high,Tagged
MI-M-413,CLIP-77BA98ACC65E,Melody,MEL.INTERVAL.QUALITY,Interval quality,MEL.INTERVAL.NUMBER,identify,Mastering,,Generated ear-training interval,,high,Tagged
MI-M-414,CLIP-53063E1776A2,Melody,MEL.INTERVAL.QUALITY,Interval quality,MEL.INTERVAL.NUMBER,identify,Mastering,,Generated ear-training interval,,high,Tagged
MI-M-415,CLIP-956EBCC86656,Melody,MEL.INTERVAL.QUALITY,Interval quality,MEL.INTERVAL.NUMBER,identify,Mastering,,Generated ear-training interval,,high,Tagged
MI-M-416,CLIP-C6BF016EEAFE,Melody,MEL.INTERVAL.QUALITY,Interval quality,MEL.INTERVAL.NUMBER,identify,Mastering,,Generated ear-training interval,,high,Tagged
MI-M-417,CLIP-5C68D32AC90A,Melody,MEL.INTERVAL.QUALITY,Interval quality,MEL.INTERVAL.NUMBER,identify,Mastering,,Generated ear-training interval,,high,Tagged
MI-M-418,CLIP-A145F7F5BBD3,Melody,MEL.INTERVAL.QUALITY,Interval quality,MEL.INTERVAL.NUMBER,identify,Mastering,,Generated ear-training interval,,high,Tagged
MI-M-419,CLIP-121B1C972C49,Melody,MEL.INTERVAL.QUALITY,Interval quality,MEL.INTERVAL.NUMBER,identify,Mastering,,Generated ear-training interval,,high,Tagged
MI-M-420,CLIP-FBF3315DB7BE,Melody,MEL.INTERVAL.QUALITY,Interval quality,MEL.INTERVAL.NUMBER,identify,Mastering,,Generated ear-training interval,,high,Tagged
MI-M-421,CLIP-3C4FCDB588CA,Melody,MEL.INTERVAL.QUALITY,Interval quality,MEL.INTERVAL.NUMBER,identify,Mastering,,Generated ear-training interval,,high,Tagged
MI-M-422,CLIP-A14A3C09CC80,Melody,MEL.INTERVAL.QUALITY,Interval quality,MEL.INTERVAL.NUMBER,identify,Mastering,,Generated ear-training interval,,high,Tagged
MI-M-423,CLIP-08F79419BBAE,Melody,MEL.INTERVAL.QUALITY,Interval quality,MEL.INTERVAL.NUMBER,identify,Mastering,,Generated ear-training interval,,high,Tagged
MI-M-424,CLIP-E31C5AAF1D15,Melody,MEL.INTERVAL.QUALITY,Interval quality,MEL.INTERVAL.NUMBER,identify,Mastering,,Generated ear-training interval,,high,Tagged
MI-M-425,CLIP-140DCD4618BA,Melody,MEL.INTERVAL.QUALITY,Interval quality,MEL.INTERVAL.NUMBER,identify,Mastering,,Generated ear-training interval,,high,Tagged
MI-M-426,CLIP-E9B495C61CC8,Melody,MEL.INTERVAL.QUALITY,Interval quality,MEL.INTERVAL.NUMBER,identify,Mastering,,Generated ear-training interval,,high,Tagged
MI-M-427,CLIP-654B85259F36,Melody,MEL.INTERVAL.QUALITY,Interval quality,MEL.INTERVAL.NUMBER,identify,Mastering,,Generated ear-training interval,,high,Tagged
MI-M-428,CLIP-3F823C7CC92C,Melody,MEL.INTERVAL.QUALITY,Interval quality,MEL.INTERVAL.NUMBER,identify,Mastering,,Generated ear-training interval,,high,Tagged
MI-M-429,CLIP-CF9CEA5E2095,Melody,MEL.INTERVAL.QUALITY,Interval quality,MEL.INTERVAL.NUMBER,identify,Mastering,,Generated ear-training interval,,high,Tagged
MI-M-430,CLIP-6A7A4F3B2195,Melody,MEL.INTERVAL.QUALITY,Interval quality,MEL.INTERVAL.NUMBER,identify,Mastering,,Generated ear-training interval,,high,Tagged
MI-M-431,CLIP-61DFFBA55ACC,Melody,MEL.INTERVAL.QUALITY,Interval quality,MEL.INTERVAL.NUMBER,identify,Mastering,,Generated ear-training interval,,high,Tagged
MI-M-432,CLIP-B88AF984D267,Melody,MEL.INTERVAL.QUALITY,Interval quality,MEL.INTERVAL.NUMBER,identify,Mastering,,Generated ear-training interval,,high,Tagged
MI-M-433,CLIP-E113AC2E5A31,Melody,MEL.INTERVAL.QUALITY,Interval quality,MEL.INTERVAL.NUMBER,identify,Mastering,,Generated ear-training interval,,high,Tagged
MI-M-434,CLIP-0184D6A66619,Melody,MEL.INTERVAL.QUALITY,Interval quality,MEL.INTERVAL.NUMBER,identify,Mastering,,Generated ear-training interval,,high,Tagged
MI-M-435,CLIP-E17DBAF67A21,Melody,MEL.INTERVAL.QUALITY,Interval quality,MEL.INTERVAL.NUMBER,identify,Mastering,,Generated ear-training interval,,high,Tagged
MI-M-436,CLIP-6D1916C62FBD,Melody,MEL.INTERVAL.QUALITY,Interval quality,MEL.INTERVAL.NUMBER,identify,Mastering,,Generated ear-training interval,,high,Tagged
MI-M-437,CLIP-707CC2BADEB8,Melody,MEL.INTERVAL.QUALITY,Interval quality,MEL.INTERVAL.NUMBER,identify,Mastering,,Generated ear-training interval,,high,Tagged
MI-M-438,CLIP-4C7F459EAC0D,Melody,MEL.INTERVAL.QUALITY,Interval quality,MEL.INTERVAL.NUMBER,identify,Mastering,,Generated ear-training interval,,high,Tagged
MI-M-439,CLIP-2C0314D5DD91,Melody,MEL.INTERVAL.QUALITY,Interval quality,MEL.INTERVAL.NUMBER,identify,Mastering,,Generated ear-training interval,,high,Tagged
MI-M-440,CLIP-687AE37A5454,Melody,MEL.INTERVAL.QUALITY,Interval quality,MEL.INTERVAL.NUMBER,identify,Mastering,,Generated ear-training interval,,high,Tagged
MI-M-441,CLIP-45E4DA13B791,Melody,MEL.INTERVAL.QUALITY,Interval quality,MEL.INTERVAL.NUMBER,identify,Mastering,,Generated ear-training interval,,high,Tagged
MI-M-442,CLIP-C0A944587E79,Melody,MEL.INTERVAL.QUALITY,Interval quality,MEL.INTERVAL.NUMBER,identify,Mastering,,Generated ear-training interval,,high,Tagged
MI-M-443,CLIP-68515C29EA4B,Melody,MEL.INTERVAL.QUALITY,Interval quality,MEL.INTERVAL.NUMBER,identify,Mastering,,Generated ear-training interval,,high,Tagged
MI-M-444,CLIP-A22836756C52,Melody,MEL.INTERVAL.QUALITY,Interval quality,MEL.INTERVAL.NUMBER,identify,Mastering,,Generated ear-training interval,,high,Tagged
MI-M-445,CLIP-A5E0BD6CD909,Melody,MEL.INTERVAL.QUALITY,Interval quality,MEL.INTERVAL.NUMBER,identify,Mastering,,Generated ear-training interval,,high,Tagged
MI-M-446,CLIP-92D39B274504,Melody,MEL.INTERVAL.QUALITY,Interval quality,MEL.INTERVAL.NUMBER,identify,Mastering,,Generated ear-training interval,,high,Tagged
MI-M-447,CLIP-957481286263,Melody,MEL.INTERVAL.QUALITY,Interval quality,MEL.INTERVAL.NUMBER,identify,Mastering,,Generated ear-training interval,,high,Tagged
MI-M-448,CLIP-6064A5FB19CA,Melody,MEL.INTERVAL.QUALITY,Interval quality,MEL.INTERVAL.NUMBER,identify,Mastering,,Generated ear-training interval,,high,Tagged
MI-M-449,CLIP-F94C57C07D71,Melody,MEL.INTERVAL.QUALITY,Interval quality,MEL.INTERVAL.NUMBER,identify,Mastering,,Generated ear-training interval,,high,Tagged
MI-M-450,CLIP-B8BB4927E022,Melody,MEL.INTERVAL.QUALITY,Interval quality,MEL.INTERVAL.NUMBER,identify,Mastering,,Generated ear-training interval,,high,Tagged
MI-M-451,CLIP-E7287B317024,Melody,MEL.INTERVAL.QUALITY,Interval quality,MEL.INTERVAL.NUMBER,identify,Mastering,,Generated ear-training interval,,high,Tagged
MI-M-452,CLIP-03D21D811CA5,Melody,MEL.INTERVAL.QUALITY,Interval quality,MEL.INTERVAL.NUMBER,identify,Mastering,,Generated ear-training interval,,high,Tagged
MI-M-453,CLIP-25AA4211BCF1,Melody,MEL.INTERVAL.QUALITY,Interval quality,MEL.INTERVAL.NUMBER,identify,Mastering,,Generated ear-training interval,,high,Tagged
MI-M-454,CLIP-B394355DB8B3,Melody,MEL.INTERVAL.QUALITY,Interval quality,MEL.INTERVAL.NUMBER,identify,Mastering,,Generated ear-training interval,,high,Tagged
MI-M-455,CLIP-1ECEC26BE1DE,Melody,MEL.INTERVAL.QUALITY,Interval quality,MEL.INTERVAL.NUMBER,identify,Mastering,,Generated ear-training interval,,high,Tagged
MI-M-456,CLIP-DC046A140D84,Melody,MEL.INTERVAL.QUALITY,Interval quality,MEL.INTERVAL.NUMBER,identify,Mastering,,Generated ear-training interval,,high,Tagged
MI-M-457,CLIP-907A4DEDEE62,Melody,MEL.INTERVAL.QUALITY,Interval quality,MEL.INTERVAL.NUMBER,identify,Mastering,,Generated ear-training interval,,high,Tagged
MI-M-458,CLIP-4CC36BBE4D41,Melody,MEL.INTERVAL.QUALITY,Interval quality,MEL.INTERVAL.NUMBER,identify,Mastering,,Generated ear-training interval,,high,Tagged
MI-M-459,CLIP-0F45018F427C,Melody,MEL.INTERVAL.QUALITY,Interval quality,MEL.INTERVAL.NUMBER,identify,Mastering,,Generated ear-training interval,,high,Tagged
MI-M-460,CLIP-5AC8B1302957,Melody,MEL.INTERVAL.QUALITY,Interval quality,MEL.INTERVAL.NUMBER,identify,Mastering,,Generated ear-training interval,,high,Tagged
MI-M-461,CLIP-1D1E6E47D950,Melody,MEL.INTERVAL.QUALITY,Interval quality,MEL.INTERVAL.NUMBER,identify,Mastering,,Generated ear-training interval,,high,Tagged
MI-M-462,CLIP-3986F4D1EC56,Melody,MEL.INTERVAL.QUALITY,Interval quality,MEL.INTERVAL.NUMBER,identify,Mastering,,Generated ear-training interval,,high,Tagged
MI-M-463,CLIP-D9882A9AA313,Melody,MEL.INTERVAL.QUALITY,Interval quality,MEL.INTERVAL.NUMBER,identify,Mastering,,Generated ear-training interval,,high,Tagged
MI-M-464,CLIP-6235CE40C9F8,Melody,MEL.INTERVAL.QUALITY,Interval quality,MEL.INTERVAL.NUMBER,identify,Mastering,,Generated ear-training interval,,high,Tagged
MI-M-465,CLIP-C36D970E0BC9,Melody,MEL.INTERVAL.QUALITY,Interval quality,MEL.INTERVAL.NUMBER,identify,Mastering,,Generated ear-training interval,,high,Tagged
MI-M-466,CLIP-3F73207F8391,Melody,MEL.INTERVAL.QUALITY,Interval quality,MEL.INTERVAL.NUMBER,identify,Mastering,,Generated ear-training interval,,high,Tagged
MI-M-467,CLIP-E019CF5E5580,Melody,MEL.INTERVAL.QUALITY,Interval quality,MEL.INTERVAL.NUMBER,identify,Mastering,,Generated ear-training interval,,high,Tagged
MI-M-468,CLIP-EFC3DAE122F6,Melody,MEL.INTERVAL.QUALITY,Interval quality,MEL.INTERVAL.NUMBER,identify,Mastering,,Generated ear-training interval,,high,Tagged
MI-M-469,CLIP-5C68D32AC90A,Melody,MEL.INTERVAL.QUALITY,Interval quality,MEL.INTERVAL.NUMBER,identify,Mastering,,Generated ear-training interval,,high,Tagged
MI-M-470,CLIP-140DCD4618BA,Melody,MEL.INTERVAL.QUALITY,Interval quality,MEL.INTERVAL.NUMBER,identify,Mastering,,Generated ear-training interval,,high,Tagged
MI-M-471,CLIP-DC91802BD544,Melody,MEL.INTERVAL.QUALITY,Interval quality,MEL.INTERVAL.NUMBER,identify,Mastering,,Generated ear-training interval,,high,Tagged
MI-M-472,CLIP-E113AC2E5A31,Melody,MEL.INTERVAL.QUALITY,Interval quality,MEL.INTERVAL.NUMBER,identify,Mastering,,Generated ear-training interval,,high,Tagged
MI-M-473,CLIP-9C24177EBC6C,Melody,MEL.INTERVAL.QUALITY,Interval quality,MEL.INTERVAL.NUMBER,identify,Mastering,,Generated ear-training interval,,high,Tagged
MI-M-474,CLIP-67C06A0F0AAE,Melody,MEL.INTERVAL.QUALITY,Interval quality,MEL.INTERVAL.NUMBER,identify,Mastering,,Generated ear-training interval,,high,Tagged
MI-M-475,CLIP-45E4DA13B791,Melody,MEL.INTERVAL.QUALITY,Interval quality,MEL.INTERVAL.NUMBER,identify,Mastering,,Generated ear-training interval,,high,Tagged
MI-M-476,CLIP-AACE757DD446,Melody,MEL.INTERVAL.QUALITY,Interval quality,MEL.INTERVAL.NUMBER,identify,Mastering,,Generated ear-training interval,,high,Tagged
MI-M-477,CLIP-B4552E240DE8,Melody,MEL.INTERVAL.QUALITY,Interval quality,MEL.INTERVAL.NUMBER,identify,Mastering,,Generated ear-training interval,,high,Tagged
MI-M-478,CLIP-24FC456F06B9,Melody,MEL.INTERVAL.QUALITY,Interval quality,MEL.INTERVAL.NUMBER,identify,Mastering,,Generated ear-training interval,,high,Tagged
MI-M-479,CLIP-6064A5FB19CA,Melody,MEL.INTERVAL.QUALITY,Interval quality,MEL.INTERVAL.NUMBER,identify,Mastering,,Generated ear-training interval,,high,Tagged
MI-M-480,CLIP-9FBBAF783F50,Melody,MEL.INTERVAL.QUALITY,Interval quality,MEL.INTERVAL.NUMBER,identify,Mastering,,Generated ear-training interval,,high,Tagged
MI-M-481,CLIP-76114C61BAA6,Melody,MEL.INTERVAL.QUALITY,Interval quality,MEL.INTERVAL.NUMBER,identify,Mastering,,Generated ear-training interval,,high,Tagged
MI-M-482,CLIP-577311A94ECC,Melody,MEL.INTERVAL.QUALITY,Interval quality,MEL.INTERVAL.NUMBER,identify,Mastering,,Generated ear-training interval,,high,Tagged
MI-M-483,CLIP-211E587E6C05,Melody,MEL.INTERVAL.QUALITY,Interval quality,MEL.INTERVAL.NUMBER,identify,Mastering,,Generated ear-training interval,,high,Tagged
MI-M-484,CLIP-B394355DB8B3,Melody,MEL.INTERVAL.QUALITY,Interval quality,MEL.INTERVAL.NUMBER,identify,Mastering,,Generated ear-training interval,,high,Tagged
MI-M-485,CLIP-5C1C2CDB445E,Melody,MEL.INTERVAL.QUALITY,Interval quality,MEL.INTERVAL.NUMBER,identify,Mastering,,Generated ear-training interval,,high,Tagged
MI-M-486,CLIP-DF1C97C8E44F,Melody,MEL.INTERVAL.QUALITY,Interval quality,MEL.INTERVAL.NUMBER,identify,Mastering,,Generated ear-training interval,,high,Tagged
MI-M-487,CLIP-EFBB6B4D4D28,Melody,MEL.INTERVAL.QUALITY,Interval quality,MEL.INTERVAL.NUMBER,identify,Mastering,,Generated ear-training interval,,high,Tagged
MI-M-488,CLIP-320B0FD9BE64,Melody,MEL.INTERVAL.QUALITY,Interval quality,MEL.INTERVAL.NUMBER,identify,Mastering,,Generated ear-training interval,,high,Tagged
MI-M-489,CLIP-4676386D9EB9,Melody,MEL.INTERVAL.QUALITY,Interval quality,MEL.INTERVAL.NUMBER,identify,Mastering,,Generated ear-training interval,,high,Tagged
MI-M-490,CLIP-0F45018F427C,Melody,MEL.INTERVAL.QUALITY,Interval quality,MEL.INTERVAL.NUMBER,identify,Mastering,,Generated ear-training interval,,high,Tagged
MI-M-491,CLIP-57A148C6D30C,Melody,MEL.INTERVAL.QUALITY,Interval quality,MEL.INTERVAL.NUMBER,identify,Mastering,,Generated ear-training interval,,high,Tagged
MI-M-492,CLIP-ECE9D8FB3F97,Melody,MEL.INTERVAL.QUALITY,Interval quality,MEL.INTERVAL.NUMBER,identify,Mastering,,Generated ear-training interval,,high,Tagged
MI-M-493,CLIP-8ED8CD53D031,Melody,MEL.INTERVAL.QUALITY,Interval quality,MEL.INTERVAL.NUMBER,identify,Mastering,,Generated ear-training interval,,high,Tagged
MI-M-494,CLIP-7BA4AC8E14CB,Melody,MEL.INTERVAL.QUALITY,Interval quality,MEL.INTERVAL.NUMBER,identify,Mastering,,Generated ear-training interval,,high,Tagged
MI-M-495,CLIP-63398358FE34,Melody,MEL.INTERVAL.QUALITY,Interval quality,MEL.INTERVAL.NUMBER,identify,Mastering,,Generated ear-training interval,,high,Tagged
MI-M-496,CLIP-662DDAF266D2,Melody,MEL.INTERVAL.QUALITY,Interval quality,MEL.INTERVAL.NUMBER,identify,Mastering,,Generated ear-training interval,,high,Tagged
MI-M-497,CLIP-D9882A9AA313,Melody,MEL.INTERVAL.QUALITY,Interval quality,MEL.INTERVAL.NUMBER,identify,Mastering,,Generated ear-training interval,,high,Tagged
MI-M-498,CLIP-8717BFBEF8BE,Melody,MEL.INTERVAL.QUALITY,Interval quality,MEL.INTERVAL.NUMBER,identify,Mastering,,Generated ear-training interval,,high,Tagged
MI-M-499,CLIP-830F4973A196,Melody,MEL.INTERVAL.QUALITY,Interval quality,MEL.INTERVAL.NUMBER,identify,Mastering,,Generated ear-training interval,,high,Tagged
MI-M-500,CLIP-8BD6BA2B1A8C,Melody,MEL.INTERVAL.QUALITY,Interval quality,MEL.INTERVAL.NUMBER,identify,Mastering,,Generated ear-training interval,,high,Tagged
MI-M-501,CLIP-68125E59E385,Melody,MEL.INTERVAL.QUALITY,Interval quality,MEL.INTERVAL.NUMBER,identify,Mastering,,Generated ear-training interval,,high,Tagged
MI-M-502,CLIP-ACF40A74C633,Melody,MEL.INTERVAL.QUALITY,Interval quality,MEL.INTERVAL.NUMBER,identify,Mastering,,Generated ear-training interval,,high,Tagged
MI-M-503,CLIP-63F20BBFF32C,Melody,MEL.INTERVAL.QUALITY,Interval quality,MEL.INTERVAL.NUMBER,identify,Mastering,,Generated ear-training interval,,high,Tagged
MI-M-504,CLIP-974420A59B4B,Melody,MEL.INTERVAL.QUALITY,Interval quality,MEL.INTERVAL.NUMBER,identify,Mastering,,Generated ear-training interval,,high,Tagged
MI-M-505,CLIP-3F73207F8391,Melody,MEL.INTERVAL.QUALITY,Interval quality,MEL.INTERVAL.NUMBER,identify,Mastering,,Generated ear-training interval,,high,Tagged
MI-M-506,CLIP-589AB5F213BA,Melody,MEL.INTERVAL.QUALITY,Interval quality,MEL.INTERVAL.NUMBER,identify,Mastering,,Generated ear-training interval,,high,Tagged
MI-M-507,CLIP-1ABA0294DD52,Melody,MEL.INTERVAL.QUALITY,Interval quality,MEL.INTERVAL.NUMBER,identify,Mastering,,Generated ear-training interval,,high,Tagged
MI-M-508,CLIP-C3BE28DE910F,Melody,MEL.INTERVAL.QUALITY,Interval quality,MEL.INTERVAL.NUMBER,identify,Mastering,,Generated ear-training interval,,high,Tagged
MI-M-509,CLIP-F754B6AF6E89,Melody,MEL.INTERVAL.QUALITY,Interval quality,MEL.INTERVAL.NUMBER,identify,Mastering,,Generated ear-training interval,,high,Tagged
MI-M-510,CLIP-7DD41093F678,Melody,MEL.INTERVAL.QUALITY,Interval quality,MEL.INTERVAL.NUMBER,identify,Mastering,,Generated ear-training interval,,high,Tagged
MI-M-511,CLIP-CD82581A9F43,Melody,MEL.INTERVAL.QUALITY,Interval quality,MEL.INTERVAL.NUMBER,identify,Mastering,,Generated ear-training interval,,high,Tagged
MI-M-512,CLIP-51FFEE4585B5,Melody,MEL.INTERVAL.QUALITY,Interval quality,MEL.INTERVAL.NUMBER,identify,Mastering,,Generated ear-training interval,,high,Tagged
MI-M-513,CLIP-EFC3DAE122F6,Melody,MEL.INTERVAL.QUALITY,Interval quality,MEL.INTERVAL.NUMBER,identify,Mastering,,Generated ear-training interval,,high,Tagged
MI-M-514,CLIP-5990621FA476,Melody,MEL.INTERVAL.QUALITY,Interval quality,MEL.INTERVAL.NUMBER,identify,Mastering,,Generated ear-training interval,,high,Tagged
MI-M-515,CLIP-01CCE7AA4B49,Melody,MEL.INTERVAL.QUALITY,Interval quality,MEL.INTERVAL.NUMBER,identify,Mastering,,Generated ear-training interval,,high,Tagged
MI-M-516,CLIP-9617A9CBBDF6,Melody,MEL.INTERVAL.QUALITY,Interval quality,MEL.INTERVAL.NUMBER,identify,Mastering,,Generated ear-training interval,,high,Tagged
MI-M-517,CLIP-77BA98ACC65E,Melody,MEL.INTERVAL.QUALITY,Interval quality,MEL.INTERVAL.NUMBER,identify,Mastering,,Generated ear-training interval,,high,Tagged
MI-M-518,CLIP-53063E1776A2,Melody,MEL.INTERVAL.QUALITY,Interval quality,MEL.INTERVAL.NUMBER,identify,Mastering,,Generated ear-training interval,,high,Tagged
MI-M-519,CLIP-956EBCC86656,Melody,MEL.INTERVAL.QUALITY,Interval quality,MEL.INTERVAL.NUMBER,identify,Mastering,,Generated ear-training interval,,high,Tagged
MI-M-520,CLIP-C6BF016EEAFE,Melody,MEL.INTERVAL.QUALITY,Interval quality,MEL.INTERVAL.NUMBER,identify,Mastering,,Generated ear-training interval,,high,Tagged
MI-M-521,CLIP-FF90A14BB915,Melody,MEL.INTERVAL.QUALITY,Interval quality,MEL.INTERVAL.NUMBER,identify,Mastering,,Generated ear-training interval,,high,Tagged
MI-M-522,CLIP-33A49A248820,Melody,MEL.INTERVAL.QUALITY,Interval quality,MEL.INTERVAL.NUMBER,identify,Mastering,,Generated ear-training interval,,high,Tagged
MI-M-523,CLIP-87B3B1997579,Melody,MEL.INTERVAL.QUALITY,Interval quality,MEL.INTERVAL.NUMBER,identify,Mastering,,Generated ear-training interval,,high,Tagged
MI-M-524,CLIP-DF4747CDC766,Melody,MEL.INTERVAL.QUALITY,Interval quality,MEL.INTERVAL.NUMBER,identify,Mastering,,Generated ear-training interval,,high,Tagged
MI-M-525,CLIP-57D39FB99ACA,Melody,MEL.INTERVAL.QUALITY,Interval quality,MEL.INTERVAL.NUMBER,identify,Mastering,,Generated ear-training interval,,high,Tagged
MI-M-526,CLIP-80EB25C0BC48,Melody,MEL.INTERVAL.QUALITY,Interval quality,MEL.INTERVAL.NUMBER,identify,Mastering,,Generated ear-training interval,,high,Tagged
MI-M-527,CLIP-0231AEACBA0D,Melody,MEL.INTERVAL.QUALITY,Interval quality,MEL.INTERVAL.NUMBER,identify,Mastering,,Generated ear-training interval,,high,Tagged
MI-M-528,CLIP-34D1760E6ECF,Melody,MEL.INTERVAL.QUALITY,Interval quality,MEL.INTERVAL.NUMBER,identify,Mastering,,Generated ear-training interval,,high,Tagged
MI-M-529,CLIP-A494B785E88A,Melody,MEL.INTERVAL.QUALITY,Interval quality,MEL.INTERVAL.NUMBER,identify,Mastering,,Generated ear-training interval,,high,Tagged
MI-M-530,CLIP-19DB1567F003,Melody,MEL.INTERVAL.QUALITY,Interval quality,MEL.INTERVAL.NUMBER,identify,Mastering,,Generated ear-training interval,,high,Tagged
MI-M-531,CLIP-2F21E7F7C090,Melody,MEL.INTERVAL.QUALITY,Interval quality,MEL.INTERVAL.NUMBER,identify,Mastering,,Generated ear-training interval,,high,Tagged
MI-M-532,CLIP-99FBE1FD0A14,Melody,MEL.INTERVAL.QUALITY,Interval quality,MEL.INTERVAL.NUMBER,identify,Mastering,,Generated ear-training interval,,high,Tagged
MI-M-533,CLIP-E0DF93960097,Melody,MEL.INTERVAL.QUALITY,Interval quality,MEL.INTERVAL.NUMBER,identify,Mastering,,Generated ear-training interval,,high,Tagged
MI-M-534,CLIP-F044FE7FDC64,Melody,MEL.INTERVAL.QUALITY,Interval quality,MEL.INTERVAL.NUMBER,identify,Mastering,,Generated ear-training interval,,high,Tagged
MI-M-535,CLIP-B91F13BFD047,Melody,MEL.INTERVAL.QUALITY,Interval quality,MEL.INTERVAL.NUMBER,identify,Mastering,,Generated ear-training interval,,high,Tagged
MI-M-536,CLIP-DA08532E88EC,Melody,MEL.INTERVAL.QUALITY,Interval quality,MEL.INTERVAL.NUMBER,identify,Mastering,,Generated ear-training interval,,high,Tagged
MI-M-537,CLIP-E113AC2E5A31,Melody,MEL.INTERVAL.QUALITY,Interval quality,MEL.INTERVAL.NUMBER,identify,Mastering,,Generated ear-training interval,,high,Tagged
MI-M-538,CLIP-29BF56FE2D6C,Melody,MEL.INTERVAL.QUALITY,Interval quality,MEL.INTERVAL.NUMBER,identify,Mastering,,Generated ear-training interval,,high,Tagged
MI-M-539,CLIP-D2D32A39FF58,Melody,MEL.INTERVAL.QUALITY,Interval quality,MEL.INTERVAL.NUMBER,identify,Mastering,,Generated ear-training interval,,high,Tagged
MI-M-540,CLIP-6D1916C62FBD,Melody,MEL.INTERVAL.QUALITY,Interval quality,MEL.INTERVAL.NUMBER,identify,Mastering,,Generated ear-training interval,,high,Tagged
MI-M-541,CLIP-24ABDA5CDE9D,Melody,MEL.INTERVAL.QUALITY,Interval quality,MEL.INTERVAL.NUMBER,identify,Mastering,,Generated ear-training interval,,high,Tagged
MI-M-542,CLIP-AD1E59332EC4,Melody,MEL.INTERVAL.QUALITY,Interval quality,MEL.INTERVAL.NUMBER,identify,Mastering,,Generated ear-training interval,,high,Tagged
MI-M-543,CLIP-5188F36C5EA1,Melody,MEL.INTERVAL.QUALITY,Interval quality,MEL.INTERVAL.NUMBER,identify,Mastering,,Generated ear-training interval,,high,Tagged
MI-M-544,CLIP-687AE37A5454,Melody,MEL.INTERVAL.QUALITY,Interval quality,MEL.INTERVAL.NUMBER,identify,Mastering,,Generated ear-training interval,,high,Tagged
MI-M-545,CLIP-A44F1BA7BBC8,Melody,MEL.INTERVAL.QUALITY,Interval quality,MEL.INTERVAL.NUMBER,identify,Mastering,,Generated ear-training interval,,high,Tagged
MI-M-546,CLIP-2329CF8B1986,Melody,MEL.INTERVAL.QUALITY,Interval quality,MEL.INTERVAL.NUMBER,identify,Mastering,,Generated ear-training interval,,high,Tagged
MI-M-547,CLIP-94823CA72B44,Melody,MEL.INTERVAL.QUALITY,Interval quality,MEL.INTERVAL.NUMBER,identify,Mastering,,Generated ear-training interval,,high,Tagged
MI-M-548,CLIP-0A2F7B29B712,Melody,MEL.INTERVAL.QUALITY,Interval quality,MEL.INTERVAL.NUMBER,identify,Mastering,,Generated ear-training interval,,high,Tagged
MI-M-549,CLIP-106FD744539F,Melody,MEL.INTERVAL.QUALITY,Interval quality,MEL.INTERVAL.NUMBER,identify,Mastering,,Generated ear-training interval,,high,Tagged
MI-M-550,CLIP-584B1A4734BA,Melody,MEL.INTERVAL.QUALITY,Interval quality,MEL.INTERVAL.NUMBER,identify,Mastering,,Generated ear-training interval,,high,Tagged
MI-M-551,CLIP-CBA449395529,Melody,MEL.INTERVAL.QUALITY,Interval quality,MEL.INTERVAL.NUMBER,identify,Mastering,,Generated ear-training interval,,high,Tagged
MI-M-552,CLIP-369CA710A8B5,Melody,MEL.INTERVAL.QUALITY,Interval quality,MEL.INTERVAL.NUMBER,identify,Mastering,,Generated ear-training interval,,high,Tagged
MI-M-553,CLIP-F22B0998779B,Melody,MEL.INTERVAL.QUALITY,Interval quality,MEL.INTERVAL.NUMBER,identify,Mastering,,Generated ear-training interval,,high,Tagged
MI-M-554,CLIP-81348CBD3138,Melody,MEL.INTERVAL.QUALITY,Interval quality,MEL.INTERVAL.NUMBER,identify,Mastering,,Generated ear-training interval,,high,Tagged
MI-M-555,CLIP-AE64D52857C0,Melody,MEL.INTERVAL.QUALITY,Interval quality,MEL.INTERVAL.NUMBER,identify,Mastering,,Generated ear-training interval,,high,Tagged
MI-M-556,CLIP-4C4CF8BF6643,Melody,MEL.INTERVAL.QUALITY,Interval quality,MEL.INTERVAL.NUMBER,identify,Mastering,,Generated ear-training interval,,high,Tagged
MI-M-557,CLIP-19A0AB441BC0,Melody,MEL.INTERVAL.QUALITY,Interval quality,MEL.INTERVAL.NUMBER,identify,Mastering,,Generated ear-training interval,,high,Tagged
MI-M-558,CLIP-B394355DB8B3,Melody,MEL.INTERVAL.QUALITY,Interval quality,MEL.INTERVAL.NUMBER,identify,Mastering,,Generated ear-training interval,,high,Tagged
MI-M-559,CLIP-A8272E6E232C,Melody,MEL.INTERVAL.QUALITY,Interval quality,MEL.INTERVAL.NUMBER,identify,Mastering,,Generated ear-training interval,,high,Tagged
MI-M-560,CLIP-676B3E4E8F81,Melody,MEL.INTERVAL.QUALITY,Interval quality,MEL.INTERVAL.NUMBER,identify,Mastering,,Generated ear-training interval,,high,Tagged
MI-M-561,CLIP-E836C443B74F,Melody,MEL.INTERVAL.QUALITY,Interval quality,MEL.INTERVAL.NUMBER,identify,Mastering,,Generated ear-training interval,,high,Tagged
MI-M-562,CLIP-4CC36BBE4D41,Melody,MEL.INTERVAL.QUALITY,Interval quality,MEL.INTERVAL.NUMBER,identify,Mastering,,Generated ear-training interval,,high,Tagged
MI-M-563,CLIP-2FDFE66B6323,Melody,MEL.INTERVAL.QUALITY,Interval quality,MEL.INTERVAL.NUMBER,identify,Mastering,,Generated ear-training interval,,high,Tagged
MI-M-564,CLIP-6DBD07286367,Melody,MEL.INTERVAL.QUALITY,Interval quality,MEL.INTERVAL.NUMBER,identify,Mastering,,Generated ear-training interval,,high,Tagged
MI-M-565,CLIP-0EBC2458D143,Melody,MEL.INTERVAL.QUALITY,Interval quality,MEL.INTERVAL.NUMBER,identify,Mastering,,Generated ear-training interval,,high,Tagged
MI-M-566,CLIP-D922ED1E7E01,Melody,MEL.INTERVAL.QUALITY,Interval quality,MEL.INTERVAL.NUMBER,identify,Mastering,,Generated ear-training interval,,high,Tagged
MI-M-567,CLIP-75C20F2E0764,Melody,MEL.INTERVAL.QUALITY,Interval quality,MEL.INTERVAL.NUMBER,identify,Mastering,,Generated ear-training interval,,high,Tagged
MI-M-568,CLIP-624C40CE7B6E,Melody,MEL.INTERVAL.QUALITY,Interval quality,MEL.INTERVAL.NUMBER,identify,Mastering,,Generated ear-training interval,,high,Tagged
MI-M-569,CLIP-9F02382DF07F,Melody,MEL.INTERVAL.QUALITY,Interval quality,MEL.INTERVAL.NUMBER,identify,Mastering,,Generated ear-training interval,,high,Tagged
MI-M-570,CLIP-5ACEF58F7A67,Melody,MEL.INTERVAL.QUALITY,Interval quality,MEL.INTERVAL.NUMBER,identify,Mastering,,Generated ear-training interval,,high,Tagged
MI-M-571,CLIP-A54D2EFB057A,Melody,MEL.INTERVAL.QUALITY,Interval quality,MEL.INTERVAL.NUMBER,identify,Mastering,,Generated ear-training interval,,high,Tagged
MI-M-572,CLIP-EFC3DAE122F6,Melody,MEL.INTERVAL.QUALITY,Interval quality,MEL.INTERVAL.NUMBER,identify,Mastering,,Generated ear-training interval,,high,Tagged
MI-M-573,CLIP-FF90A14BB915,Melody,MEL.INTERVAL.QUALITY,Interval quality,MEL.INTERVAL.NUMBER,identify,Mastering,,Generated ear-training interval,,high,Tagged
MI-M-574,CLIP-A494B785E88A,Melody,MEL.INTERVAL.QUALITY,Interval quality,MEL.INTERVAL.NUMBER,identify,Mastering,,Generated ear-training interval,,high,Tagged
MI-M-575,CLIP-4854131DD101,Melody,MEL.INTERVAL.QUALITY,Interval quality,MEL.INTERVAL.NUMBER,identify,Mastering,,Generated ear-training interval,,high,Tagged
MI-M-576,CLIP-E113AC2E5A31,Melody,MEL.INTERVAL.QUALITY,Interval quality,MEL.INTERVAL.NUMBER,identify,Mastering,,Generated ear-training interval,,high,Tagged
MI-M-577,CLIP-2C21446B6F93,Melody,MEL.INTERVAL.QUALITY,Interval quality,MEL.INTERVAL.NUMBER,identify,Mastering,,Generated ear-training interval,,high,Tagged
MI-M-578,CLIP-4005AEB24617,Melody,MEL.INTERVAL.QUALITY,Interval quality,MEL.INTERVAL.NUMBER,identify,Mastering,,Generated ear-training interval,,high,Tagged
MI-M-579,CLIP-A44F1BA7BBC8,Melody,MEL.INTERVAL.QUALITY,Interval quality,MEL.INTERVAL.NUMBER,identify,Mastering,,Generated ear-training interval,,high,Tagged
MI-M-580,CLIP-416BBD5A1F0E,Melody,MEL.INTERVAL.QUALITY,Interval quality,MEL.INTERVAL.NUMBER,identify,Mastering,,Generated ear-training interval,,high,Tagged
MI-M-581,CLIP-054DDEEB4B3D,Melody,MEL.INTERVAL.QUALITY,Interval quality,MEL.INTERVAL.NUMBER,identify,Mastering,,Generated ear-training interval,,high,Tagged
MI-M-582,CLIP-173A56E80B11,Melody,MEL.INTERVAL.QUALITY,Interval quality,MEL.INTERVAL.NUMBER,identify,Mastering,,Generated ear-training interval,,high,Tagged
MI-M-583,CLIP-369CA710A8B5,Melody,MEL.INTERVAL.QUALITY,Interval quality,MEL.INTERVAL.NUMBER,identify,Mastering,,Generated ear-training interval,,high,Tagged
MI-M-584,CLIP-C607910D8898,Melody,MEL.INTERVAL.QUALITY,Interval quality,MEL.INTERVAL.NUMBER,identify,Mastering,,Generated ear-training interval,,high,Tagged
MI-M-585,CLIP-3DF3A674EC78,Melody,MEL.INTERVAL.QUALITY,Interval quality,MEL.INTERVAL.NUMBER,identify,Mastering,,Generated ear-training interval,,high,Tagged
MI-M-586,CLIP-EB0F18C0212A,Melody,MEL.INTERVAL.QUALITY,Interval quality,MEL.INTERVAL.NUMBER,identify,Mastering,,Generated ear-training interval,,high,Tagged
MI-M-587,CLIP-1732766ED9CA,Melody,MEL.INTERVAL.QUALITY,Interval quality,MEL.INTERVAL.NUMBER,identify,Mastering,,Generated ear-training interval,,high,Tagged
MI-M-588,CLIP-B394355DB8B3,Melody,MEL.INTERVAL.QUALITY,Interval quality,MEL.INTERVAL.NUMBER,identify,Mastering,,Generated ear-training interval,,high,Tagged
MI-M-589,CLIP-2969EC8B1C34,Melody,MEL.INTERVAL.QUALITY,Interval quality,MEL.INTERVAL.NUMBER,identify,Mastering,,Generated ear-training interval,,high,Tagged
MI-M-590,CLIP-36D960DB602A,Melody,MEL.INTERVAL.QUALITY,Interval quality,MEL.INTERVAL.NUMBER,identify,Mastering,,Generated ear-training interval,,high,Tagged
MI-M-591,CLIP-EFBB6B4D4D28,Melody,MEL.INTERVAL.QUALITY,Interval quality,MEL.INTERVAL.NUMBER,identify,Mastering,,Generated ear-training interval,,high,Tagged
MI-M-592,CLIP-550AFF24F04A,Melody,MEL.INTERVAL.QUALITY,Interval quality,MEL.INTERVAL.NUMBER,identify,Mastering,,Generated ear-training interval,,high,Tagged
MI-M-593,CLIP-6BF2F2634734,Melody,MEL.INTERVAL.QUALITY,Interval quality,MEL.INTERVAL.NUMBER,identify,Mastering,,Generated ear-training interval,,high,Tagged
MI-M-594,CLIP-2FDFE66B6323,Melody,MEL.INTERVAL.QUALITY,Interval quality,MEL.INTERVAL.NUMBER,identify,Mastering,,Generated ear-training interval,,high,Tagged
MI-M-595,CLIP-FDA3E0932598,Melody,MEL.INTERVAL.QUALITY,Interval quality,MEL.INTERVAL.NUMBER,identify,Mastering,,Generated ear-training interval,,high,Tagged
MI-M-596,CLIP-BA43B42B25ED,Melody,MEL.INTERVAL.QUALITY,Interval quality,MEL.INTERVAL.NUMBER,identify,Mastering,,Generated ear-training interval,,high,Tagged
MI-M-597,CLIP-35720CD161C2,Melody,MEL.INTERVAL.QUALITY,Interval quality,MEL.INTERVAL.NUMBER,identify,Mastering,,Generated ear-training interval,,high,Tagged
MI-M-598,CLIP-75B603C7E7AC,Melody,MEL.INTERVAL.QUALITY,Interval quality,MEL.INTERVAL.NUMBER,identify,Mastering,,Generated ear-training interval,,high,Tagged
MI-M-599,CLIP-BCF7E868BB27,Melody,MEL.INTERVAL.QUALITY,Interval quality,MEL.INTERVAL.NUMBER,identify,Mastering,,Generated ear-training interval,,high,Tagged
MI-M-600,CLIP-DF485965F919,Melody,MEL.INTERVAL.QUALITY,Interval quality,MEL.INTERVAL.NUMBER,identify,Mastering,,Generated ear-training interval,,high,Tagged
MI-M-601,CLIP-75C20F2E0764,Melody,MEL.INTERVAL.QUALITY,Interval quality,MEL.INTERVAL.NUMBER,identify,Mastering,,Generated ear-training interval,,high,Tagged
MI-M-602,CLIP-406258F99D41,Melody,MEL.INTERVAL.QUALITY,Interval quality,MEL.INTERVAL.NUMBER,identify,Mastering,,Generated ear-training interval,,high,Tagged
MI-M-603,CLIP-8BCC3B38A9BC,Melody,MEL.INTERVAL.QUALITY,Interval quality,MEL.INTERVAL.NUMBER,identify,Mastering,,Generated ear-training interval,,high,Tagged
MI-M-604,CLIP-890F00F069F8,Melody,MEL.INTERVAL.QUALITY,Interval quality,MEL.INTERVAL.NUMBER,identify,Mastering,,Generated ear-training interval,,high,Tagged
MI-M-605,CLIP-26ABA172BC96,Melody,MEL.INTERVAL.QUALITY,Interval quality,MEL.INTERVAL.NUMBER,identify,Mastering,,Generated ear-training interval,,high,Tagged
MI-M-606,CLIP-05CA50569C40,Melody,MEL.INTERVAL.QUALITY,Interval quality,MEL.INTERVAL.NUMBER,identify,Mastering,,Generated ear-training interval,,high,Tagged
MI-M-607,CLIP-2CD6E549BFF9,Melody,MEL.INTERVAL.QUALITY,Interval quality,MEL.INTERVAL.NUMBER,identify,Mastering,,Generated ear-training interval,,high,Tagged
MI-M-608,CLIP-12FF0AC2CD96,Melody,MEL.INTERVAL.QUALITY,Interval quality,MEL.INTERVAL.NUMBER,identify,Mastering,,Generated ear-training interval,,high,Tagged
MI-M-609,CLIP-5ACEF58F7A67,Melody,MEL.INTERVAL.QUALITY,Interval quality,MEL.INTERVAL.NUMBER,identify,Mastering,,Generated ear-training interval,,high,Tagged
MI-M-610,CLIP-58ED23C72C9D,Melody,MEL.INTERVAL.QUALITY,Interval quality,MEL.INTERVAL.NUMBER,identify,Mastering,,Generated ear-training interval,,high,Tagged
MI-M-611,CLIP-391DE188E382,Melody,MEL.INTERVAL.QUALITY,Interval quality,MEL.INTERVAL.NUMBER,identify,Mastering,,Generated ear-training interval,,high,Tagged
MI-M-612,CLIP-EC0AAD34EDA1,Melody,MEL.INTERVAL.QUALITY,Interval quality,MEL.INTERVAL.NUMBER,identify,Mastering,,Generated ear-training interval,,high,Tagged
MI-M-613,CLIP-2B1891BA07A3,Melody,MEL.INTERVAL.QUALITY,Interval quality,MEL.INTERVAL.NUMBER,identify,Mastering,,Generated ear-training interval,,high,Tagged
MI-M-614,CLIP-FE5C07958BAC,Melody,MEL.INTERVAL.QUALITY,Interval quality,MEL.INTERVAL.NUMBER,identify,Mastering,,Generated ear-training interval,,high,Tagged
MI-M-615,CLIP-ADFBD348022A,Melody,MEL.INTERVAL.QUALITY,Interval quality,MEL.INTERVAL.NUMBER,identify,Mastering,,Generated ear-training interval,,high,Tagged
MI-M-616,CLIP-80BBC8C616E4,Melody,MEL.INTERVAL.QUALITY,Interval quality,MEL.INTERVAL.NUMBER,identify,Mastering,,Generated ear-training interval,,high,Tagged
MI-M-617,CLIP-EFC3DAE122F6,Melody,MEL.INTERVAL.QUALITY,Interval quality,MEL.INTERVAL.NUMBER,identify,Mastering,,Generated ear-training interval,,high,Tagged
MI-M-618,CLIP-3AA5815D2BB3,Melody,MEL.INTERVAL.QUALITY,Interval quality,MEL.INTERVAL.NUMBER,identify,Mastering,,Generated ear-training interval,,high,Tagged
MI-M-619,CLIP-33403F045684,Melody,MEL.INTERVAL.QUALITY,Interval quality,MEL.INTERVAL.NUMBER,identify,Mastering,,Generated ear-training interval,,high,Tagged
MI-M-620,CLIP-A35F15911744,Melody,MEL.INTERVAL.QUALITY,Interval quality,MEL.INTERVAL.NUMBER,identify,Mastering,,Generated ear-training interval,,high,Tagged
MI-M-621,CLIP-77BA98ACC65E,Melody,MEL.INTERVAL.QUALITY,Interval quality,MEL.INTERVAL.NUMBER,identify,Mastering,,Generated ear-training interval,,high,Tagged
MI-M-622,CLIP-6A58D561B588,Melody,MEL.INTERVAL.QUALITY,Interval quality,MEL.INTERVAL.NUMBER,identify,Mastering,,Generated ear-training interval,,high,Tagged
MI-M-623,CLIP-DFBBF9837B0D,Melody,MEL.INTERVAL.QUALITY,Interval quality,MEL.INTERVAL.NUMBER,identify,Mastering,,Generated ear-training interval,,high,Tagged
MI-M-624,CLIP-C6BF016EEAFE,Melody,MEL.INTERVAL.QUALITY,Interval quality,MEL.INTERVAL.NUMBER,identify,Mastering,,Generated ear-training interval,,high,Tagged
MI-M-625,CLIP-FF90A14BB915,Melody,MEL.INTERVAL.QUALITY,Interval quality,MEL.INTERVAL.NUMBER,identify,Mastering,,Generated ear-training interval,,high,Tagged
MI-M-626,CLIP-33A49A248820,Melody,MEL.INTERVAL.QUALITY,Interval quality,MEL.INTERVAL.NUMBER,identify,Mastering,,Generated ear-training interval,,high,Tagged
MI-M-627,CLIP-FDD0C4C55B18,Melody,MEL.INTERVAL.QUALITY,Interval quality,MEL.INTERVAL.NUMBER,identify,Mastering,,Generated ear-training interval,,high,Tagged
MI-M-628,CLIP-DF4747CDC766,Melody,MEL.INTERVAL.QUALITY,Interval quality,MEL.INTERVAL.NUMBER,identify,Mastering,,Generated ear-training interval,,high,Tagged
MI-M-629,CLIP-57D39FB99ACA,Melody,MEL.INTERVAL.QUALITY,Interval quality,MEL.INTERVAL.NUMBER,identify,Mastering,,Generated ear-training interval,,high,Tagged
MI-M-630,CLIP-80EB25C0BC48,Melody,MEL.INTERVAL.QUALITY,Interval quality,MEL.INTERVAL.NUMBER,identify,Mastering,,Generated ear-training interval,,high,Tagged
MI-M-631,CLIP-0231AEACBA0D,Melody,MEL.INTERVAL.QUALITY,Interval quality,MEL.INTERVAL.NUMBER,identify,Mastering,,Generated ear-training interval,,high,Tagged
MI-M-632,CLIP-34D1760E6ECF,Melody,MEL.INTERVAL.QUALITY,Interval quality,MEL.INTERVAL.NUMBER,identify,Mastering,,Generated ear-training interval,,high,Tagged
MI-M-633,CLIP-A494B785E88A,Melody,MEL.INTERVAL.QUALITY,Interval quality,MEL.INTERVAL.NUMBER,identify,Mastering,,Generated ear-training interval,,high,Tagged
MI-M-634,CLIP-4B7BD05024F8,Melody,MEL.INTERVAL.QUALITY,Interval quality,MEL.INTERVAL.NUMBER,identify,Mastering,,Generated ear-training interval,,high,Tagged
MI-M-635,CLIP-2F21E7F7C090,Melody,MEL.INTERVAL.QUALITY,Interval quality,MEL.INTERVAL.NUMBER,identify,Mastering,,Generated ear-training interval,,high,Tagged
MI-M-636,CLIP-99FBE1FD0A14,Melody,MEL.INTERVAL.QUALITY,Interval quality,MEL.INTERVAL.NUMBER,identify,Mastering,,Generated ear-training interval,,high,Tagged
MI-M-637,CLIP-E0DF93960097,Melody,MEL.INTERVAL.QUALITY,Interval quality,MEL.INTERVAL.NUMBER,identify,Mastering,,Generated ear-training interval,,high,Tagged
MI-M-638,CLIP-F044FE7FDC64,Melody,MEL.INTERVAL.QUALITY,Interval quality,MEL.INTERVAL.NUMBER,identify,Mastering,,Generated ear-training interval,,high,Tagged
MI-M-639,CLIP-B91F13BFD047,Melody,MEL.INTERVAL.QUALITY,Interval quality,MEL.INTERVAL.NUMBER,identify,Mastering,,Generated ear-training interval,,high,Tagged
MI-M-640,CLIP-DA08532E88EC,Melody,MEL.INTERVAL.QUALITY,Interval quality,MEL.INTERVAL.NUMBER,identify,Mastering,,Generated ear-training interval,,high,Tagged
MI-M-641,CLIP-140DCD4618BA,Melody,MEL.INTERVAL.QUALITY,Interval quality,MEL.INTERVAL.NUMBER,identify,Mastering,,Generated ear-training interval,,high,Tagged
MI-M-642,CLIP-F529CDEECE30,Melody,MEL.INTERVAL.QUALITY,Interval quality,MEL.INTERVAL.NUMBER,identify,Mastering,,Generated ear-training interval,,high,Tagged
MI-M-643,CLIP-730CD7F09941,Melody,MEL.INTERVAL.QUALITY,Interval quality,MEL.INTERVAL.NUMBER,identify,Mastering,,Generated ear-training interval,,high,Tagged
MI-M-644,CLIP-CF9CEA5E2095,Melody,MEL.INTERVAL.QUALITY,Interval quality,MEL.INTERVAL.NUMBER,identify,Mastering,,Generated ear-training interval,,high,Tagged
MI-M-645,CLIP-11CEF2DB7633,Melody,MEL.INTERVAL.QUALITY,Interval quality,MEL.INTERVAL.NUMBER,identify,Mastering,,Generated ear-training interval,,high,Tagged
MI-M-646,CLIP-D4FF548796CB,Melody,MEL.INTERVAL.QUALITY,Interval quality,MEL.INTERVAL.NUMBER,identify,Mastering,,Generated ear-training interval,,high,Tagged
MI-M-647,CLIP-01E5B91D04B4,Melody,MEL.INTERVAL.QUALITY,Interval quality,MEL.INTERVAL.NUMBER,identify,Mastering,,Generated ear-training interval,,high,Tagged
MI-M-648,CLIP-B88AF984D267,Melody,MEL.INTERVAL.QUALITY,Interval quality,MEL.INTERVAL.NUMBER,identify,Mastering,,Generated ear-training interval,,high,Tagged
MI-M-649,CLIP-A44F1BA7BBC8,Melody,MEL.INTERVAL.QUALITY,Interval quality,MEL.INTERVAL.NUMBER,identify,Mastering,,Generated ear-training interval,,high,Tagged
MI-M-650,CLIP-2329CF8B1986,Melody,MEL.INTERVAL.QUALITY,Interval quality,MEL.INTERVAL.NUMBER,identify,Mastering,,Generated ear-training interval,,high,Tagged
MI-M-651,CLIP-94823CA72B44,Melody,MEL.INTERVAL.QUALITY,Interval quality,MEL.INTERVAL.NUMBER,identify,Mastering,,Generated ear-training interval,,high,Tagged
MI-M-652,CLIP-0A2F7B29B712,Melody,MEL.INTERVAL.QUALITY,Interval quality,MEL.INTERVAL.NUMBER,identify,Mastering,,Generated ear-training interval,,high,Tagged
MI-M-653,CLIP-106FD744539F,Melody,MEL.INTERVAL.QUALITY,Interval quality,MEL.INTERVAL.NUMBER,identify,Mastering,,Generated ear-training interval,,high,Tagged
MI-M-654,CLIP-584B1A4734BA,Melody,MEL.INTERVAL.QUALITY,Interval quality,MEL.INTERVAL.NUMBER,identify,Mastering,,Generated ear-training interval,,high,Tagged
MI-M-655,CLIP-7AB1C3EBC27B,Melody,MEL.INTERVAL.QUALITY,Interval quality,MEL.INTERVAL.NUMBER,identify,Mastering,,Generated ear-training interval,,high,Tagged
MI-M-656,CLIP-369CA710A8B5,Melody,MEL.INTERVAL.QUALITY,Interval quality,MEL.INTERVAL.NUMBER,identify,Mastering,,Generated ear-training interval,,high,Tagged
MI-M-657,CLIP-F22B0998779B,Melody,MEL.INTERVAL.QUALITY,Interval quality,MEL.INTERVAL.NUMBER,identify,Mastering,,Generated ear-training interval,,high,Tagged
MI-M-658,CLIP-81348CBD3138,Melody,MEL.INTERVAL.QUALITY,Interval quality,MEL.INTERVAL.NUMBER,identify,Mastering,,Generated ear-training interval,,high,Tagged
MI-M-659,CLIP-AE64D52857C0,Melody,MEL.INTERVAL.QUALITY,Interval quality,MEL.INTERVAL.NUMBER,identify,Mastering,,Generated ear-training interval,,high,Tagged
MI-M-660,CLIP-4C4CF8BF6643,Melody,MEL.INTERVAL.QUALITY,Interval quality,MEL.INTERVAL.NUMBER,identify,Mastering,,Generated ear-training interval,,high,Tagged
MI-M-661,CLIP-90B4A5F8F14E,Melody,MEL.INTERVAL.QUALITY,Interval quality,MEL.INTERVAL.NUMBER,identify,Mastering,,Generated ear-training interval,,high,Tagged
MI-M-662,CLIP-B394355DB8B3,Melody,MEL.INTERVAL.QUALITY,Interval quality,MEL.INTERVAL.NUMBER,identify,Mastering,,Generated ear-training interval,,high,Tagged
MI-M-663,CLIP-A8272E6E232C,Melody,MEL.INTERVAL.QUALITY,Interval quality,MEL.INTERVAL.NUMBER,identify,Mastering,,Generated ear-training interval,,high,Tagged
MI-M-664,CLIP-676B3E4E8F81,Melody,MEL.INTERVAL.QUALITY,Interval quality,MEL.INTERVAL.NUMBER,identify,Mastering,,Generated ear-training interval,,high,Tagged
MI-M-665,CLIP-E836C443B74F,Melody,MEL.INTERVAL.QUALITY,Interval quality,MEL.INTERVAL.NUMBER,identify,Mastering,,Generated ear-training interval,,high,Tagged
MI-M-666,CLIP-907A4DEDEE62,Melody,MEL.INTERVAL.QUALITY,Interval quality,MEL.INTERVAL.NUMBER,identify,Mastering,,Generated ear-training interval,,high,Tagged
MI-M-667,CLIP-2FDFE66B6323,Melody,MEL.INTERVAL.QUALITY,Interval quality,MEL.INTERVAL.NUMBER,identify,Mastering,,Generated ear-training interval,,high,Tagged
MI-M-668,CLIP-6DBD07286367,Melody,MEL.INTERVAL.QUALITY,Interval quality,MEL.INTERVAL.NUMBER,identify,Mastering,,Generated ear-training interval,,high,Tagged
MI-M-669,CLIP-0EBC2458D143,Melody,MEL.INTERVAL.QUALITY,Interval quality,MEL.INTERVAL.NUMBER,identify,Mastering,,Generated ear-training interval,,high,Tagged
MI-M-670,CLIP-3781A65DBAE6,Melody,MEL.INTERVAL.QUALITY,Interval quality,MEL.INTERVAL.NUMBER,identify,Mastering,,Generated ear-training interval,,high,Tagged
MI-M-671,CLIP-75C20F2E0764,Melody,MEL.INTERVAL.QUALITY,Interval quality,MEL.INTERVAL.NUMBER,identify,Mastering,,Generated ear-training interval,,high,Tagged
MI-M-672,CLIP-624C40CE7B6E,Melody,MEL.INTERVAL.QUALITY,Interval quality,MEL.INTERVAL.NUMBER,identify,Mastering,,Generated ear-training interval,,high,Tagged
MI-M-673,CLIP-C7FD37641601,Melody,MEL.INTERVAL.QUALITY,Interval quality,MEL.INTERVAL.NUMBER,identify,Mastering,,Generated ear-training interval,,high,Tagged
MI-M-674,CLIP-5ACEF58F7A67,Melody,MEL.INTERVAL.QUALITY,Interval quality,MEL.INTERVAL.NUMBER,identify,Mastering,,Generated ear-training interval,,high,Tagged
MI-M-675,CLIP-CFF826CCF3C9,Melody,MEL.INTERVAL.QUALITY,Interval quality,MEL.INTERVAL.NUMBER,identify,Mastering,,Generated ear-training interval,,high,Tagged
MI-M-676,CLIP-3F73207F8391,Melody,MEL.INTERVAL.QUALITY,Interval quality,MEL.INTERVAL.NUMBER,identify,Mastering,,Generated ear-training interval,,high,Tagged
MI-M-677,CLIP-FF90A14BB915,Melody,MEL.INTERVAL.QUALITY,Interval quality,MEL.INTERVAL.NUMBER,identify,Mastering,,Generated ear-training interval,,high,Tagged
MI-M-678,CLIP-A494B785E88A,Melody,MEL.INTERVAL.QUALITY,Interval quality,MEL.INTERVAL.NUMBER,identify,Mastering,,Generated ear-training interval,,high,Tagged
MI-M-679,CLIP-4854131DD101,Melody,MEL.INTERVAL.QUALITY,Interval quality,MEL.INTERVAL.NUMBER,identify,Mastering,,Generated ear-training interval,,high,Tagged
MI-M-680,CLIP-140DCD4618BA,Melody,MEL.INTERVAL.QUALITY,Interval quality,MEL.INTERVAL.NUMBER,identify,Mastering,,Generated ear-training interval,,high,Tagged
MI-M-681,CLIP-FBD6D2CB5D6E,Melody,MEL.INTERVAL.QUALITY,Interval quality,MEL.INTERVAL.NUMBER,identify,Mastering,,Generated ear-training interval,,high,Tagged
MI-M-682,CLIP-B29E32E68F19,Melody,MEL.INTERVAL.QUALITY,Interval quality,MEL.INTERVAL.NUMBER,identify,Mastering,,Generated ear-training interval,,high,Tagged
MI-M-683,CLIP-A44F1BA7BBC8,Melody,MEL.INTERVAL.QUALITY,Interval quality,MEL.INTERVAL.NUMBER,identify,Mastering,,Generated ear-training interval,,high,Tagged
MI-M-684,CLIP-D3AC0CA616A7,Melody,MEL.INTERVAL.QUALITY,Interval quality,MEL.INTERVAL.NUMBER,identify,Mastering,,Generated ear-training interval,,high,Tagged
MI-M-685,CLIP-054DDEEB4B3D,Melody,MEL.INTERVAL.QUALITY,Interval quality,MEL.INTERVAL.NUMBER,identify,Mastering,,Generated ear-training interval,,high,Tagged
MI-M-686,CLIP-173A56E80B11,Melody,MEL.INTERVAL.QUALITY,Interval quality,MEL.INTERVAL.NUMBER,identify,Mastering,,Generated ear-training interval,,high,Tagged
MI-M-687,CLIP-369CA710A8B5,Melody,MEL.INTERVAL.QUALITY,Interval quality,MEL.INTERVAL.NUMBER,identify,Mastering,,Generated ear-training interval,,high,Tagged
MI-M-688,CLIP-C607910D8898,Melody,MEL.INTERVAL.QUALITY,Interval quality,MEL.INTERVAL.NUMBER,identify,Mastering,,Generated ear-training interval,,high,Tagged
MI-M-689,CLIP-8CFD9EEB0A97,Melody,MEL.INTERVAL.QUALITY,Interval quality,MEL.INTERVAL.NUMBER,identify,Mastering,,Generated ear-training interval,,high,Tagged
MI-M-690,CLIP-EB0F18C0212A,Melody,MEL.INTERVAL.QUALITY,Interval quality,MEL.INTERVAL.NUMBER,identify,Mastering,,Generated ear-training interval,,high,Tagged
MI-M-691,CLIP-1732766ED9CA,Melody,MEL.INTERVAL.QUALITY,Interval quality,MEL.INTERVAL.NUMBER,identify,Mastering,,Generated ear-training interval,,high,Tagged
MI-M-692,CLIP-B394355DB8B3,Melody,MEL.INTERVAL.QUALITY,Interval quality,MEL.INTERVAL.NUMBER,identify,Mastering,,Generated ear-training interval,,high,Tagged
MI-M-693,CLIP-2969EC8B1C34,Melody,MEL.INTERVAL.QUALITY,Interval quality,MEL.INTERVAL.NUMBER,identify,Mastering,,Generated ear-training interval,,high,Tagged
MI-M-694,CLIP-36D960DB602A,Melody,MEL.INTERVAL.QUALITY,Interval quality,MEL.INTERVAL.NUMBER,identify,Mastering,,Generated ear-training interval,,high,Tagged
MI-M-695,CLIP-320B0FD9BE64,Melody,MEL.INTERVAL.QUALITY,Interval quality,MEL.INTERVAL.NUMBER,identify,Mastering,,Generated ear-training interval,,high,Tagged
MI-M-696,CLIP-550AFF24F04A,Melody,MEL.INTERVAL.QUALITY,Interval quality,MEL.INTERVAL.NUMBER,identify,Mastering,,Generated ear-training interval,,high,Tagged
MI-M-697,CLIP-6BF2F2634734,Melody,MEL.INTERVAL.QUALITY,Interval quality,MEL.INTERVAL.NUMBER,identify,Mastering,,Generated ear-training interval,,high,Tagged
MI-M-698,CLIP-2FDFE66B6323,Melody,MEL.INTERVAL.QUALITY,Interval quality,MEL.INTERVAL.NUMBER,identify,Mastering,,Generated ear-training interval,,high,Tagged
MI-M-699,CLIP-FDA3E0932598,Melody,MEL.INTERVAL.QUALITY,Interval quality,MEL.INTERVAL.NUMBER,identify,Mastering,,Generated ear-training interval,,high,Tagged
MI-M-700,CLIP-BA43B42B25ED,Melody,MEL.INTERVAL.QUALITY,Interval quality,MEL.INTERVAL.NUMBER,identify,Mastering,,Generated ear-training interval,,high,Tagged
MI-M-701,CLIP-35720CD161C2,Melody,MEL.INTERVAL.QUALITY,Interval quality,MEL.INTERVAL.NUMBER,identify,Mastering,,Generated ear-training interval,,high,Tagged
MI-M-702,CLIP-6B89A21B0D72,Melody,MEL.INTERVAL.QUALITY,Interval quality,MEL.INTERVAL.NUMBER,identify,Mastering,,Generated ear-training interval,,high,Tagged
MI-M-703,CLIP-BCF7E868BB27,Melody,MEL.INTERVAL.QUALITY,Interval quality,MEL.INTERVAL.NUMBER,identify,Mastering,,Generated ear-training interval,,high,Tagged
MI-M-704,CLIP-DF485965F919,Melody,MEL.INTERVAL.QUALITY,Interval quality,MEL.INTERVAL.NUMBER,identify,Mastering,,Generated ear-training interval,,high,Tagged
MI-M-705,CLIP-75C20F2E0764,Melody,MEL.INTERVAL.QUALITY,Interval quality,MEL.INTERVAL.NUMBER,identify,Mastering,,Generated ear-training interval,,high,Tagged
MI-M-706,CLIP-406258F99D41,Melody,MEL.INTERVAL.QUALITY,Interval quality,MEL.INTERVAL.NUMBER,identify,Mastering,,Generated ear-training interval,,high,Tagged
MI-M-707,CLIP-8BCC3B38A9BC,Melody,MEL.INTERVAL.QUALITY,Interval quality,MEL.INTERVAL.NUMBER,identify,Mastering,,Generated ear-training interval,,high,Tagged
MI-M-708,CLIP-890F00F069F8,Melody,MEL.INTERVAL.QUALITY,Interval quality,MEL.INTERVAL.NUMBER,identify,Mastering,,Generated ear-training interval,,high,Tagged
MI-M-709,CLIP-26ABA172BC96,Melody,MEL.INTERVAL.QUALITY,Interval quality,MEL.INTERVAL.NUMBER,identify,Mastering,,Generated ear-training interval,,high,Tagged
MI-M-710,CLIP-054DB7A90916,Melody,MEL.INTERVAL.QUALITY,Interval quality,MEL.INTERVAL.NUMBER,identify,Mastering,,Generated ear-training interval,,high,Tagged
MI-M-711,CLIP-2CD6E549BFF9,Melody,MEL.INTERVAL.QUALITY,Interval quality,MEL.INTERVAL.NUMBER,identify,Mastering,,Generated ear-training interval,,high,Tagged
MI-M-712,CLIP-12FF0AC2CD96,Melody,MEL.INTERVAL.QUALITY,Interval quality,MEL.INTERVAL.NUMBER,identify,Mastering,,Generated ear-training interval,,high,Tagged
MI-M-713,CLIP-5ACEF58F7A67,Melody,MEL.INTERVAL.QUALITY,Interval quality,MEL.INTERVAL.NUMBER,identify,Mastering,,Generated ear-training interval,,high,Tagged
MI-M-714,CLIP-58ED23C72C9D,Melody,MEL.INTERVAL.QUALITY,Interval quality,MEL.INTERVAL.NUMBER,identify,Mastering,,Generated ear-training interval,,high,Tagged
MI-M-715,CLIP-391DE188E382,Melody,MEL.INTERVAL.QUALITY,Interval quality,MEL.INTERVAL.NUMBER,identify,Mastering,,Generated ear-training interval,,high,Tagged
MI-M-716,CLIP-EC0AAD34EDA1,Melody,MEL.INTERVAL.QUALITY,Interval quality,MEL.INTERVAL.NUMBER,identify,Mastering,,Generated ear-training interval,,high,Tagged
MI-M-717,CLIP-2B1891BA07A3,Melody,MEL.INTERVAL.QUALITY,Interval quality,MEL.INTERVAL.NUMBER,identify,Mastering,,Generated ear-training interval,,high,Tagged
MI-M-718,CLIP-FE5C07958BAC,Melody,MEL.INTERVAL.QUALITY,Interval quality,MEL.INTERVAL.NUMBER,identify,Mastering,,Generated ear-training interval,,high,Tagged
MI-M-719,CLIP-B81225E38176,Melody,MEL.INTERVAL.QUALITY,Interval quality,MEL.INTERVAL.NUMBER,identify,Mastering,,Generated ear-training interval,,high,Tagged
MI-M-720,CLIP-80BBC8C616E4,Melody,MEL.INTERVAL.QUALITY,Interval quality,MEL.INTERVAL.NUMBER,identify,Mastering,,Generated ear-training interval,,high,Tagged
MI-M-721,CLIP-3F73207F8391,Melody,MEL.INTERVAL.QUALITY,Interval quality,MEL.INTERVAL.NUMBER,identify,Mastering,,Generated ear-training interval,,high,Tagged
MI-M-722,CLIP-BC5E142510A4,Melody,MEL.INTERVAL.QUALITY,Interval quality,MEL.INTERVAL.NUMBER,identify,Mastering,,Generated ear-training interval,,high,Tagged
MI-M-723,CLIP-694D92D20D44,Melody,MEL.INTERVAL.QUALITY,Interval quality,MEL.INTERVAL.NUMBER,identify,Mastering,,Generated ear-training interval,,high,Tagged
MI-M-724,CLIP-0CD691FED62A,Melody,MEL.INTERVAL.QUALITY,Interval quality,MEL.INTERVAL.NUMBER,identify,Mastering,,Generated ear-training interval,,high,Tagged
MI-M-725,CLIP-C3BE28DE910F,Melody,MEL.INTERVAL.QUALITY,Interval quality,MEL.INTERVAL.NUMBER,identify,Mastering,,Generated ear-training interval,,high,Tagged
MI-M-726,CLIP-322AD3A66CD0,Melody,MEL.INTERVAL.QUALITY,Interval quality,MEL.INTERVAL.NUMBER,identify,Mastering,,Generated ear-training interval,,high,Tagged
MI-M-727,CLIP-98CFB28AD36A,Melody,MEL.INTERVAL.QUALITY,Interval quality,MEL.INTERVAL.NUMBER,identify,Mastering,,Generated ear-training interval,,high,Tagged
MI-M-728,CLIP-51FFEE4585B5,Melody,MEL.INTERVAL.QUALITY,Interval quality,MEL.INTERVAL.NUMBER,identify,Mastering,,Generated ear-training interval,,high,Tagged
MI-M-729,CLIP-FF90A14BB915,Melody,MEL.INTERVAL.QUALITY,Interval quality,MEL.INTERVAL.NUMBER,identify,Mastering,,Generated ear-training interval,,high,Tagged
MI-M-730,CLIP-33A49A248820,Melody,MEL.INTERVAL.QUALITY,Interval quality,MEL.INTERVAL.NUMBER,identify,Mastering,,Generated ear-training interval,,high,Tagged
MI-M-731,CLIP-FDD0C4C55B18,Melody,MEL.INTERVAL.QUALITY,Interval quality,MEL.INTERVAL.NUMBER,identify,Mastering,,Generated ear-training interval,,high,Tagged
MI-M-732,CLIP-DF4747CDC766,Melody,MEL.INTERVAL.QUALITY,Interval quality,MEL.INTERVAL.NUMBER,identify,Mastering,,Generated ear-training interval,,high,Tagged
MI-M-733,CLIP-57D39FB99ACA,Melody,MEL.INTERVAL.QUALITY,Interval quality,MEL.INTERVAL.NUMBER,identify,Mastering,,Generated ear-training interval,,high,Tagged
MI-M-734,CLIP-C1AC1004DE76,Melody,MEL.INTERVAL.QUALITY,Interval quality,MEL.INTERVAL.NUMBER,identify,Mastering,,Generated ear-training interval,,high,Tagged
MI-M-735,CLIP-0231AEACBA0D,Melody,MEL.INTERVAL.QUALITY,Interval quality,MEL.INTERVAL.NUMBER,identify,Mastering,,Generated ear-training interval,,high,Tagged
MI-M-736,CLIP-34D1760E6ECF,Melody,MEL.INTERVAL.QUALITY,Interval quality,MEL.INTERVAL.NUMBER,identify,Mastering,,Generated ear-training interval,,high,Tagged
MI-M-737,CLIP-A494B785E88A,Melody,MEL.INTERVAL.QUALITY,Interval quality,MEL.INTERVAL.NUMBER,identify,Mastering,,Generated ear-training interval,,high,Tagged
MI-M-738,CLIP-4B7BD05024F8,Melody,MEL.INTERVAL.QUALITY,Interval quality,MEL.INTERVAL.NUMBER,identify,Mastering,,Generated ear-training interval,,high,Tagged
MI-M-739,CLIP-2F21E7F7C090,Melody,MEL.INTERVAL.QUALITY,Interval quality,MEL.INTERVAL.NUMBER,identify,Mastering,,Generated ear-training interval,,high,Tagged
MI-M-740,CLIP-99FBE1FD0A14,Melody,MEL.INTERVAL.QUALITY,Interval quality,MEL.INTERVAL.NUMBER,identify,Mastering,,Generated ear-training interval,,high,Tagged
MI-M-741,CLIP-7A8B0FCDD487,Melody,MEL.INTERVAL.QUALITY,Interval quality,MEL.INTERVAL.NUMBER,identify,Mastering,,Generated ear-training interval,,high,Tagged
MI-M-742,CLIP-F044FE7FDC64,Melody,MEL.INTERVAL.QUALITY,Interval quality,MEL.INTERVAL.NUMBER,identify,Mastering,,Generated ear-training interval,,high,Tagged
MI-M-743,CLIP-B91F13BFD047,Melody,MEL.INTERVAL.QUALITY,Interval quality,MEL.INTERVAL.NUMBER,identify,Mastering,,Generated ear-training interval,,high,Tagged
MI-M-744,CLIP-DA08532E88EC,Melody,MEL.INTERVAL.QUALITY,Interval quality,MEL.INTERVAL.NUMBER,identify,Mastering,,Generated ear-training interval,,high,Tagged
MI-M-745,CLIP-140DCD4618BA,Melody,MEL.INTERVAL.QUALITY,Interval quality,MEL.INTERVAL.NUMBER,identify,Mastering,,Generated ear-training interval,,high,Tagged
MI-M-746,CLIP-F529CDEECE30,Melody,MEL.INTERVAL.QUALITY,Interval quality,MEL.INTERVAL.NUMBER,identify,Mastering,,Generated ear-training interval,,high,Tagged
MI-M-747,CLIP-730CD7F09941,Melody,MEL.INTERVAL.QUALITY,Interval quality,MEL.INTERVAL.NUMBER,identify,Mastering,,Generated ear-training interval,,high,Tagged
MI-M-748,CLIP-3F823C7CC92C,Melody,MEL.INTERVAL.QUALITY,Interval quality,MEL.INTERVAL.NUMBER,identify,Mastering,,Generated ear-training interval,,high,Tagged
MI-M-749,CLIP-11CEF2DB7633,Melody,MEL.INTERVAL.QUALITY,Interval quality,MEL.INTERVAL.NUMBER,identify,Mastering,,Generated ear-training interval,,high,Tagged
MI-M-750,CLIP-D4FF548796CB,Melody,MEL.INTERVAL.QUALITY,Interval quality,MEL.INTERVAL.NUMBER,identify,Mastering,,Generated ear-training interval,,high,Tagged
MI-M-751,CLIP-01E5B91D04B4,Melody,MEL.INTERVAL.QUALITY,Interval quality,MEL.INTERVAL.NUMBER,identify,Mastering,,Generated ear-training interval,,high,Tagged
MI-M-752,CLIP-B88AF984D267,Melody,MEL.INTERVAL.QUALITY,Interval quality,MEL.INTERVAL.NUMBER,identify,Mastering,,Generated ear-training interval,,high,Tagged
MI-M-753,CLIP-A44F1BA7BBC8,Melody,MEL.INTERVAL.QUALITY,Interval quality,MEL.INTERVAL.NUMBER,identify,Mastering,,Generated ear-training interval,,high,Tagged
MI-M-754,CLIP-2329CF8B1986,Melody,MEL.INTERVAL.QUALITY,Interval quality,MEL.INTERVAL.NUMBER,identify,Mastering,,Generated ear-training interval,,high,Tagged
MI-M-755,CLIP-91552C18FA1A,Melody,MEL.INTERVAL.QUALITY,Interval quality,MEL.INTERVAL.NUMBER,identify,Mastering,,Generated ear-training interval,,high,Tagged
MI-M-756,CLIP-0A2F7B29B712,Melody,MEL.INTERVAL.QUALITY,Interval quality,MEL.INTERVAL.NUMBER,identify,Mastering,,Generated ear-training interval,,high,Tagged
MI-M-757,CLIP-106FD744539F,Melody,MEL.INTERVAL.QUALITY,Interval quality,MEL.INTERVAL.NUMBER,identify,Mastering,,Generated ear-training interval,,high,Tagged
MI-M-758,CLIP-584B1A4734BA,Melody,MEL.INTERVAL.QUALITY,Interval quality,MEL.INTERVAL.NUMBER,identify,Mastering,,Generated ear-training interval,,high,Tagged
MI-M-759,CLIP-7AB1C3EBC27B,Melody,MEL.INTERVAL.QUALITY,Interval quality,MEL.INTERVAL.NUMBER,identify,Mastering,,Generated ear-training interval,,high,Tagged
MI-M-760,CLIP-369CA710A8B5,Melody,MEL.INTERVAL.QUALITY,Interval quality,MEL.INTERVAL.NUMBER,identify,Mastering,,Generated ear-training interval,,high,Tagged
MI-M-761,CLIP-134AB31F66D1,Melody,MEL.INTERVAL.QUALITY,Interval quality,MEL.INTERVAL.NUMBER,identify,Mastering,,Generated ear-training interval,,high,Tagged
MI-M-762,CLIP-81348CBD3138,Melody,MEL.INTERVAL.QUALITY,Interval quality,MEL.INTERVAL.NUMBER,identify,Mastering,,Generated ear-training interval,,high,Tagged
MI-M-763,CLIP-AE64D52857C0,Melody,MEL.INTERVAL.QUALITY,Interval quality,MEL.INTERVAL.NUMBER,identify,Mastering,,Generated ear-training interval,,high,Tagged
MI-M-764,CLIP-4C4CF8BF6643,Melody,MEL.INTERVAL.QUALITY,Interval quality,MEL.INTERVAL.NUMBER,identify,Mastering,,Generated ear-training interval,,high,Tagged
MI-M-765,CLIP-90B4A5F8F14E,Melody,MEL.INTERVAL.QUALITY,Interval quality,MEL.INTERVAL.NUMBER,identify,Mastering,,Generated ear-training interval,,high,Tagged
MI-M-766,CLIP-6064A5FB19CA,Melody,MEL.INTERVAL.QUALITY,Interval quality,MEL.INTERVAL.NUMBER,identify,Mastering,,Generated ear-training interval,,high,Tagged
MI-M-767,CLIP-76F3C12DA52A,Melody,MEL.INTERVAL.QUALITY,Interval quality,MEL.INTERVAL.NUMBER,identify,Mastering,,Generated ear-training interval,,high,Tagged
MI-M-768,CLIP-7A107CA03634,Melody,MEL.INTERVAL.QUALITY,Interval quality,MEL.INTERVAL.NUMBER,identify,Mastering,,Generated ear-training interval,,high,Tagged
MI-M-769,CLIP-B636DDF81B6E,Melody,MEL.INTERVAL.QUALITY,Interval quality,MEL.INTERVAL.NUMBER,identify,Mastering,,Generated ear-training interval,,high,Tagged
MI-M-770,CLIP-03D21D811CA5,Melody,MEL.INTERVAL.QUALITY,Interval quality,MEL.INTERVAL.NUMBER,identify,Mastering,,Generated ear-training interval,,high,Tagged
MI-M-771,CLIP-2FDFE66B6323,Melody,MEL.INTERVAL.QUALITY,Interval quality,MEL.INTERVAL.NUMBER,identify,Mastering,,Generated ear-training interval,,high,Tagged
MI-M-772,CLIP-6DBD07286367,Melody,MEL.INTERVAL.QUALITY,Interval quality,MEL.INTERVAL.NUMBER,identify,Mastering,,Generated ear-training interval,,high,Tagged
MI-M-773,CLIP-0EBC2458D143,Melody,MEL.INTERVAL.QUALITY,Interval quality,MEL.INTERVAL.NUMBER,identify,Mastering,,Generated ear-training interval,,high,Tagged
MI-M-774,CLIP-3781A65DBAE6,Melody,MEL.INTERVAL.QUALITY,Interval quality,MEL.INTERVAL.NUMBER,identify,Mastering,,Generated ear-training interval,,high,Tagged
MI-M-775,CLIP-75C20F2E0764,Melody,MEL.INTERVAL.QUALITY,Interval quality,MEL.INTERVAL.NUMBER,identify,Mastering,,Generated ear-training interval,,high,Tagged
MI-M-776,CLIP-624C40CE7B6E,Melody,MEL.INTERVAL.QUALITY,Interval quality,MEL.INTERVAL.NUMBER,identify,Mastering,,Generated ear-training interval,,high,Tagged
MI-M-777,CLIP-C7FD37641601,Melody,MEL.INTERVAL.QUALITY,Interval quality,MEL.INTERVAL.NUMBER,identify,Mastering,,Generated ear-training interval,,high,Tagged
MI-M-778,CLIP-5ACEF58F7A67,Melody,MEL.INTERVAL.QUALITY,Interval quality,MEL.INTERVAL.NUMBER,identify,Mastering,,Generated ear-training interval,,high,Tagged
MI-M-779,CLIP-CFF826CCF3C9,Melody,MEL.INTERVAL.QUALITY,Interval quality,MEL.INTERVAL.NUMBER,identify,Mastering,,Generated ear-training interval,,high,Tagged
MI-M-780,CLIP-3F73207F8391,Melody,MEL.INTERVAL.QUALITY,Interval quality,MEL.INTERVAL.NUMBER,identify,Mastering,,Generated ear-training interval,,high,Tagged
MI-M-781,CLIP-FF90A14BB915,Melody,MEL.INTERVAL.QUALITY,Interval quality,MEL.INTERVAL.NUMBER,identify,Mastering,,Generated ear-training interval,,high,Tagged
MI-M-782,CLIP-A494B785E88A,Melody,MEL.INTERVAL.QUALITY,Interval quality,MEL.INTERVAL.NUMBER,identify,Mastering,,Generated ear-training interval,,high,Tagged
MI-M-783,CLIP-4854131DD101,Melody,MEL.INTERVAL.QUALITY,Interval quality,MEL.INTERVAL.NUMBER,identify,Mastering,,Generated ear-training interval,,high,Tagged
MI-M-784,CLIP-140DCD4618BA,Melody,MEL.INTERVAL.QUALITY,Interval quality,MEL.INTERVAL.NUMBER,identify,Mastering,,Generated ear-training interval,,high,Tagged
MI-M-785,CLIP-FBD6D2CB5D6E,Melody,MEL.INTERVAL.QUALITY,Interval quality,MEL.INTERVAL.NUMBER,identify,Mastering,,Generated ear-training interval,,high,Tagged
MI-M-786,CLIP-B29E32E68F19,Melody,MEL.INTERVAL.QUALITY,Interval quality,MEL.INTERVAL.NUMBER,identify,Mastering,,Generated ear-training interval,,high,Tagged
MI-M-787,CLIP-A44F1BA7BBC8,Melody,MEL.INTERVAL.QUALITY,Interval quality,MEL.INTERVAL.NUMBER,identify,Mastering,,Generated ear-training interval,,high,Tagged
MI-M-788,CLIP-D3AC0CA616A7,Melody,MEL.INTERVAL.QUALITY,Interval quality,MEL.INTERVAL.NUMBER,identify,Mastering,,Generated ear-training interval,,high,Tagged
MI-M-789,CLIP-054DDEEB4B3D,Melody,MEL.INTERVAL.QUALITY,Interval quality,MEL.INTERVAL.NUMBER,identify,Mastering,,Generated ear-training interval,,high,Tagged
MI-M-790,CLIP-173A56E80B11,Melody,MEL.INTERVAL.QUALITY,Interval quality,MEL.INTERVAL.NUMBER,identify,Mastering,,Generated ear-training interval,,high,Tagged
MI-M-791,CLIP-369CA710A8B5,Melody,MEL.INTERVAL.QUALITY,Interval quality,MEL.INTERVAL.NUMBER,identify,Mastering,,Generated ear-training interval,,high,Tagged
MI-M-792,CLIP-C607910D8898,Melody,MEL.INTERVAL.QUALITY,Interval quality,MEL.INTERVAL.NUMBER,identify,Mastering,,Generated ear-training interval,,high,Tagged
MI-M-793,CLIP-8CFD9EEB0A97,Melody,MEL.INTERVAL.QUALITY,Interval quality,MEL.INTERVAL.NUMBER,identify,Mastering,,Generated ear-training interval,,high,Tagged
MI-M-794,CLIP-EB0F18C0212A,Melody,MEL.INTERVAL.QUALITY,Interval quality,MEL.INTERVAL.NUMBER,identify,Mastering,,Generated ear-training interval,,high,Tagged
MI-M-795,CLIP-1732766ED9CA,Melody,MEL.INTERVAL.QUALITY,Interval quality,MEL.INTERVAL.NUMBER,identify,Mastering,,Generated ear-training interval,,high,Tagged
MI-M-796,CLIP-6064A5FB19CA,Melody,MEL.INTERVAL.QUALITY,Interval quality,MEL.INTERVAL.NUMBER,identify,Mastering,,Generated ear-training interval,,high,Tagged
MI-M-797,CLIP-F6F70A991B33,Melody,MEL.INTERVAL.QUALITY,Interval quality,MEL.INTERVAL.NUMBER,identify,Mastering,,Generated ear-training interval,,high,Tagged
MI-M-798,CLIP-6256AC151E95,Melody,MEL.INTERVAL.QUALITY,Interval quality,MEL.INTERVAL.NUMBER,identify,Mastering,,Generated ear-training interval,,high,Tagged
MI-M-799,CLIP-577311A94ECC,Melody,MEL.INTERVAL.QUALITY,Interval quality,MEL.INTERVAL.NUMBER,identify,Mastering,,Generated ear-training interval,,high,Tagged
MI-M-800,CLIP-27F5513303C0,Melody,MEL.INTERVAL.QUALITY,Interval quality,MEL.INTERVAL.NUMBER,identify,Mastering,,Generated ear-training interval,,high,Tagged
MI-M-801,CLIP-8A44A4F2C79F,Melody,MEL.INTERVAL.QUALITY,Interval quality,MEL.INTERVAL.NUMBER,identify,Mastering,,Generated ear-training interval,,high,Tagged
MI-M-802,CLIP-2FDFE66B6323,Melody,MEL.INTERVAL.QUALITY,Interval quality,MEL.INTERVAL.NUMBER,identify,Mastering,,Generated ear-training interval,,high,Tagged
MI-M-803,CLIP-BDFEED11FC28,Melody,MEL.INTERVAL.QUALITY,Interval quality,MEL.INTERVAL.NUMBER,identify,Mastering,,Generated ear-training interval,,high,Tagged
MI-M-804,CLIP-BA43B42B25ED,Melody,MEL.INTERVAL.QUALITY,Interval quality,MEL.INTERVAL.NUMBER,identify,Mastering,,Generated ear-training interval,,high,Tagged
MI-M-805,CLIP-35720CD161C2,Melody,MEL.INTERVAL.QUALITY,Interval quality,MEL.INTERVAL.NUMBER,identify,Mastering,,Generated ear-training interval,,high,Tagged
MI-M-806,CLIP-6B89A21B0D72,Melody,MEL.INTERVAL.QUALITY,Interval quality,MEL.INTERVAL.NUMBER,identify,Mastering,,Generated ear-training interval,,high,Tagged
MI-M-807,CLIP-BCF7E868BB27,Melody,MEL.INTERVAL.QUALITY,Interval quality,MEL.INTERVAL.NUMBER,identify,Mastering,,Generated ear-training interval,,high,Tagged
MI-M-808,CLIP-DF485965F919,Melody,MEL.INTERVAL.QUALITY,Interval quality,MEL.INTERVAL.NUMBER,identify,Mastering,,Generated ear-training interval,,high,Tagged
MI-M-809,CLIP-75C20F2E0764,Melody,MEL.INTERVAL.QUALITY,Interval quality,MEL.INTERVAL.NUMBER,identify,Mastering,,Generated ear-training interval,,high,Tagged
MI-M-810,CLIP-406258F99D41,Melody,MEL.INTERVAL.QUALITY,Interval quality,MEL.INTERVAL.NUMBER,identify,Mastering,,Generated ear-training interval,,high,Tagged
MI-M-811,CLIP-741D54F5D5EF,Melody,MEL.INTERVAL.QUALITY,Interval quality,MEL.INTERVAL.NUMBER,identify,Mastering,,Generated ear-training interval,,high,Tagged
MI-M-812,CLIP-890F00F069F8,Melody,MEL.INTERVAL.QUALITY,Interval quality,MEL.INTERVAL.NUMBER,identify,Mastering,,Generated ear-training interval,,high,Tagged
MI-M-813,CLIP-26ABA172BC96,Melody,MEL.INTERVAL.QUALITY,Interval quality,MEL.INTERVAL.NUMBER,identify,Mastering,,Generated ear-training interval,,high,Tagged
MI-M-814,CLIP-054DB7A90916,Melody,MEL.INTERVAL.QUALITY,Interval quality,MEL.INTERVAL.NUMBER,identify,Mastering,,Generated ear-training interval,,high,Tagged
MI-M-815,CLIP-2CD6E549BFF9,Melody,MEL.INTERVAL.QUALITY,Interval quality,MEL.INTERVAL.NUMBER,identify,Mastering,,Generated ear-training interval,,high,Tagged
MI-M-816,CLIP-12FF0AC2CD96,Melody,MEL.INTERVAL.QUALITY,Interval quality,MEL.INTERVAL.NUMBER,identify,Mastering,,Generated ear-training interval,,high,Tagged
MI-M-817,CLIP-5ACEF58F7A67,Melody,MEL.INTERVAL.QUALITY,Interval quality,MEL.INTERVAL.NUMBER,identify,Mastering,,Generated ear-training interval,,high,Tagged
MI-M-818,CLIP-58ED23C72C9D,Melody,MEL.INTERVAL.QUALITY,Interval quality,MEL.INTERVAL.NUMBER,identify,Mastering,,Generated ear-training interval,,high,Tagged
MI-M-819,CLIP-391DE188E382,Melody,MEL.INTERVAL.QUALITY,Interval quality,MEL.INTERVAL.NUMBER,identify,Mastering,,Generated ear-training interval,,high,Tagged
MI-M-820,CLIP-EB509B3067BC,Melody,MEL.INTERVAL.QUALITY,Interval quality,MEL.INTERVAL.NUMBER,identify,Mastering,,Generated ear-training interval,,high,Tagged
MI-M-821,CLIP-2B1891BA07A3,Melody,MEL.INTERVAL.QUALITY,Interval quality,MEL.INTERVAL.NUMBER,identify,Mastering,,Generated ear-training interval,,high,Tagged
MI-M-822,CLIP-FE5C07958BAC,Melody,MEL.INTERVAL.QUALITY,Interval quality,MEL.INTERVAL.NUMBER,identify,Mastering,,Generated ear-training interval,,high,Tagged
MI-M-823,CLIP-B81225E38176,Melody,MEL.INTERVAL.QUALITY,Interval quality,MEL.INTERVAL.NUMBER,identify,Mastering,,Generated ear-training interval,,high,Tagged
MI-M-824,CLIP-80BBC8C616E4,Melody,MEL.INTERVAL.QUALITY,Interval quality,MEL.INTERVAL.NUMBER,identify,Mastering,,Generated ear-training interval,,high,Tagged
MI-M-825,CLIP-3F73207F8391,Melody,MEL.INTERVAL.QUALITY,Interval quality,MEL.INTERVAL.NUMBER,identify,Mastering,,Generated ear-training interval,,high,Tagged
MI-M-826,CLIP-BC5E142510A4,Melody,MEL.INTERVAL.QUALITY,Interval quality,MEL.INTERVAL.NUMBER,identify,Mastering,,Generated ear-training interval,,high,Tagged
MI-M-827,CLIP-694D92D20D44,Melody,MEL.INTERVAL.QUALITY,Interval quality,MEL.INTERVAL.NUMBER,identify,Mastering,,Generated ear-training interval,,high,Tagged
MI-M-828,CLIP-0CD691FED62A,Melody,MEL.INTERVAL.QUALITY,Interval quality,MEL.INTERVAL.NUMBER,identify,Mastering,,Generated ear-training interval,,high,Tagged
MI-M-829,CLIP-F754B6AF6E89,Melody,MEL.INTERVAL.QUALITY,Interval quality,MEL.INTERVAL.NUMBER,identify,Mastering,,Generated ear-training interval,,high,Tagged
MI-M-830,CLIP-322AD3A66CD0,Melody,MEL.INTERVAL.QUALITY,Interval quality,MEL.INTERVAL.NUMBER,identify,Mastering,,Generated ear-training interval,,high,Tagged
MI-M-831,CLIP-98CFB28AD36A,Melody,MEL.INTERVAL.QUALITY,Interval quality,MEL.INTERVAL.NUMBER,identify,Mastering,,Generated ear-training interval,,high,Tagged
MI-M-832,CLIP-51FFEE4585B5,Melody,MEL.INTERVAL.QUALITY,Interval quality,MEL.INTERVAL.NUMBER,identify,Mastering,,Generated ear-training interval,,high,Tagged
MI-M-833,CLIP-FF90A14BB915,Melody,MEL.INTERVAL.QUALITY,Interval quality,MEL.INTERVAL.NUMBER,identify,Mastering,,Generated ear-training interval,,high,Tagged
MI-M-834,CLIP-799CF8808BFA,Melody,MEL.INTERVAL.QUALITY,Interval quality,MEL.INTERVAL.NUMBER,identify,Mastering,,Generated ear-training interval,,high,Tagged
MI-M-835,CLIP-FDD0C4C55B18,Melody,MEL.INTERVAL.QUALITY,Interval quality,MEL.INTERVAL.NUMBER,identify,Mastering,,Generated ear-training interval,,high,Tagged
MI-M-836,CLIP-DF4747CDC766,Melody,MEL.INTERVAL.QUALITY,Interval quality,MEL.INTERVAL.NUMBER,identify,Mastering,,Generated ear-training interval,,high,Tagged
MI-M-837,CLIP-57D39FB99ACA,Melody,MEL.INTERVAL.QUALITY,Interval quality,MEL.INTERVAL.NUMBER,identify,Mastering,,Generated ear-training interval,,high,Tagged
MI-M-838,CLIP-C1AC1004DE76,Melody,MEL.INTERVAL.QUALITY,Interval quality,MEL.INTERVAL.NUMBER,identify,Mastering,,Generated ear-training interval,,high,Tagged
MI-M-839,CLIP-0231AEACBA0D,Melody,MEL.INTERVAL.QUALITY,Interval quality,MEL.INTERVAL.NUMBER,identify,Mastering,,Generated ear-training interval,,high,Tagged
MI-M-840,CLIP-34D1760E6ECF,Melody,MEL.INTERVAL.QUALITY,Interval quality,MEL.INTERVAL.NUMBER,identify,Mastering,,Generated ear-training interval,,high,Tagged
MI-M-841,CLIP-5C68D32AC90A,Melody,MEL.INTERVAL.QUALITY,Interval quality,MEL.INTERVAL.NUMBER,identify,Mastering,,Generated ear-training interval,,high,Tagged
MI-M-842,CLIP-A145F7F5BBD3,Melody,MEL.INTERVAL.QUALITY,Interval quality,MEL.INTERVAL.NUMBER,identify,Mastering,,Generated ear-training interval,,high,Tagged
MI-M-843,CLIP-4E49851F08A7,Melody,MEL.INTERVAL.QUALITY,Interval quality,MEL.INTERVAL.NUMBER,identify,Mastering,,Generated ear-training interval,,high,Tagged
MI-M-844,CLIP-FABECBCE8C51,Melody,MEL.INTERVAL.QUALITY,Interval quality,MEL.INTERVAL.NUMBER,identify,Mastering,,Generated ear-training interval,,high,Tagged
MI-M-845,CLIP-3C4FCDB588CA,Melody,MEL.INTERVAL.QUALITY,Interval quality,MEL.INTERVAL.NUMBER,identify,Mastering,,Generated ear-training interval,,high,Tagged
MI-M-846,CLIP-1209E0D5E0E6,Melody,MEL.INTERVAL.QUALITY,Interval quality,MEL.INTERVAL.NUMBER,identify,Mastering,,Generated ear-training interval,,high,Tagged
MI-M-847,CLIP-B779F5B7AACC,Melody,MEL.INTERVAL.QUALITY,Interval quality,MEL.INTERVAL.NUMBER,identify,Mastering,,Generated ear-training interval,,high,Tagged
MI-M-848,CLIP-E31C5AAF1D15,Melody,MEL.INTERVAL.QUALITY,Interval quality,MEL.INTERVAL.NUMBER,identify,Mastering,,Generated ear-training interval,,high,Tagged
MI-M-849,CLIP-140DCD4618BA,Melody,MEL.INTERVAL.QUALITY,Interval quality,MEL.INTERVAL.NUMBER,identify,Mastering,,Generated ear-training interval,,high,Tagged
MI-M-850,CLIP-F529CDEECE30,Melody,MEL.INTERVAL.QUALITY,Interval quality,MEL.INTERVAL.NUMBER,identify,Mastering,,Generated ear-training interval,,high,Tagged
MI-M-851,CLIP-730CD7F09941,Melody,MEL.INTERVAL.QUALITY,Interval quality,MEL.INTERVAL.NUMBER,identify,Mastering,,Generated ear-training interval,,high,Tagged
MI-M-852,CLIP-3F823C7CC92C,Melody,MEL.INTERVAL.QUALITY,Interval quality,MEL.INTERVAL.NUMBER,identify,Mastering,,Generated ear-training interval,,high,Tagged
MI-M-853,CLIP-11CEF2DB7633,Melody,MEL.INTERVAL.QUALITY,Interval quality,MEL.INTERVAL.NUMBER,identify,Mastering,,Generated ear-training interval,,high,Tagged
MI-M-854,CLIP-D4FF548796CB,Melody,MEL.INTERVAL.QUALITY,Interval quality,MEL.INTERVAL.NUMBER,identify,Mastering,,Generated ear-training interval,,high,Tagged
MI-M-855,CLIP-61DFFBA55ACC,Melody,MEL.INTERVAL.QUALITY,Interval quality,MEL.INTERVAL.NUMBER,identify,Mastering,,Generated ear-training interval,,high,Tagged
MI-M-856,CLIP-B88AF984D267,Melody,MEL.INTERVAL.QUALITY,Interval quality,MEL.INTERVAL.NUMBER,identify,Mastering,,Generated ear-training interval,,high,Tagged
MI-M-857,CLIP-A44F1BA7BBC8,Melody,MEL.INTERVAL.QUALITY,Interval quality,MEL.INTERVAL.NUMBER,identify,Mastering,,Generated ear-training interval,,high,Tagged
MI-M-858,CLIP-2329CF8B1986,Melody,MEL.INTERVAL.QUALITY,Interval quality,MEL.INTERVAL.NUMBER,identify,Mastering,,Generated ear-training interval,,high,Tagged
MI-M-859,CLIP-91552C18FA1A,Melody,MEL.INTERVAL.QUALITY,Interval quality,MEL.INTERVAL.NUMBER,identify,Mastering,,Generated ear-training interval,,high,Tagged
MI-M-860,CLIP-0A2F7B29B712,Melody,MEL.INTERVAL.QUALITY,Interval quality,MEL.INTERVAL.NUMBER,identify,Mastering,,Generated ear-training interval,,high,Tagged
MI-M-861,CLIP-106FD744539F,Melody,MEL.INTERVAL.QUALITY,Interval quality,MEL.INTERVAL.NUMBER,identify,Mastering,,Generated ear-training interval,,high,Tagged
MI-M-862,CLIP-6A2DBC9520F9,Melody,MEL.INTERVAL.QUALITY,Interval quality,MEL.INTERVAL.NUMBER,identify,Mastering,,Generated ear-training interval,,high,Tagged
MI-M-863,CLIP-7AB1C3EBC27B,Melody,MEL.INTERVAL.QUALITY,Interval quality,MEL.INTERVAL.NUMBER,identify,Mastering,,Generated ear-training interval,,high,Tagged
MI-M-864,CLIP-369CA710A8B5,Melody,MEL.INTERVAL.QUALITY,Interval quality,MEL.INTERVAL.NUMBER,identify,Mastering,,Generated ear-training interval,,high,Tagged
MI-M-865,CLIP-134AB31F66D1,Melody,MEL.INTERVAL.QUALITY,Interval quality,MEL.INTERVAL.NUMBER,identify,Mastering,,Generated ear-training interval,,high,Tagged
MI-M-866,CLIP-81348CBD3138,Melody,MEL.INTERVAL.QUALITY,Interval quality,MEL.INTERVAL.NUMBER,identify,Mastering,,Generated ear-training interval,,high,Tagged
MI-M-867,CLIP-AE64D52857C0,Melody,MEL.INTERVAL.QUALITY,Interval quality,MEL.INTERVAL.NUMBER,identify,Mastering,,Generated ear-training interval,,high,Tagged
MI-M-868,CLIP-D747B77A482C,Melody,MEL.INTERVAL.QUALITY,Interval quality,MEL.INTERVAL.NUMBER,identify,Mastering,,Generated ear-training interval,,high,Tagged
MI-M-869,CLIP-90B4A5F8F14E,Melody,MEL.INTERVAL.QUALITY,Interval quality,MEL.INTERVAL.NUMBER,identify,Mastering,,Generated ear-training interval,,high,Tagged
MI-M-870,CLIP-6064A5FB19CA,Melody,MEL.INTERVAL.QUALITY,Interval quality,MEL.INTERVAL.NUMBER,identify,Mastering,,Generated ear-training interval,,high,Tagged
MI-M-871,CLIP-76F3C12DA52A,Melody,MEL.INTERVAL.QUALITY,Interval quality,MEL.INTERVAL.NUMBER,identify,Mastering,,Generated ear-training interval,,high,Tagged
MI-M-872,CLIP-7A107CA03634,Melody,MEL.INTERVAL.QUALITY,Interval quality,MEL.INTERVAL.NUMBER,identify,Mastering,,Generated ear-training interval,,high,Tagged
MI-M-873,CLIP-E7287B317024,Melody,MEL.INTERVAL.QUALITY,Interval quality,MEL.INTERVAL.NUMBER,identify,Mastering,,Generated ear-training interval,,high,Tagged
MI-M-874,CLIP-03D21D811CA5,Melody,MEL.INTERVAL.QUALITY,Interval quality,MEL.INTERVAL.NUMBER,identify,Mastering,,Generated ear-training interval,,high,Tagged
MI-M-875,CLIP-2FDFE66B6323,Melody,MEL.INTERVAL.QUALITY,Interval quality,MEL.INTERVAL.NUMBER,identify,Mastering,,Generated ear-training interval,,high,Tagged
MI-M-876,CLIP-6DBD07286367,Melody,MEL.INTERVAL.QUALITY,Interval quality,MEL.INTERVAL.NUMBER,identify,Mastering,,Generated ear-training interval,,high,Tagged
MI-M-877,CLIP-935E38FF6084,Melody,MEL.INTERVAL.QUALITY,Interval quality,MEL.INTERVAL.NUMBER,identify,Mastering,,Generated ear-training interval,,high,Tagged
MI-M-878,CLIP-3781A65DBAE6,Melody,MEL.INTERVAL.QUALITY,Interval quality,MEL.INTERVAL.NUMBER,identify,Mastering,,Generated ear-training interval,,high,Tagged
MI-M-879,CLIP-75C20F2E0764,Melody,MEL.INTERVAL.QUALITY,Interval quality,MEL.INTERVAL.NUMBER,identify,Mastering,,Generated ear-training interval,,high,Tagged
MI-M-880,CLIP-F6146156D9B4,Melody,MEL.INTERVAL.QUALITY,Interval quality,MEL.INTERVAL.NUMBER,identify,Mastering,,Generated ear-training interval,,high,Tagged
MI-M-881,CLIP-C7FD37641601,Melody,MEL.INTERVAL.QUALITY,Interval quality,MEL.INTERVAL.NUMBER,identify,Mastering,,Generated ear-training interval,,high,Tagged
MI-M-882,CLIP-D9882A9AA313,Melody,MEL.INTERVAL.QUALITY,Interval quality,MEL.INTERVAL.NUMBER,identify,Mastering,,Generated ear-training interval,,high,Tagged
MI-M-883,CLIP-6235CE40C9F8,Melody,MEL.INTERVAL.QUALITY,Interval quality,MEL.INTERVAL.NUMBER,identify,Mastering,,Generated ear-training interval,,high,Tagged
MI-M-884,CLIP-3F73207F8391,Melody,MEL.INTERVAL.QUALITY,Interval quality,MEL.INTERVAL.NUMBER,identify,Mastering,,Generated ear-training interval,,high,Tagged
MI-M-885,CLIP-FF90A14BB915,Melody,MEL.INTERVAL.QUALITY,Interval quality,MEL.INTERVAL.NUMBER,identify,Mastering,,Generated ear-training interval,,high,Tagged
MI-M-886,CLIP-5C68D32AC90A,Melody,MEL.INTERVAL.QUALITY,Interval quality,MEL.INTERVAL.NUMBER,identify,Mastering,,Generated ear-training interval,,high,Tagged
MI-M-887,CLIP-BB57977AD8CF,Melody,MEL.INTERVAL.QUALITY,Interval quality,MEL.INTERVAL.NUMBER,identify,Mastering,,Generated ear-training interval,,high,Tagged
MI-M-888,CLIP-140DCD4618BA,Melody,MEL.INTERVAL.QUALITY,Interval quality,MEL.INTERVAL.NUMBER,identify,Mastering,,Generated ear-training interval,,high,Tagged
MI-M-889,CLIP-DC91802BD544,Melody,MEL.INTERVAL.QUALITY,Interval quality,MEL.INTERVAL.NUMBER,identify,Mastering,,Generated ear-training interval,,high,Tagged
MI-M-890,CLIP-B29E32E68F19,Melody,MEL.INTERVAL.QUALITY,Interval quality,MEL.INTERVAL.NUMBER,identify,Mastering,,Generated ear-training interval,,high,Tagged
MI-M-891,CLIP-A44F1BA7BBC8,Melody,MEL.INTERVAL.QUALITY,Interval quality,MEL.INTERVAL.NUMBER,identify,Mastering,,Generated ear-training interval,,high,Tagged
MI-M-892,CLIP-D3AC0CA616A7,Melody,MEL.INTERVAL.QUALITY,Interval quality,MEL.INTERVAL.NUMBER,identify,Mastering,,Generated ear-training interval,,high,Tagged
MI-M-893,CLIP-E163E290F8FE,Melody,MEL.INTERVAL.QUALITY,Interval quality,MEL.INTERVAL.NUMBER,identify,Mastering,,Generated ear-training interval,,high,Tagged
MI-M-894,CLIP-173A56E80B11,Melody,MEL.INTERVAL.QUALITY,Interval quality,MEL.INTERVAL.NUMBER,identify,Mastering,,Generated ear-training interval,,high,Tagged
MI-M-895,CLIP-369CA710A8B5,Melody,MEL.INTERVAL.QUALITY,Interval quality,MEL.INTERVAL.NUMBER,identify,Mastering,,Generated ear-training interval,,high,Tagged
MI-M-896,CLIP-C607910D8898,Melody,MEL.INTERVAL.QUALITY,Interval quality,MEL.INTERVAL.NUMBER,identify,Mastering,,Generated ear-training interval,,high,Tagged
MI-M-897,CLIP-8CFD9EEB0A97,Melody,MEL.INTERVAL.QUALITY,Interval quality,MEL.INTERVAL.NUMBER,identify,Mastering,,Generated ear-training interval,,high,Tagged
MI-M-898,CLIP-1291C2920869,Melody,MEL.INTERVAL.QUALITY,Interval quality,MEL.INTERVAL.NUMBER,identify,Mastering,,Generated ear-training interval,,high,Tagged
MI-M-899,CLIP-1732766ED9CA,Melody,MEL.INTERVAL.QUALITY,Interval quality,MEL.INTERVAL.NUMBER,identify,Mastering,,Generated ear-training interval,,high,Tagged
MI-M-900,CLIP-6064A5FB19CA,Melody,MEL.INTERVAL.QUALITY,Interval quality,MEL.INTERVAL.NUMBER,identify,Mastering,,Generated ear-training interval,,high,Tagged
MI-M-901,CLIP-F6F70A991B33,Melody,MEL.INTERVAL.QUALITY,Interval quality,MEL.INTERVAL.NUMBER,identify,Mastering,,Generated ear-training interval,,high,Tagged
MI-M-902,CLIP-6256AC151E95,Melody,MEL.INTERVAL.QUALITY,Interval quality,MEL.INTERVAL.NUMBER,identify,Mastering,,Generated ear-training interval,,high,Tagged
MI-M-903,CLIP-577311A94ECC,Melody,MEL.INTERVAL.QUALITY,Interval quality,MEL.INTERVAL.NUMBER,identify,Mastering,,Generated ear-training interval,,high,Tagged
MI-M-904,CLIP-211E587E6C05,Melody,MEL.INTERVAL.QUALITY,Interval quality,MEL.INTERVAL.NUMBER,identify,Mastering,,Generated ear-training interval,,high,Tagged
MI-M-905,CLIP-8A44A4F2C79F,Melody,MEL.INTERVAL.QUALITY,Interval quality,MEL.INTERVAL.NUMBER,identify,Mastering,,Generated ear-training interval,,high,Tagged
MI-M-906,CLIP-2FDFE66B6323,Melody,MEL.INTERVAL.QUALITY,Interval quality,MEL.INTERVAL.NUMBER,identify,Mastering,,Generated ear-training interval,,high,Tagged
MI-M-907,CLIP-BDFEED11FC28,Melody,MEL.INTERVAL.QUALITY,Interval quality,MEL.INTERVAL.NUMBER,identify,Mastering,,Generated ear-training interval,,high,Tagged
MI-M-908,CLIP-BA43B42B25ED,Melody,MEL.INTERVAL.QUALITY,Interval quality,MEL.INTERVAL.NUMBER,identify,Mastering,,Generated ear-training interval,,high,Tagged
MI-M-909,CLIP-35720CD161C2,Melody,MEL.INTERVAL.QUALITY,Interval quality,MEL.INTERVAL.NUMBER,identify,Mastering,,Generated ear-training interval,,high,Tagged
MI-M-910,CLIP-6B89A21B0D72,Melody,MEL.INTERVAL.QUALITY,Interval quality,MEL.INTERVAL.NUMBER,identify,Mastering,,Generated ear-training interval,,high,Tagged
MI-M-911,CLIP-40174255572C,Melody,MEL.INTERVAL.QUALITY,Interval quality,MEL.INTERVAL.NUMBER,identify,Mastering,,Generated ear-training interval,,high,Tagged
MI-M-912,CLIP-DF485965F919,Melody,MEL.INTERVAL.QUALITY,Interval quality,MEL.INTERVAL.NUMBER,identify,Mastering,,Generated ear-training interval,,high,Tagged
MI-M-913,CLIP-75C20F2E0764,Melody,MEL.INTERVAL.QUALITY,Interval quality,MEL.INTERVAL.NUMBER,identify,Mastering,,Generated ear-training interval,,high,Tagged
MI-M-914,CLIP-406258F99D41,Melody,MEL.INTERVAL.QUALITY,Interval quality,MEL.INTERVAL.NUMBER,identify,Mastering,,Generated ear-training interval,,high,Tagged
MI-M-915,CLIP-741D54F5D5EF,Melody,MEL.INTERVAL.QUALITY,Interval quality,MEL.INTERVAL.NUMBER,identify,Mastering,,Generated ear-training interval,,high,Tagged
MI-M-916,CLIP-890F00F069F8,Melody,MEL.INTERVAL.QUALITY,Interval quality,MEL.INTERVAL.NUMBER,identify,Mastering,,Generated ear-training interval,,high,Tagged
MI-M-917,CLIP-26ABA172BC96,Melody,MEL.INTERVAL.QUALITY,Interval quality,MEL.INTERVAL.NUMBER,identify,Mastering,,Generated ear-training interval,,high,Tagged
MI-M-918,CLIP-054DB7A90916,Melody,MEL.INTERVAL.QUALITY,Interval quality,MEL.INTERVAL.NUMBER,identify,Mastering,,Generated ear-training interval,,high,Tagged
MI-M-919,CLIP-91DCB9FCDF66,Melody,MEL.INTERVAL.QUALITY,Interval quality,MEL.INTERVAL.NUMBER,identify,Mastering,,Generated ear-training interval,,high,Tagged
MI-M-920,CLIP-12FF0AC2CD96,Melody,MEL.INTERVAL.QUALITY,Interval quality,MEL.INTERVAL.NUMBER,identify,Mastering,,Generated ear-training interval,,high,Tagged
MI-M-921,CLIP-D9882A9AA313,Melody,MEL.INTERVAL.QUALITY,Interval quality,MEL.INTERVAL.NUMBER,identify,Mastering,,Generated ear-training interval,,high,Tagged
MI-M-922,CLIP-1F2CE7B5C2FD,Melody,MEL.INTERVAL.QUALITY,Interval quality,MEL.INTERVAL.NUMBER,identify,Mastering,,Generated ear-training interval,,high,Tagged
MI-M-923,CLIP-D899765CC2BE,Melody,MEL.INTERVAL.QUALITY,Interval quality,MEL.INTERVAL.NUMBER,identify,Mastering,,Generated ear-training interval,,high,Tagged
MI-M-924,CLIP-8BD6BA2B1A8C,Melody,MEL.INTERVAL.QUALITY,Interval quality,MEL.INTERVAL.NUMBER,identify,Mastering,,Generated ear-training interval,,high,Tagged
MI-M-925,CLIP-53D206882ACF,Melody,MEL.INTERVAL.QUALITY,Interval quality,MEL.INTERVAL.NUMBER,identify,Mastering,,Generated ear-training interval,,high,Tagged
MI-M-926,CLIP-EE48C0DCBD3E,Melody,MEL.INTERVAL.QUALITY,Interval quality,MEL.INTERVAL.NUMBER,identify,Mastering,,Generated ear-training interval,,high,Tagged
MI-M-927,CLIP-63F20BBFF32C,Melody,MEL.INTERVAL.QUALITY,Interval quality,MEL.INTERVAL.NUMBER,identify,Mastering,,Generated ear-training interval,,high,Tagged
MI-M-928,CLIP-974420A59B4B,Melody,MEL.INTERVAL.QUALITY,Interval quality,MEL.INTERVAL.NUMBER,identify,Mastering,,Generated ear-training interval,,high,Tagged
MI-M-929,CLIP-3F73207F8391,Melody,MEL.INTERVAL.QUALITY,Interval quality,MEL.INTERVAL.NUMBER,identify,Mastering,,Generated ear-training interval,,high,Tagged
MI-M-930,CLIP-589AB5F213BA,Melody,MEL.INTERVAL.QUALITY,Interval quality,MEL.INTERVAL.NUMBER,identify,Mastering,,Generated ear-training interval,,high,Tagged
MI-M-931,CLIP-694D92D20D44,Melody,MEL.INTERVAL.QUALITY,Interval quality,MEL.INTERVAL.NUMBER,identify,Mastering,,Generated ear-training interval,,high,Tagged
MI-M-932,CLIP-0CD691FED62A,Melody,MEL.INTERVAL.QUALITY,Interval quality,MEL.INTERVAL.NUMBER,identify,Mastering,,Generated ear-training interval,,high,Tagged
MI-M-933,CLIP-F754B6AF6E89,Melody,MEL.INTERVAL.QUALITY,Interval quality,MEL.INTERVAL.NUMBER,identify,Mastering,,Generated ear-training interval,,high,Tagged
MI-M-934,CLIP-322AD3A66CD0,Melody,MEL.INTERVAL.QUALITY,Interval quality,MEL.INTERVAL.NUMBER,identify,Mastering,,Generated ear-training interval,,high,Tagged
MI-M-935,CLIP-98CFB28AD36A,Melody,MEL.INTERVAL.QUALITY,Interval quality,MEL.INTERVAL.NUMBER,identify,Mastering,,Generated ear-training interval,,high,Tagged
MI-M-936,CLIP-51FFEE4585B5,Melody,MEL.INTERVAL.QUALITY,Interval quality,MEL.INTERVAL.NUMBER,identify,Mastering,,Generated ear-training interval,,high,Tagged
MI-S-001,CLIP-FF90A14BB915,Melody,MEL.INTERVAL.QUALITY,Interval quality,MEL.INTERVAL.NUMBER,identify,Securing,,Generated ear-training interval,,high,Tagged
MI-S-002,CLIP-33A49A248820,Melody,MEL.INTERVAL.QUALITY,Interval quality,MEL.INTERVAL.NUMBER,identify,Securing,,Generated ear-training interval,,high,Tagged
MI-S-003,CLIP-87B3B1997579,Melody,MEL.INTERVAL.QUALITY,Interval quality,MEL.INTERVAL.NUMBER,identify,Securing,,Generated ear-training interval,,high,Tagged
MI-S-004,CLIP-DF4747CDC766,Melody,MEL.INTERVAL.QUALITY,Interval quality,MEL.INTERVAL.NUMBER,identify,Securing,,Generated ear-training interval,,high,Tagged
MI-S-005,CLIP-57D39FB99ACA,Melody,MEL.INTERVAL.QUALITY,Interval quality,MEL.INTERVAL.NUMBER,identify,Securing,,Generated ear-training interval,,high,Tagged
MI-S-006,CLIP-80EB25C0BC48,Melody,MEL.INTERVAL.QUALITY,Interval quality,MEL.INTERVAL.NUMBER,identify,Securing,,Generated ear-training interval,,high,Tagged
MI-S-007,CLIP-E493845D36BC,Melody,MEL.INTERVAL.QUALITY,Interval quality,MEL.INTERVAL.NUMBER,identify,Securing,,Generated ear-training interval,,high,Tagged
MI-S-008,CLIP-34D1760E6ECF,Melody,MEL.INTERVAL.QUALITY,Interval quality,MEL.INTERVAL.NUMBER,identify,Securing,,Generated ear-training interval,,high,Tagged
MI-S-009,CLIP-A494B785E88A,Melody,MEL.INTERVAL.QUALITY,Interval quality,MEL.INTERVAL.NUMBER,identify,Securing,,Generated ear-training interval,,high,Tagged
MI-S-010,CLIP-19DB1567F003,Melody,MEL.INTERVAL.QUALITY,Interval quality,MEL.INTERVAL.NUMBER,identify,Securing,,Generated ear-training interval,,high,Tagged
MI-S-011,CLIP-2F21E7F7C090,Melody,MEL.INTERVAL.QUALITY,Interval quality,MEL.INTERVAL.NUMBER,identify,Securing,,Generated ear-training interval,,high,Tagged
MI-S-012,CLIP-99FBE1FD0A14,Melody,MEL.INTERVAL.QUALITY,Interval quality,MEL.INTERVAL.NUMBER,identify,Securing,,Generated ear-training interval,,high,Tagged
MI-S-013,CLIP-E0DF93960097,Melody,MEL.INTERVAL.QUALITY,Interval quality,MEL.INTERVAL.NUMBER,identify,Securing,,Generated ear-training interval,,high,Tagged
MI-S-014,CLIP-2327F3193F69,Melody,MEL.INTERVAL.QUALITY,Interval quality,MEL.INTERVAL.NUMBER,identify,Securing,,Generated ear-training interval,,high,Tagged
MI-S-015,CLIP-B91F13BFD047,Melody,MEL.INTERVAL.QUALITY,Interval quality,MEL.INTERVAL.NUMBER,identify,Securing,,Generated ear-training interval,,high,Tagged
MI-S-016,CLIP-DA08532E88EC,Melody,MEL.INTERVAL.QUALITY,Interval quality,MEL.INTERVAL.NUMBER,identify,Securing,,Generated ear-training interval,,high,Tagged
MI-S-017,CLIP-E113AC2E5A31,Melody,MEL.INTERVAL.QUALITY,Interval quality,MEL.INTERVAL.NUMBER,identify,Securing,,Generated ear-training interval,,high,Tagged
MI-S-018,CLIP-29BF56FE2D6C,Melody,MEL.INTERVAL.QUALITY,Interval quality,MEL.INTERVAL.NUMBER,identify,Securing,,Generated ear-training interval,,high,Tagged
MI-S-019,CLIP-D2D32A39FF58,Melody,MEL.INTERVAL.QUALITY,Interval quality,MEL.INTERVAL.NUMBER,identify,Securing,,Generated ear-training interval,,high,Tagged
MI-S-020,CLIP-6D1916C62FBD,Melody,MEL.INTERVAL.QUALITY,Interval quality,MEL.INTERVAL.NUMBER,identify,Securing,,Generated ear-training interval,,high,Tagged
MI-S-021,CLIP-707CC2BADEB8,Melody,MEL.INTERVAL.QUALITY,Interval quality,MEL.INTERVAL.NUMBER,identify,Securing,,Generated ear-training interval,,high,Tagged
MI-S-022,CLIP-AD1E59332EC4,Melody,MEL.INTERVAL.QUALITY,Interval quality,MEL.INTERVAL.NUMBER,identify,Securing,,Generated ear-training interval,,high,Tagged
MI-S-023,CLIP-5188F36C5EA1,Melody,MEL.INTERVAL.QUALITY,Interval quality,MEL.INTERVAL.NUMBER,identify,Securing,,Generated ear-training interval,,high,Tagged
MI-S-024,CLIP-687AE37A5454,Melody,MEL.INTERVAL.QUALITY,Interval quality,MEL.INTERVAL.NUMBER,identify,Securing,,Generated ear-training interval,,high,Tagged
MI-S-025,CLIP-A44F1BA7BBC8,Melody,MEL.INTERVAL.QUALITY,Interval quality,MEL.INTERVAL.NUMBER,identify,Securing,,Generated ear-training interval,,high,Tagged
MI-S-026,CLIP-2329CF8B1986,Melody,MEL.INTERVAL.QUALITY,Interval quality,MEL.INTERVAL.NUMBER,identify,Securing,,Generated ear-training interval,,high,Tagged
MI-S-027,CLIP-94823CA72B44,Melody,MEL.INTERVAL.QUALITY,Interval quality,MEL.INTERVAL.NUMBER,identify,Securing,,Generated ear-training interval,,high,Tagged
MI-S-028,CLIP-106FD744539F,Melody,MEL.INTERVAL.QUALITY,Interval quality,MEL.INTERVAL.NUMBER,identify,Securing,,Generated ear-training interval,,high,Tagged
MI-S-029,CLIP-584B1A4734BA,Melody,MEL.INTERVAL.QUALITY,Interval quality,MEL.INTERVAL.NUMBER,identify,Securing,,Generated ear-training interval,,high,Tagged
MI-S-030,CLIP-CBA449395529,Melody,MEL.INTERVAL.QUALITY,Interval quality,MEL.INTERVAL.NUMBER,identify,Securing,,Generated ear-training interval,,high,Tagged
MI-S-031,CLIP-369CA710A8B5,Melody,MEL.INTERVAL.QUALITY,Interval quality,MEL.INTERVAL.NUMBER,identify,Securing,,Generated ear-training interval,,high,Tagged
MI-S-032,CLIP-F22B0998779B,Melody,MEL.INTERVAL.QUALITY,Interval quality,MEL.INTERVAL.NUMBER,identify,Securing,,Generated ear-training interval,,high,Tagged
MI-S-033,CLIP-9AE4E7B8D385,Melody,MEL.INTERVAL.QUALITY,Interval quality,MEL.INTERVAL.NUMBER,identify,Securing,,Generated ear-training interval,,high,Tagged
MI-S-034,CLIP-AE64D52857C0,Melody,MEL.INTERVAL.QUALITY,Interval quality,MEL.INTERVAL.NUMBER,identify,Securing,,Generated ear-training interval,,high,Tagged
MI-S-035,CLIP-4C4CF8BF6643,Melody,MEL.INTERVAL.QUALITY,Interval quality,MEL.INTERVAL.NUMBER,identify,Securing,,Generated ear-training interval,,high,Tagged
MI-S-036,CLIP-19A0AB441BC0,Melody,MEL.INTERVAL.QUALITY,Interval quality,MEL.INTERVAL.NUMBER,identify,Securing,,Generated ear-training interval,,high,Tagged
MI-S-037,CLIP-B394355DB8B3,Melody,MEL.INTERVAL.QUALITY,Interval quality,MEL.INTERVAL.NUMBER,identify,Securing,,Generated ear-training interval,,high,Tagged
MI-S-038,CLIP-1ECEC26BE1DE,Melody,MEL.INTERVAL.QUALITY,Interval quality,MEL.INTERVAL.NUMBER,identify,Securing,,Generated ear-training interval,,high,Tagged
MI-S-039,CLIP-676B3E4E8F81,Melody,MEL.INTERVAL.QUALITY,Interval quality,MEL.INTERVAL.NUMBER,identify,Securing,,Generated ear-training interval,,high,Tagged
MI-S-040,CLIP-E836C443B74F,Melody,MEL.INTERVAL.QUALITY,Interval quality,MEL.INTERVAL.NUMBER,identify,Securing,,Generated ear-training interval,,high,Tagged
MI-S-041,CLIP-4CC36BBE4D41,Melody,MEL.INTERVAL.QUALITY,Interval quality,MEL.INTERVAL.NUMBER,identify,Securing,,Generated ear-training interval,,high,Tagged
MI-S-042,CLIP-0F45018F427C,Melody,MEL.INTERVAL.QUALITY,Interval quality,MEL.INTERVAL.NUMBER,identify,Securing,,Generated ear-training interval,,high,Tagged
MI-S-043,CLIP-1077844AA846,Melody,MEL.INTERVAL.QUALITY,Interval quality,MEL.INTERVAL.NUMBER,identify,Securing,,Generated ear-training interval,,high,Tagged
MI-S-044,CLIP-64E68253C4E7,Melody,MEL.INTERVAL.QUALITY,Interval quality,MEL.INTERVAL.NUMBER,identify,Securing,,Generated ear-training interval,,high,Tagged
MI-S-045,CLIP-3986F4D1EC56,Melody,MEL.INTERVAL.QUALITY,Interval quality,MEL.INTERVAL.NUMBER,identify,Securing,,Generated ear-training interval,,high,Tagged
MI-S-046,CLIP-75C20F2E0764,Melody,MEL.INTERVAL.QUALITY,Interval quality,MEL.INTERVAL.NUMBER,identify,Securing,,Generated ear-training interval,,high,Tagged
MI-S-047,CLIP-624C40CE7B6E,Melody,MEL.INTERVAL.QUALITY,Interval quality,MEL.INTERVAL.NUMBER,identify,Securing,,Generated ear-training interval,,high,Tagged
MI-S-048,CLIP-9F02382DF07F,Melody,MEL.INTERVAL.QUALITY,Interval quality,MEL.INTERVAL.NUMBER,identify,Securing,,Generated ear-training interval,,high,Tagged
MI-S-049,CLIP-5ACEF58F7A67,Melody,MEL.INTERVAL.QUALITY,Interval quality,MEL.INTERVAL.NUMBER,identify,Securing,,Generated ear-training interval,,high,Tagged
MI-S-050,CLIP-A54D2EFB057A,Melody,MEL.INTERVAL.QUALITY,Interval quality,MEL.INTERVAL.NUMBER,identify,Securing,,Generated ear-training interval,,high,Tagged
MI-S-051,CLIP-EFC3DAE122F6,Melody,MEL.INTERVAL.QUALITY,Interval quality,MEL.INTERVAL.NUMBER,identify,Securing,,Generated ear-training interval,,high,Tagged
MI-S-052,CLIP-FF90A14BB915,Melody,MEL.INTERVAL.QUALITY,Interval quality,MEL.INTERVAL.NUMBER,identify,Securing,,Generated ear-training interval,,high,Tagged
MI-S-053,CLIP-A494B785E88A,Melody,MEL.INTERVAL.QUALITY,Interval quality,MEL.INTERVAL.NUMBER,identify,Securing,,Generated ear-training interval,,high,Tagged
MI-S-054,CLIP-4854131DD101,Melody,MEL.INTERVAL.QUALITY,Interval quality,MEL.INTERVAL.NUMBER,identify,Securing,,Generated ear-training interval,,high,Tagged
MI-S-055,CLIP-E113AC2E5A31,Melody,MEL.INTERVAL.QUALITY,Interval quality,MEL.INTERVAL.NUMBER,identify,Securing,,Generated ear-training interval,,high,Tagged
MI-S-056,CLIP-2C21446B6F93,Melody,MEL.INTERVAL.QUALITY,Interval quality,MEL.INTERVAL.NUMBER,identify,Securing,,Generated ear-training interval,,high,Tagged
MI-S-057,CLIP-4005AEB24617,Melody,MEL.INTERVAL.QUALITY,Interval quality,MEL.INTERVAL.NUMBER,identify,Securing,,Generated ear-training interval,,high,Tagged
MI-S-058,CLIP-A44F1BA7BBC8,Melody,MEL.INTERVAL.QUALITY,Interval quality,MEL.INTERVAL.NUMBER,identify,Securing,,Generated ear-training interval,,high,Tagged
MI-S-059,CLIP-416BBD5A1F0E,Melody,MEL.INTERVAL.QUALITY,Interval quality,MEL.INTERVAL.NUMBER,identify,Securing,,Generated ear-training interval,,high,Tagged
MI-S-060,CLIP-054DDEEB4B3D,Melody,MEL.INTERVAL.QUALITY,Interval quality,MEL.INTERVAL.NUMBER,identify,Securing,,Generated ear-training interval,,high,Tagged
MI-S-061,CLIP-173A56E80B11,Melody,MEL.INTERVAL.QUALITY,Interval quality,MEL.INTERVAL.NUMBER,identify,Securing,,Generated ear-training interval,,high,Tagged
MI-S-062,CLIP-369CA710A8B5,Melody,MEL.INTERVAL.QUALITY,Interval quality,MEL.INTERVAL.NUMBER,identify,Securing,,Generated ear-training interval,,high,Tagged
MI-S-063,CLIP-C607910D8898,Melody,MEL.INTERVAL.QUALITY,Interval quality,MEL.INTERVAL.NUMBER,identify,Securing,,Generated ear-training interval,,high,Tagged
MI-S-064,CLIP-3DF3A674EC78,Melody,MEL.INTERVAL.QUALITY,Interval quality,MEL.INTERVAL.NUMBER,identify,Securing,,Generated ear-training interval,,high,Tagged
MI-S-065,CLIP-EB0F18C0212A,Melody,MEL.INTERVAL.QUALITY,Interval quality,MEL.INTERVAL.NUMBER,identify,Securing,,Generated ear-training interval,,high,Tagged
MI-S-066,CLIP-1732766ED9CA,Melody,MEL.INTERVAL.QUALITY,Interval quality,MEL.INTERVAL.NUMBER,identify,Securing,,Generated ear-training interval,,high,Tagged
MI-S-067,CLIP-B394355DB8B3,Melody,MEL.INTERVAL.QUALITY,Interval quality,MEL.INTERVAL.NUMBER,identify,Securing,,Generated ear-training interval,,high,Tagged
MI-S-068,CLIP-2969EC8B1C34,Melody,MEL.INTERVAL.QUALITY,Interval quality,MEL.INTERVAL.NUMBER,identify,Securing,,Generated ear-training interval,,high,Tagged
MI-S-069,CLIP-36D960DB602A,Melody,MEL.INTERVAL.QUALITY,Interval quality,MEL.INTERVAL.NUMBER,identify,Securing,,Generated ear-training interval,,high,Tagged
MI-S-070,CLIP-EFBB6B4D4D28,Melody,MEL.INTERVAL.QUALITY,Interval quality,MEL.INTERVAL.NUMBER,identify,Securing,,Generated ear-training interval,,high,Tagged
MI-S-071,CLIP-550AFF24F04A,Melody,MEL.INTERVAL.QUALITY,Interval quality,MEL.INTERVAL.NUMBER,identify,Securing,,Generated ear-training interval,,high,Tagged
MI-S-072,CLIP-6BF2F2634734,Melody,MEL.INTERVAL.QUALITY,Interval quality,MEL.INTERVAL.NUMBER,identify,Securing,,Generated ear-training interval,,high,Tagged
MI-S-073,CLIP-0F45018F427C,Melody,MEL.INTERVAL.QUALITY,Interval quality,MEL.INTERVAL.NUMBER,identify,Securing,,Generated ear-training interval,,high,Tagged
MI-S-074,CLIP-57A148C6D30C,Melody,MEL.INTERVAL.QUALITY,Interval quality,MEL.INTERVAL.NUMBER,identify,Securing,,Generated ear-training interval,,high,Tagged
MI-S-075,CLIP-51F4EA1BE573,Melody,MEL.INTERVAL.QUALITY,Interval quality,MEL.INTERVAL.NUMBER,identify,Securing,,Generated ear-training interval,,high,Tagged
MI-S-076,CLIP-7BA4AC8E14CB,Melody,MEL.INTERVAL.QUALITY,Interval quality,MEL.INTERVAL.NUMBER,identify,Securing,,Generated ear-training interval,,high,Tagged
MI-S-077,CLIP-4269B3B5E0B5,Melody,MEL.INTERVAL.QUALITY,Interval quality,MEL.INTERVAL.NUMBER,identify,Securing,,Generated ear-training interval,,high,Tagged
MI-S-078,CLIP-2B5322F919D4,Melody,MEL.INTERVAL.QUALITY,Interval quality,MEL.INTERVAL.NUMBER,identify,Securing,,Generated ear-training interval,,high,Tagged
MI-S-079,CLIP-75C20F2E0764,Melody,MEL.INTERVAL.QUALITY,Interval quality,MEL.INTERVAL.NUMBER,identify,Securing,,Generated ear-training interval,,high,Tagged
MI-S-080,CLIP-D065E4EA438D,Melody,MEL.INTERVAL.QUALITY,Interval quality,MEL.INTERVAL.NUMBER,identify,Securing,,Generated ear-training interval,,high,Tagged
MI-S-081,CLIP-8BCC3B38A9BC,Melody,MEL.INTERVAL.QUALITY,Interval quality,MEL.INTERVAL.NUMBER,identify,Securing,,Generated ear-training interval,,high,Tagged
MI-S-082,CLIP-890F00F069F8,Melody,MEL.INTERVAL.QUALITY,Interval quality,MEL.INTERVAL.NUMBER,identify,Securing,,Generated ear-training interval,,high,Tagged
MI-S-083,CLIP-26ABA172BC96,Melody,MEL.INTERVAL.QUALITY,Interval quality,MEL.INTERVAL.NUMBER,identify,Securing,,Generated ear-training interval,,high,Tagged
MI-S-084,CLIP-05CA50569C40,Melody,MEL.INTERVAL.QUALITY,Interval quality,MEL.INTERVAL.NUMBER,identify,Securing,,Generated ear-training interval,,high,Tagged
MI-S-085,CLIP-2CD6E549BFF9,Melody,MEL.INTERVAL.QUALITY,Interval quality,MEL.INTERVAL.NUMBER,identify,Securing,,Generated ear-training interval,,high,Tagged
MI-S-086,CLIP-12FF0AC2CD96,Melody,MEL.INTERVAL.QUALITY,Interval quality,MEL.INTERVAL.NUMBER,identify,Securing,,Generated ear-training interval,,high,Tagged
MI-S-087,CLIP-5ACEF58F7A67,Melody,MEL.INTERVAL.QUALITY,Interval quality,MEL.INTERVAL.NUMBER,identify,Securing,,Generated ear-training interval,,high,Tagged
MI-S-088,CLIP-58ED23C72C9D,Melody,MEL.INTERVAL.QUALITY,Interval quality,MEL.INTERVAL.NUMBER,identify,Securing,,Generated ear-training interval,,high,Tagged
MI-S-089,CLIP-7A09D04064D8,Melody,MEL.INTERVAL.QUALITY,Interval quality,MEL.INTERVAL.NUMBER,identify,Securing,,Generated ear-training interval,,high,Tagged
MI-S-090,CLIP-EC0AAD34EDA1,Melody,MEL.INTERVAL.QUALITY,Interval quality,MEL.INTERVAL.NUMBER,identify,Securing,,Generated ear-training interval,,high,Tagged
MI-S-091,CLIP-2B1891BA07A3,Melody,MEL.INTERVAL.QUALITY,Interval quality,MEL.INTERVAL.NUMBER,identify,Securing,,Generated ear-training interval,,high,Tagged
MI-S-092,CLIP-FE5C07958BAC,Melody,MEL.INTERVAL.QUALITY,Interval quality,MEL.INTERVAL.NUMBER,identify,Securing,,Generated ear-training interval,,high,Tagged
MI-S-093,CLIP-ADFBD348022A,Melody,MEL.INTERVAL.QUALITY,Interval quality,MEL.INTERVAL.NUMBER,identify,Securing,,Generated ear-training interval,,high,Tagged
MI-S-094,CLIP-80BBC8C616E4,Melody,MEL.INTERVAL.QUALITY,Interval quality,MEL.INTERVAL.NUMBER,identify,Securing,,Generated ear-training interval,,high,Tagged
MI-S-095,CLIP-EFC3DAE122F6,Melody,MEL.INTERVAL.QUALITY,Interval quality,MEL.INTERVAL.NUMBER,identify,Securing,,Generated ear-training interval,,high,Tagged
MI-S-096,CLIP-3AA5815D2BB3,Melody,MEL.INTERVAL.QUALITY,Interval quality,MEL.INTERVAL.NUMBER,identify,Securing,,Generated ear-training interval,,high,Tagged
MI-S-097,CLIP-33403F045684,Melody,MEL.INTERVAL.QUALITY,Interval quality,MEL.INTERVAL.NUMBER,identify,Securing,,Generated ear-training interval,,high,Tagged
MI-S-098,CLIP-9617A9CBBDF6,Melody,MEL.INTERVAL.QUALITY,Interval quality,MEL.INTERVAL.NUMBER,identify,Securing,,Generated ear-training interval,,high,Tagged
MI-S-099,CLIP-77BA98ACC65E,Melody,MEL.INTERVAL.QUALITY,Interval quality,MEL.INTERVAL.NUMBER,identify,Securing,,Generated ear-training interval,,high,Tagged
MI-S-100,CLIP-6A58D561B588,Melody,MEL.INTERVAL.QUALITY,Interval quality,MEL.INTERVAL.NUMBER,identify,Securing,,Generated ear-training interval,,high,Tagged
MI-S-101,CLIP-DFBBF9837B0D,Melody,MEL.INTERVAL.QUALITY,Interval quality,MEL.INTERVAL.NUMBER,identify,Securing,,Generated ear-training interval,,high,Tagged
MI-S-102,CLIP-C6BF016EEAFE,Melody,MEL.INTERVAL.QUALITY,Interval quality,MEL.INTERVAL.NUMBER,identify,Securing,,Generated ear-training interval,,high,Tagged
MI-S-103,CLIP-FF90A14BB915,Melody,MEL.INTERVAL.QUALITY,Interval quality,MEL.INTERVAL.NUMBER,identify,Securing,,Generated ear-training interval,,high,Tagged
MI-S-104,CLIP-33A49A248820,Melody,MEL.INTERVAL.QUALITY,Interval quality,MEL.INTERVAL.NUMBER,identify,Securing,,Generated ear-training interval,,high,Tagged
MI-S-105,CLIP-87B3B1997579,Melody,MEL.INTERVAL.QUALITY,Interval quality,MEL.INTERVAL.NUMBER,identify,Securing,,Generated ear-training interval,,high,Tagged
MI-S-106,CLIP-57D39FB99ACA,Melody,MEL.INTERVAL.QUALITY,Interval quality,MEL.INTERVAL.NUMBER,identify,Securing,,Generated ear-training interval,,high,Tagged
MI-S-107,CLIP-80EB25C0BC48,Melody,MEL.INTERVAL.QUALITY,Interval quality,MEL.INTERVAL.NUMBER,identify,Securing,,Generated ear-training interval,,high,Tagged
MI-S-108,CLIP-E493845D36BC,Melody,MEL.INTERVAL.QUALITY,Interval quality,MEL.INTERVAL.NUMBER,identify,Securing,,Generated ear-training interval,,high,Tagged
MI-S-109,CLIP-34D1760E6ECF,Melody,MEL.INTERVAL.QUALITY,Interval quality,MEL.INTERVAL.NUMBER,identify,Securing,,Generated ear-training interval,,high,Tagged
MI-S-110,CLIP-A494B785E88A,Melody,MEL.INTERVAL.QUALITY,Interval quality,MEL.INTERVAL.NUMBER,identify,Securing,,Generated ear-training interval,,high,Tagged
MI-S-111,CLIP-19DB1567F003,Melody,MEL.INTERVAL.QUALITY,Interval quality,MEL.INTERVAL.NUMBER,identify,Securing,,Generated ear-training interval,,high,Tagged
MI-S-112,CLIP-5463C2CAB12A,Melody,MEL.INTERVAL.QUALITY,Interval quality,MEL.INTERVAL.NUMBER,identify,Securing,,Generated ear-training interval,,high,Tagged
MI-S-113,CLIP-99FBE1FD0A14,Melody,MEL.INTERVAL.QUALITY,Interval quality,MEL.INTERVAL.NUMBER,identify,Securing,,Generated ear-training interval,,high,Tagged
MI-S-114,CLIP-E0DF93960097,Melody,MEL.INTERVAL.QUALITY,Interval quality,MEL.INTERVAL.NUMBER,identify,Securing,,Generated ear-training interval,,high,Tagged
MI-S-115,CLIP-2327F3193F69,Melody,MEL.INTERVAL.QUALITY,Interval quality,MEL.INTERVAL.NUMBER,identify,Securing,,Generated ear-training interval,,high,Tagged
MI-S-116,CLIP-B91F13BFD047,Melody,MEL.INTERVAL.QUALITY,Interval quality,MEL.INTERVAL.NUMBER,identify,Securing,,Generated ear-training interval,,high,Tagged
MI-S-117,CLIP-DA08532E88EC,Melody,MEL.INTERVAL.QUALITY,Interval quality,MEL.INTERVAL.NUMBER,identify,Securing,,Generated ear-training interval,,high,Tagged
MI-S-118,CLIP-E113AC2E5A31,Melody,MEL.INTERVAL.QUALITY,Interval quality,MEL.INTERVAL.NUMBER,identify,Securing,,Generated ear-training interval,,high,Tagged
MI-S-119,CLIP-0184D6A66619,Melody,MEL.INTERVAL.QUALITY,Interval quality,MEL.INTERVAL.NUMBER,identify,Securing,,Generated ear-training interval,,high,Tagged
MI-S-120,CLIP-D2D32A39FF58,Melody,MEL.INTERVAL.QUALITY,Interval quality,MEL.INTERVAL.NUMBER,identify,Securing,,Generated ear-training interval,,high,Tagged
MI-S-121,CLIP-6D1916C62FBD,Melody,MEL.INTERVAL.QUALITY,Interval quality,MEL.INTERVAL.NUMBER,identify,Securing,,Generated ear-training interval,,high,Tagged
MI-S-122,CLIP-707CC2BADEB8,Melody,MEL.INTERVAL.QUALITY,Interval quality,MEL.INTERVAL.NUMBER,identify,Securing,,Generated ear-training interval,,high,Tagged
MI-S-123,CLIP-AD1E59332EC4,Melody,MEL.INTERVAL.QUALITY,Interval quality,MEL.INTERVAL.NUMBER,identify,Securing,,Generated ear-training interval,,high,Tagged
MI-S-124,CLIP-5188F36C5EA1,Melody,MEL.INTERVAL.QUALITY,Interval quality,MEL.INTERVAL.NUMBER,identify,Securing,,Generated ear-training interval,,high,Tagged
MI-S-125,CLIP-687AE37A5454,Melody,MEL.INTERVAL.QUALITY,Interval quality,MEL.INTERVAL.NUMBER,identify,Securing,,Generated ear-training interval,,high,Tagged
MI-S-126,CLIP-45E4DA13B791,Melody,MEL.INTERVAL.QUALITY,Interval quality,MEL.INTERVAL.NUMBER,identify,Securing,,Generated ear-training interval,,high,Tagged
MI-S-127,CLIP-036829455C2C,Melody,MEL.INTERVAL.QUALITY,Interval quality,MEL.INTERVAL.NUMBER,identify,Securing,,Generated ear-training interval,,high,Tagged
MI-S-128,CLIP-68515C29EA4B,Melody,MEL.INTERVAL.QUALITY,Interval quality,MEL.INTERVAL.NUMBER,identify,Securing,,Generated ear-training interval,,high,Tagged
MI-S-129,CLIP-A22836756C52,Melody,MEL.INTERVAL.QUALITY,Interval quality,MEL.INTERVAL.NUMBER,identify,Securing,,Generated ear-training interval,,high,Tagged
MI-S-130,CLIP-54AE2272D186,Melody,MEL.INTERVAL.QUALITY,Interval quality,MEL.INTERVAL.NUMBER,identify,Securing,,Generated ear-training interval,,high,Tagged
MI-S-131,CLIP-957481286263,Melody,MEL.INTERVAL.QUALITY,Interval quality,MEL.INTERVAL.NUMBER,identify,Securing,,Generated ear-training interval,,high,Tagged
MI-S-132,CLIP-369CA710A8B5,Melody,MEL.INTERVAL.QUALITY,Interval quality,MEL.INTERVAL.NUMBER,identify,Securing,,Generated ear-training interval,,high,Tagged
MI-S-133,CLIP-F22B0998779B,Melody,MEL.INTERVAL.QUALITY,Interval quality,MEL.INTERVAL.NUMBER,identify,Securing,,Generated ear-training interval,,high,Tagged
MI-S-134,CLIP-9AE4E7B8D385,Melody,MEL.INTERVAL.QUALITY,Interval quality,MEL.INTERVAL.NUMBER,identify,Securing,,Generated ear-training interval,,high,Tagged
MI-S-135,CLIP-AE64D52857C0,Melody,MEL.INTERVAL.QUALITY,Interval quality,MEL.INTERVAL.NUMBER,identify,Securing,,Generated ear-training interval,,high,Tagged
MI-S-136,CLIP-4C4CF8BF6643,Melody,MEL.INTERVAL.QUALITY,Interval quality,MEL.INTERVAL.NUMBER,identify,Securing,,Generated ear-training interval,,high,Tagged
MI-S-137,CLIP-19A0AB441BC0,Melody,MEL.INTERVAL.QUALITY,Interval quality,MEL.INTERVAL.NUMBER,identify,Securing,,Generated ear-training interval,,high,Tagged
MI-S-138,CLIP-B394355DB8B3,Melody,MEL.INTERVAL.QUALITY,Interval quality,MEL.INTERVAL.NUMBER,identify,Securing,,Generated ear-training interval,,high,Tagged
MI-S-139,CLIP-1ECEC26BE1DE,Melody,MEL.INTERVAL.QUALITY,Interval quality,MEL.INTERVAL.NUMBER,identify,Securing,,Generated ear-training interval,,high,Tagged
MI-S-140,CLIP-676B3E4E8F81,Melody,MEL.INTERVAL.QUALITY,Interval quality,MEL.INTERVAL.NUMBER,identify,Securing,,Generated ear-training interval,,high,Tagged
MI-S-141,CLIP-E836C443B74F,Melody,MEL.INTERVAL.QUALITY,Interval quality,MEL.INTERVAL.NUMBER,identify,Securing,,Generated ear-training interval,,high,Tagged
MI-S-142,CLIP-4CC36BBE4D41,Melody,MEL.INTERVAL.QUALITY,Interval quality,MEL.INTERVAL.NUMBER,identify,Securing,,Generated ear-training interval,,high,Tagged
MI-S-143,CLIP-0F45018F427C,Melody,MEL.INTERVAL.QUALITY,Interval quality,MEL.INTERVAL.NUMBER,identify,Securing,,Generated ear-training interval,,high,Tagged
MI-S-144,CLIP-1077844AA846,Melody,MEL.INTERVAL.QUALITY,Interval quality,MEL.INTERVAL.NUMBER,identify,Securing,,Generated ear-training interval,,high,Tagged
MI-S-145,CLIP-64E68253C4E7,Melody,MEL.INTERVAL.QUALITY,Interval quality,MEL.INTERVAL.NUMBER,identify,Securing,,Generated ear-training interval,,high,Tagged
MI-S-146,CLIP-3986F4D1EC56,Melody,MEL.INTERVAL.QUALITY,Interval quality,MEL.INTERVAL.NUMBER,identify,Securing,,Generated ear-training interval,,high,Tagged
MI-S-147,CLIP-75C20F2E0764,Melody,MEL.INTERVAL.QUALITY,Interval quality,MEL.INTERVAL.NUMBER,identify,Securing,,Generated ear-training interval,,high,Tagged
MI-S-148,CLIP-624C40CE7B6E,Melody,MEL.INTERVAL.QUALITY,Interval quality,MEL.INTERVAL.NUMBER,identify,Securing,,Generated ear-training interval,,high,Tagged
MI-S-149,CLIP-9F02382DF07F,Melody,MEL.INTERVAL.QUALITY,Interval quality,MEL.INTERVAL.NUMBER,identify,Securing,,Generated ear-training interval,,high,Tagged
MI-S-150,CLIP-5ACEF58F7A67,Melody,MEL.INTERVAL.QUALITY,Interval quality,MEL.INTERVAL.NUMBER,identify,Securing,,Generated ear-training interval,,high,Tagged
MI-S-151,CLIP-A54D2EFB057A,Melody,MEL.INTERVAL.QUALITY,Interval quality,MEL.INTERVAL.NUMBER,identify,Securing,,Generated ear-training interval,,high,Tagged
MI-S-152,CLIP-EFC3DAE122F6,Melody,MEL.INTERVAL.QUALITY,Interval quality,MEL.INTERVAL.NUMBER,identify,Securing,,Generated ear-training interval,,high,Tagged
MI-S-153,CLIP-FF90A14BB915,Melody,MEL.INTERVAL.QUALITY,Interval quality,MEL.INTERVAL.NUMBER,identify,Securing,,Generated ear-training interval,,high,Tagged
MI-S-154,CLIP-A494B785E88A,Melody,MEL.INTERVAL.QUALITY,Interval quality,MEL.INTERVAL.NUMBER,identify,Securing,,Generated ear-training interval,,high,Tagged
MI-S-155,CLIP-4854131DD101,Melody,MEL.INTERVAL.QUALITY,Interval quality,MEL.INTERVAL.NUMBER,identify,Securing,,Generated ear-training interval,,high,Tagged
MI-S-156,CLIP-E113AC2E5A31,Melody,MEL.INTERVAL.QUALITY,Interval quality,MEL.INTERVAL.NUMBER,identify,Securing,,Generated ear-training interval,,high,Tagged
MI-S-157,CLIP-2C21446B6F93,Melody,MEL.INTERVAL.QUALITY,Interval quality,MEL.INTERVAL.NUMBER,identify,Securing,,Generated ear-training interval,,high,Tagged
MI-S-158,CLIP-4005AEB24617,Melody,MEL.INTERVAL.QUALITY,Interval quality,MEL.INTERVAL.NUMBER,identify,Securing,,Generated ear-training interval,,high,Tagged
MI-S-159,CLIP-45E4DA13B791,Melody,MEL.INTERVAL.QUALITY,Interval quality,MEL.INTERVAL.NUMBER,identify,Securing,,Generated ear-training interval,,high,Tagged
MI-S-160,CLIP-AACE757DD446,Melody,MEL.INTERVAL.QUALITY,Interval quality,MEL.INTERVAL.NUMBER,identify,Securing,,Generated ear-training interval,,high,Tagged
MI-S-161,CLIP-5E87D453DCBB,Melody,MEL.INTERVAL.QUALITY,Interval quality,MEL.INTERVAL.NUMBER,identify,Securing,,Generated ear-training interval,,high,Tagged
MI-S-162,CLIP-369CA710A8B5,Melody,MEL.INTERVAL.QUALITY,Interval quality,MEL.INTERVAL.NUMBER,identify,Securing,,Generated ear-training interval,,high,Tagged
MI-S-163,CLIP-0D0BF4608038,Melody,MEL.INTERVAL.QUALITY,Interval quality,MEL.INTERVAL.NUMBER,identify,Securing,,Generated ear-training interval,,high,Tagged
MI-S-164,CLIP-3DF3A674EC78,Melody,MEL.INTERVAL.QUALITY,Interval quality,MEL.INTERVAL.NUMBER,identify,Securing,,Generated ear-training interval,,high,Tagged
MI-S-165,CLIP-EB0F18C0212A,Melody,MEL.INTERVAL.QUALITY,Interval quality,MEL.INTERVAL.NUMBER,identify,Securing,,Generated ear-training interval,,high,Tagged
MI-S-166,CLIP-1732766ED9CA,Melody,MEL.INTERVAL.QUALITY,Interval quality,MEL.INTERVAL.NUMBER,identify,Securing,,Generated ear-training interval,,high,Tagged
MI-S-167,CLIP-B394355DB8B3,Melody,MEL.INTERVAL.QUALITY,Interval quality,MEL.INTERVAL.NUMBER,identify,Securing,,Generated ear-training interval,,high,Tagged
MI-S-168,CLIP-2969EC8B1C34,Melody,MEL.INTERVAL.QUALITY,Interval quality,MEL.INTERVAL.NUMBER,identify,Securing,,Generated ear-training interval,,high,Tagged
MI-S-169,CLIP-DF1C97C8E44F,Melody,MEL.INTERVAL.QUALITY,Interval quality,MEL.INTERVAL.NUMBER,identify,Securing,,Generated ear-training interval,,high,Tagged
MI-S-170,CLIP-EFBB6B4D4D28,Melody,MEL.INTERVAL.QUALITY,Interval quality,MEL.INTERVAL.NUMBER,identify,Securing,,Generated ear-training interval,,high,Tagged
MI-S-171,CLIP-550AFF24F04A,Melody,MEL.INTERVAL.QUALITY,Interval quality,MEL.INTERVAL.NUMBER,identify,Securing,,Generated ear-training interval,,high,Tagged
MI-S-172,CLIP-6BF2F2634734,Melody,MEL.INTERVAL.QUALITY,Interval quality,MEL.INTERVAL.NUMBER,identify,Securing,,Generated ear-training interval,,high,Tagged
MI-S-173,CLIP-0F45018F427C,Melody,MEL.INTERVAL.QUALITY,Interval quality,MEL.INTERVAL.NUMBER,identify,Securing,,Generated ear-training interval,,high,Tagged
MI-S-174,CLIP-57A148C6D30C,Melody,MEL.INTERVAL.QUALITY,Interval quality,MEL.INTERVAL.NUMBER,identify,Securing,,Generated ear-training interval,,high,Tagged
MI-S-175,CLIP-51F4EA1BE573,Melody,MEL.INTERVAL.QUALITY,Interval quality,MEL.INTERVAL.NUMBER,identify,Securing,,Generated ear-training interval,,high,Tagged
MI-S-176,CLIP-8ED8CD53D031,Melody,MEL.INTERVAL.QUALITY,Interval quality,MEL.INTERVAL.NUMBER,identify,Securing,,Generated ear-training interval,,high,Tagged
MI-S-177,CLIP-7BA4AC8E14CB,Melody,MEL.INTERVAL.QUALITY,Interval quality,MEL.INTERVAL.NUMBER,identify,Securing,,Generated ear-training interval,,high,Tagged
MI-S-178,CLIP-4269B3B5E0B5,Melody,MEL.INTERVAL.QUALITY,Interval quality,MEL.INTERVAL.NUMBER,identify,Securing,,Generated ear-training interval,,high,Tagged
MI-S-179,CLIP-2B5322F919D4,Melody,MEL.INTERVAL.QUALITY,Interval quality,MEL.INTERVAL.NUMBER,identify,Securing,,Generated ear-training interval,,high,Tagged
MI-S-180,CLIP-75C20F2E0764,Melody,MEL.INTERVAL.QUALITY,Interval quality,MEL.INTERVAL.NUMBER,identify,Securing,,Generated ear-training interval,,high,Tagged
MI-S-181,CLIP-D065E4EA438D,Melody,MEL.INTERVAL.QUALITY,Interval quality,MEL.INTERVAL.NUMBER,identify,Securing,,Generated ear-training interval,,high,Tagged
MI-S-182,CLIP-8BCC3B38A9BC,Melody,MEL.INTERVAL.QUALITY,Interval quality,MEL.INTERVAL.NUMBER,identify,Securing,,Generated ear-training interval,,high,Tagged
MI-S-183,CLIP-890F00F069F8,Melody,MEL.INTERVAL.QUALITY,Interval quality,MEL.INTERVAL.NUMBER,identify,Securing,,Generated ear-training interval,,high,Tagged
MI-S-184,CLIP-05CA50569C40,Melody,MEL.INTERVAL.QUALITY,Interval quality,MEL.INTERVAL.NUMBER,identify,Securing,,Generated ear-training interval,,high,Tagged
MI-S-185,CLIP-2CD6E549BFF9,Melody,MEL.INTERVAL.QUALITY,Interval quality,MEL.INTERVAL.NUMBER,identify,Securing,,Generated ear-training interval,,high,Tagged
MI-S-186,CLIP-12FF0AC2CD96,Melody,MEL.INTERVAL.QUALITY,Interval quality,MEL.INTERVAL.NUMBER,identify,Securing,,Generated ear-training interval,,high,Tagged
MI-S-187,CLIP-5ACEF58F7A67,Melody,MEL.INTERVAL.QUALITY,Interval quality,MEL.INTERVAL.NUMBER,identify,Securing,,Generated ear-training interval,,high,Tagged
MI-S-188,CLIP-58ED23C72C9D,Melody,MEL.INTERVAL.QUALITY,Interval quality,MEL.INTERVAL.NUMBER,identify,Securing,,Generated ear-training interval,,high,Tagged
MI-S-189,CLIP-7A09D04064D8,Melody,MEL.INTERVAL.QUALITY,Interval quality,MEL.INTERVAL.NUMBER,identify,Securing,,Generated ear-training interval,,high,Tagged
MI-S-190,CLIP-EC0AAD34EDA1,Melody,MEL.INTERVAL.QUALITY,Interval quality,MEL.INTERVAL.NUMBER,identify,Securing,,Generated ear-training interval,,high,Tagged
MI-S-191,CLIP-2B1891BA07A3,Melody,MEL.INTERVAL.QUALITY,Interval quality,MEL.INTERVAL.NUMBER,identify,Securing,,Generated ear-training interval,,high,Tagged
MI-S-192,CLIP-1E99F3D4446D,Melody,MEL.INTERVAL.QUALITY,Interval quality,MEL.INTERVAL.NUMBER,identify,Securing,,Generated ear-training interval,,high,Tagged
MI-S-193,CLIP-ADFBD348022A,Melody,MEL.INTERVAL.QUALITY,Interval quality,MEL.INTERVAL.NUMBER,identify,Securing,,Generated ear-training interval,,high,Tagged
MI-S-194,CLIP-80BBC8C616E4,Melody,MEL.INTERVAL.QUALITY,Interval quality,MEL.INTERVAL.NUMBER,identify,Securing,,Generated ear-training interval,,high,Tagged
MI-S-195,CLIP-EFC3DAE122F6,Melody,MEL.INTERVAL.QUALITY,Interval quality,MEL.INTERVAL.NUMBER,identify,Securing,,Generated ear-training interval,,high,Tagged
MI-S-196,CLIP-3AA5815D2BB3,Melody,MEL.INTERVAL.QUALITY,Interval quality,MEL.INTERVAL.NUMBER,identify,Securing,,Generated ear-training interval,,high,Tagged
MI-S-197,CLIP-33403F045684,Melody,MEL.INTERVAL.QUALITY,Interval quality,MEL.INTERVAL.NUMBER,identify,Securing,,Generated ear-training interval,,high,Tagged
MI-S-198,CLIP-9617A9CBBDF6,Melody,MEL.INTERVAL.QUALITY,Interval quality,MEL.INTERVAL.NUMBER,identify,Securing,,Generated ear-training interval,,high,Tagged
MI-S-199,CLIP-77BA98ACC65E,Melody,MEL.INTERVAL.QUALITY,Interval quality,MEL.INTERVAL.NUMBER,identify,Securing,,Generated ear-training interval,,high,Tagged
MI-S-200,CLIP-6A58D561B588,Melody,MEL.INTERVAL.QUALITY,Interval quality,MEL.INTERVAL.NUMBER,identify,Securing,,Generated ear-training interval,,high,Tagged
MI-S-201,CLIP-956EBCC86656,Melody,MEL.INTERVAL.QUALITY,Interval quality,MEL.INTERVAL.NUMBER,identify,Securing,,Generated ear-training interval,,high,Tagged
MI-S-202,CLIP-C6BF016EEAFE,Melody,MEL.INTERVAL.QUALITY,Interval quality,MEL.INTERVAL.NUMBER,identify,Securing,,Generated ear-training interval,,high,Tagged
MI-S-203,CLIP-5C68D32AC90A,Melody,MEL.INTERVAL.QUALITY,Interval quality,MEL.INTERVAL.NUMBER,identify,Securing,,Generated ear-training interval,,high,Tagged
MI-S-204,CLIP-6B7EA76D1048,Melody,MEL.INTERVAL.QUALITY,Interval quality,MEL.INTERVAL.NUMBER,identify,Securing,,Generated ear-training interval,,high,Tagged
MI-S-205,CLIP-121B1C972C49,Melody,MEL.INTERVAL.QUALITY,Interval quality,MEL.INTERVAL.NUMBER,identify,Securing,,Generated ear-training interval,,high,Tagged
MI-S-206,CLIP-FBF3315DB7BE,Melody,MEL.INTERVAL.QUALITY,Interval quality,MEL.INTERVAL.NUMBER,identify,Securing,,Generated ear-training interval,,high,Tagged
MI-S-207,CLIP-A14A3C09CC80,Melody,MEL.INTERVAL.QUALITY,Interval quality,MEL.INTERVAL.NUMBER,identify,Securing,,Generated ear-training interval,,high,Tagged
MI-S-208,CLIP-08F79419BBAE,Melody,MEL.INTERVAL.QUALITY,Interval quality,MEL.INTERVAL.NUMBER,identify,Securing,,Generated ear-training interval,,high,Tagged
MI-S-209,CLIP-E31C5AAF1D15,Melody,MEL.INTERVAL.QUALITY,Interval quality,MEL.INTERVAL.NUMBER,identify,Securing,,Generated ear-training interval,,high,Tagged
MI-S-210,CLIP-A494B785E88A,Melody,MEL.INTERVAL.QUALITY,Interval quality,MEL.INTERVAL.NUMBER,identify,Securing,,Generated ear-training interval,,high,Tagged
MI-S-211,CLIP-19DB1567F003,Melody,MEL.INTERVAL.QUALITY,Interval quality,MEL.INTERVAL.NUMBER,identify,Securing,,Generated ear-training interval,,high,Tagged
MI-S-212,CLIP-5463C2CAB12A,Melody,MEL.INTERVAL.QUALITY,Interval quality,MEL.INTERVAL.NUMBER,identify,Securing,,Generated ear-training interval,,high,Tagged
MI-S-213,CLIP-99FBE1FD0A14,Melody,MEL.INTERVAL.QUALITY,Interval quality,MEL.INTERVAL.NUMBER,identify,Securing,,Generated ear-training interval,,high,Tagged
MI-S-214,CLIP-E0DF93960097,Melody,MEL.INTERVAL.QUALITY,Interval quality,MEL.INTERVAL.NUMBER,identify,Securing,,Generated ear-training interval,,high,Tagged
MI-S-215,CLIP-2327F3193F69,Melody,MEL.INTERVAL.QUALITY,Interval quality,MEL.INTERVAL.NUMBER,identify,Securing,,Generated ear-training interval,,high,Tagged
MI-S-216,CLIP-DB17BE02C511,Melody,MEL.INTERVAL.QUALITY,Interval quality,MEL.INTERVAL.NUMBER,identify,Securing,,Generated ear-training interval,,high,Tagged
MI-S-217,CLIP-DA08532E88EC,Melody,MEL.INTERVAL.QUALITY,Interval quality,MEL.INTERVAL.NUMBER,identify,Securing,,Generated ear-training interval,,high,Tagged
MI-S-218,CLIP-E113AC2E5A31,Melody,MEL.INTERVAL.QUALITY,Interval quality,MEL.INTERVAL.NUMBER,identify,Securing,,Generated ear-training interval,,high,Tagged
MI-S-219,CLIP-0184D6A66619,Melody,MEL.INTERVAL.QUALITY,Interval quality,MEL.INTERVAL.NUMBER,identify,Securing,,Generated ear-training interval,,high,Tagged
MI-S-220,CLIP-D2D32A39FF58,Melody,MEL.INTERVAL.QUALITY,Interval quality,MEL.INTERVAL.NUMBER,identify,Securing,,Generated ear-training interval,,high,Tagged
MI-S-221,CLIP-6D1916C62FBD,Melody,MEL.INTERVAL.QUALITY,Interval quality,MEL.INTERVAL.NUMBER,identify,Securing,,Generated ear-training interval,,high,Tagged
MI-S-222,CLIP-707CC2BADEB8,Melody,MEL.INTERVAL.QUALITY,Interval quality,MEL.INTERVAL.NUMBER,identify,Securing,,Generated ear-training interval,,high,Tagged
MI-S-223,CLIP-4C7F459EAC0D,Melody,MEL.INTERVAL.QUALITY,Interval quality,MEL.INTERVAL.NUMBER,identify,Securing,,Generated ear-training interval,,high,Tagged
MI-S-224,CLIP-5188F36C5EA1,Melody,MEL.INTERVAL.QUALITY,Interval quality,MEL.INTERVAL.NUMBER,identify,Securing,,Generated ear-training interval,,high,Tagged
MI-S-225,CLIP-687AE37A5454,Melody,MEL.INTERVAL.QUALITY,Interval quality,MEL.INTERVAL.NUMBER,identify,Securing,,Generated ear-training interval,,high,Tagged
MI-S-226,CLIP-45E4DA13B791,Melody,MEL.INTERVAL.QUALITY,Interval quality,MEL.INTERVAL.NUMBER,identify,Securing,,Generated ear-training interval,,high,Tagged
MI-S-227,CLIP-036829455C2C,Melody,MEL.INTERVAL.QUALITY,Interval quality,MEL.INTERVAL.NUMBER,identify,Securing,,Generated ear-training interval,,high,Tagged
MI-S-228,CLIP-68515C29EA4B,Melody,MEL.INTERVAL.QUALITY,Interval quality,MEL.INTERVAL.NUMBER,identify,Securing,,Generated ear-training interval,,high,Tagged
MI-S-229,CLIP-A22836756C52,Melody,MEL.INTERVAL.QUALITY,Interval quality,MEL.INTERVAL.NUMBER,identify,Securing,,Generated ear-training interval,,high,Tagged
MI-S-230,CLIP-A5E0BD6CD909,Melody,MEL.INTERVAL.QUALITY,Interval quality,MEL.INTERVAL.NUMBER,identify,Securing,,Generated ear-training interval,,high,Tagged
MI-S-231,CLIP-54AE2272D186,Melody,MEL.INTERVAL.QUALITY,Interval quality,MEL.INTERVAL.NUMBER,identify,Securing,,Generated ear-training interval,,high,Tagged
MI-S-232,CLIP-957481286263,Melody,MEL.INTERVAL.QUALITY,Interval quality,MEL.INTERVAL.NUMBER,identify,Securing,,Generated ear-training interval,,high,Tagged
MI-S-233,CLIP-369CA710A8B5,Melody,MEL.INTERVAL.QUALITY,Interval quality,MEL.INTERVAL.NUMBER,identify,Securing,,Generated ear-training interval,,high,Tagged
MI-S-234,CLIP-F22B0998779B,Melody,MEL.INTERVAL.QUALITY,Interval quality,MEL.INTERVAL.NUMBER,identify,Securing,,Generated ear-training interval,,high,Tagged
MI-S-235,CLIP-9AE4E7B8D385,Melody,MEL.INTERVAL.QUALITY,Interval quality,MEL.INTERVAL.NUMBER,identify,Securing,,Generated ear-training interval,,high,Tagged
MI-S-236,CLIP-4C4CF8BF6643,Melody,MEL.INTERVAL.QUALITY,Interval quality,MEL.INTERVAL.NUMBER,identify,Securing,,Generated ear-training interval,,high,Tagged
MI-S-237,CLIP-19A0AB441BC0,Melody,MEL.INTERVAL.QUALITY,Interval quality,MEL.INTERVAL.NUMBER,identify,Securing,,Generated ear-training interval,,high,Tagged
MI-S-238,CLIP-B394355DB8B3,Melody,MEL.INTERVAL.QUALITY,Interval quality,MEL.INTERVAL.NUMBER,identify,Securing,,Generated ear-training interval,,high,Tagged
MI-S-239,CLIP-1ECEC26BE1DE,Melody,MEL.INTERVAL.QUALITY,Interval quality,MEL.INTERVAL.NUMBER,identify,Securing,,Generated ear-training interval,,high,Tagged
MI-S-240,CLIP-DC046A140D84,Melody,MEL.INTERVAL.QUALITY,Interval quality,MEL.INTERVAL.NUMBER,identify,Securing,,Generated ear-training interval,,high,Tagged
MI-S-241,CLIP-E836C443B74F,Melody,MEL.INTERVAL.QUALITY,Interval quality,MEL.INTERVAL.NUMBER,identify,Securing,,Generated ear-training interval,,high,Tagged
MI-S-242,CLIP-4CC36BBE4D41,Melody,MEL.INTERVAL.QUALITY,Interval quality,MEL.INTERVAL.NUMBER,identify,Securing,,Generated ear-training interval,,high,Tagged
MI-S-243,CLIP-0F45018F427C,Melody,MEL.INTERVAL.QUALITY,Interval quality,MEL.INTERVAL.NUMBER,identify,Securing,,Generated ear-training interval,,high,Tagged
MI-S-244,CLIP-5AC8B1302957,Melody,MEL.INTERVAL.QUALITY,Interval quality,MEL.INTERVAL.NUMBER,identify,Securing,,Generated ear-training interval,,high,Tagged
MI-S-245,CLIP-64E68253C4E7,Melody,MEL.INTERVAL.QUALITY,Interval quality,MEL.INTERVAL.NUMBER,identify,Securing,,Generated ear-training interval,,high,Tagged
MI-S-246,CLIP-3986F4D1EC56,Melody,MEL.INTERVAL.QUALITY,Interval quality,MEL.INTERVAL.NUMBER,identify,Securing,,Generated ear-training interval,,high,Tagged
MI-S-247,CLIP-D9882A9AA313,Melody,MEL.INTERVAL.QUALITY,Interval quality,MEL.INTERVAL.NUMBER,identify,Securing,,Generated ear-training interval,,high,Tagged
MI-S-248,CLIP-F2803532D6E6,Melody,MEL.INTERVAL.QUALITY,Interval quality,MEL.INTERVAL.NUMBER,identify,Securing,,Generated ear-training interval,,high,Tagged
MI-S-249,CLIP-C36D970E0BC9,Melody,MEL.INTERVAL.QUALITY,Interval quality,MEL.INTERVAL.NUMBER,identify,Securing,,Generated ear-training interval,,high,Tagged
MI-S-250,CLIP-5ACEF58F7A67,Melody,MEL.INTERVAL.QUALITY,Interval quality,MEL.INTERVAL.NUMBER,identify,Securing,,Generated ear-training interval,,high,Tagged
MI-S-251,CLIP-A54D2EFB057A,Melody,MEL.INTERVAL.QUALITY,Interval quality,MEL.INTERVAL.NUMBER,identify,Securing,,Generated ear-training interval,,high,Tagged
MI-S-252,CLIP-EFC3DAE122F6,Melody,MEL.INTERVAL.QUALITY,Interval quality,MEL.INTERVAL.NUMBER,identify,Securing,,Generated ear-training interval,,high,Tagged
MI-S-253,CLIP-5C68D32AC90A,Melody,MEL.INTERVAL.QUALITY,Interval quality,MEL.INTERVAL.NUMBER,identify,Securing,,Generated ear-training interval,,high,Tagged
MI-S-254,CLIP-A494B785E88A,Melody,MEL.INTERVAL.QUALITY,Interval quality,MEL.INTERVAL.NUMBER,identify,Securing,,Generated ear-training interval,,high,Tagged
MI-S-255,CLIP-D6240388534A,Melody,MEL.INTERVAL.QUALITY,Interval quality,MEL.INTERVAL.NUMBER,identify,Securing,,Generated ear-training interval,,high,Tagged
MI-S-256,CLIP-E113AC2E5A31,Melody,MEL.INTERVAL.QUALITY,Interval quality,MEL.INTERVAL.NUMBER,identify,Securing,,Generated ear-training interval,,high,Tagged
MI-S-257,CLIP-2C21446B6F93,Melody,MEL.INTERVAL.QUALITY,Interval quality,MEL.INTERVAL.NUMBER,identify,Securing,,Generated ear-training interval,,high,Tagged
MI-S-258,CLIP-67C06A0F0AAE,Melody,MEL.INTERVAL.QUALITY,Interval quality,MEL.INTERVAL.NUMBER,identify,Securing,,Generated ear-training interval,,high,Tagged
MI-S-259,CLIP-45E4DA13B791,Melody,MEL.INTERVAL.QUALITY,Interval quality,MEL.INTERVAL.NUMBER,identify,Securing,,Generated ear-training interval,,high,Tagged
MI-S-260,CLIP-AACE757DD446,Melody,MEL.INTERVAL.QUALITY,Interval quality,MEL.INTERVAL.NUMBER,identify,Securing,,Generated ear-training interval,,high,Tagged
MI-S-261,CLIP-5E87D453DCBB,Melody,MEL.INTERVAL.QUALITY,Interval quality,MEL.INTERVAL.NUMBER,identify,Securing,,Generated ear-training interval,,high,Tagged
MI-S-262,CLIP-24FC456F06B9,Melody,MEL.INTERVAL.QUALITY,Interval quality,MEL.INTERVAL.NUMBER,identify,Securing,,Generated ear-training interval,,high,Tagged
MI-S-263,CLIP-369CA710A8B5,Melody,MEL.INTERVAL.QUALITY,Interval quality,MEL.INTERVAL.NUMBER,identify,Securing,,Generated ear-training interval,,high,Tagged
MI-S-264,CLIP-0D0BF4608038,Melody,MEL.INTERVAL.QUALITY,Interval quality,MEL.INTERVAL.NUMBER,identify,Securing,,Generated ear-training interval,,high,Tagged
MI-S-265,CLIP-3DF3A674EC78,Melody,MEL.INTERVAL.QUALITY,Interval quality,MEL.INTERVAL.NUMBER,identify,Securing,,Generated ear-training interval,,high,Tagged
MI-S-266,CLIP-EB0F18C0212A,Melody,MEL.INTERVAL.QUALITY,Interval quality,MEL.INTERVAL.NUMBER,identify,Securing,,Generated ear-training interval,,high,Tagged
MI-S-267,CLIP-B394355DB8B3,Melody,MEL.INTERVAL.QUALITY,Interval quality,MEL.INTERVAL.NUMBER,identify,Securing,,Generated ear-training interval,,high,Tagged
MI-S-268,CLIP-2969EC8B1C34,Melody,MEL.INTERVAL.QUALITY,Interval quality,MEL.INTERVAL.NUMBER,identify,Securing,,Generated ear-training interval,,high,Tagged
MI-S-269,CLIP-DF1C97C8E44F,Melody,MEL.INTERVAL.QUALITY,Interval quality,MEL.INTERVAL.NUMBER,identify,Securing,,Generated ear-training interval,,high,Tagged
MI-S-270,CLIP-EFBB6B4D4D28,Melody,MEL.INTERVAL.QUALITY,Interval quality,MEL.INTERVAL.NUMBER,identify,Securing,,Generated ear-training interval,,high,Tagged
MI-S-271,CLIP-550AFF24F04A,Melody,MEL.INTERVAL.QUALITY,Interval quality,MEL.INTERVAL.NUMBER,identify,Securing,,Generated ear-training interval,,high,Tagged
MI-S-272,CLIP-4676386D9EB9,Melody,MEL.INTERVAL.QUALITY,Interval quality,MEL.INTERVAL.NUMBER,identify,Securing,,Generated ear-training interval,,high,Tagged
MI-S-273,CLIP-0F45018F427C,Melody,MEL.INTERVAL.QUALITY,Interval quality,MEL.INTERVAL.NUMBER,identify,Securing,,Generated ear-training interval,,high,Tagged
MI-S-274,CLIP-57A148C6D30C,Melody,MEL.INTERVAL.QUALITY,Interval quality,MEL.INTERVAL.NUMBER,identify,Securing,,Generated ear-training interval,,high,Tagged
MI-S-275,CLIP-51F4EA1BE573,Melody,MEL.INTERVAL.QUALITY,Interval quality,MEL.INTERVAL.NUMBER,identify,Securing,,Generated ear-training interval,,high,Tagged
MI-S-276,CLIP-8ED8CD53D031,Melody,MEL.INTERVAL.QUALITY,Interval quality,MEL.INTERVAL.NUMBER,identify,Securing,,Generated ear-training interval,,high,Tagged
MI-S-277,CLIP-7BA4AC8E14CB,Melody,MEL.INTERVAL.QUALITY,Interval quality,MEL.INTERVAL.NUMBER,identify,Securing,,Generated ear-training interval,,high,Tagged
MI-S-278,CLIP-4269B3B5E0B5,Melody,MEL.INTERVAL.QUALITY,Interval quality,MEL.INTERVAL.NUMBER,identify,Securing,,Generated ear-training interval,,high,Tagged
MI-S-279,CLIP-662DDAF266D2,Melody,MEL.INTERVAL.QUALITY,Interval quality,MEL.INTERVAL.NUMBER,identify,Securing,,Generated ear-training interval,,high,Tagged
MI-S-280,CLIP-D9882A9AA313,Melody,MEL.INTERVAL.QUALITY,Interval quality,MEL.INTERVAL.NUMBER,identify,Securing,,Generated ear-training interval,,high,Tagged
MI-S-281,CLIP-8717BFBEF8BE,Melody,MEL.INTERVAL.QUALITY,Interval quality,MEL.INTERVAL.NUMBER,identify,Securing,,Generated ear-training interval,,high,Tagged
MI-S-282,CLIP-830F4973A196,Melody,MEL.INTERVAL.QUALITY,Interval quality,MEL.INTERVAL.NUMBER,identify,Securing,,Generated ear-training interval,,high,Tagged
MI-S-283,CLIP-68125E59E385,Melody,MEL.INTERVAL.QUALITY,Interval quality,MEL.INTERVAL.NUMBER,identify,Securing,,Generated ear-training interval,,high,Tagged
MI-S-284,CLIP-ACF40A74C633,Melody,MEL.INTERVAL.QUALITY,Interval quality,MEL.INTERVAL.NUMBER,identify,Securing,,Generated ear-training interval,,high,Tagged
MI-S-285,CLIP-F11087C3AFCE,Melody,MEL.INTERVAL.QUALITY,Interval quality,MEL.INTERVAL.NUMBER,identify,Securing,,Generated ear-training interval,,high,Tagged
MI-S-286,CLIP-974420A59B4B,Melody,MEL.INTERVAL.QUALITY,Interval quality,MEL.INTERVAL.NUMBER,identify,Securing,,Generated ear-training interval,,high,Tagged
MI-S-287,CLIP-5ACEF58F7A67,Melody,MEL.INTERVAL.QUALITY,Interval quality,MEL.INTERVAL.NUMBER,identify,Securing,,Generated ear-training interval,,high,Tagged
MI-S-288,CLIP-DBB94D3F4525,Melody,MEL.INTERVAL.QUALITY,Interval quality,MEL.INTERVAL.NUMBER,identify,Securing,,Generated ear-training interval,,high,Tagged
MI-S-289,CLIP-7A09D04064D8,Melody,MEL.INTERVAL.QUALITY,Interval quality,MEL.INTERVAL.NUMBER,identify,Securing,,Generated ear-training interval,,high,Tagged
MI-S-290,CLIP-EC0AAD34EDA1,Melody,MEL.INTERVAL.QUALITY,Interval quality,MEL.INTERVAL.NUMBER,identify,Securing,,Generated ear-training interval,,high,Tagged
MI-S-291,CLIP-2B1891BA07A3,Melody,MEL.INTERVAL.QUALITY,Interval quality,MEL.INTERVAL.NUMBER,identify,Securing,,Generated ear-training interval,,high,Tagged
MI-S-292,CLIP-1E99F3D4446D,Melody,MEL.INTERVAL.QUALITY,Interval quality,MEL.INTERVAL.NUMBER,identify,Securing,,Generated ear-training interval,,high,Tagged
MI-S-293,CLIP-ADFBD348022A,Melody,MEL.INTERVAL.QUALITY,Interval quality,MEL.INTERVAL.NUMBER,identify,Securing,,Generated ear-training interval,,high,Tagged
MI-S-294,CLIP-80BBC8C616E4,Melody,MEL.INTERVAL.QUALITY,Interval quality,MEL.INTERVAL.NUMBER,identify,Securing,,Generated ear-training interval,,high,Tagged
MI-S-295,CLIP-EFC3DAE122F6,Melody,MEL.INTERVAL.QUALITY,Interval quality,MEL.INTERVAL.NUMBER,identify,Securing,,Generated ear-training interval,,high,Tagged
MI-S-296,CLIP-3AA5815D2BB3,Melody,MEL.INTERVAL.QUALITY,Interval quality,MEL.INTERVAL.NUMBER,identify,Securing,,Generated ear-training interval,,high,Tagged
MI-S-297,CLIP-01CCE7AA4B49,Melody,MEL.INTERVAL.QUALITY,Interval quality,MEL.INTERVAL.NUMBER,identify,Securing,,Generated ear-training interval,,high,Tagged
MI-S-298,CLIP-9617A9CBBDF6,Melody,MEL.INTERVAL.QUALITY,Interval quality,MEL.INTERVAL.NUMBER,identify,Securing,,Generated ear-training interval,,high,Tagged
MI-S-299,CLIP-77BA98ACC65E,Melody,MEL.INTERVAL.QUALITY,Interval quality,MEL.INTERVAL.NUMBER,identify,Securing,,Generated ear-training interval,,high,Tagged
MI-S-300,CLIP-6A58D561B588,Melody,MEL.INTERVAL.QUALITY,Interval quality,MEL.INTERVAL.NUMBER,identify,Securing,,Generated ear-training interval,,high,Tagged
MI-S-301,CLIP-956EBCC86656,Melody,MEL.INTERVAL.QUALITY,Interval quality,MEL.INTERVAL.NUMBER,identify,Securing,,Generated ear-training interval,,high,Tagged
MI-S-302,CLIP-C6BF016EEAFE,Melody,MEL.INTERVAL.QUALITY,Interval quality,MEL.INTERVAL.NUMBER,identify,Securing,,Generated ear-training interval,,high,Tagged
MI-S-303,CLIP-5C68D32AC90A,Melody,MEL.INTERVAL.QUALITY,Interval quality,MEL.INTERVAL.NUMBER,identify,Securing,,Generated ear-training interval,,high,Tagged
MI-S-304,CLIP-6B7EA76D1048,Melody,MEL.INTERVAL.QUALITY,Interval quality,MEL.INTERVAL.NUMBER,identify,Securing,,Generated ear-training interval,,high,Tagged
MI-S-305,CLIP-121B1C972C49,Melody,MEL.INTERVAL.QUALITY,Interval quality,MEL.INTERVAL.NUMBER,identify,Securing,,Generated ear-training interval,,high,Tagged
MI-S-306,CLIP-FBF3315DB7BE,Melody,MEL.INTERVAL.QUALITY,Interval quality,MEL.INTERVAL.NUMBER,identify,Securing,,Generated ear-training interval,,high,Tagged
MI-S-307,CLIP-3C4FCDB588CA,Melody,MEL.INTERVAL.QUALITY,Interval quality,MEL.INTERVAL.NUMBER,identify,Securing,,Generated ear-training interval,,high,Tagged
MI-S-308,CLIP-A14A3C09CC80,Melody,MEL.INTERVAL.QUALITY,Interval quality,MEL.INTERVAL.NUMBER,identify,Securing,,Generated ear-training interval,,high,Tagged
MI-S-309,CLIP-08F79419BBAE,Melody,MEL.INTERVAL.QUALITY,Interval quality,MEL.INTERVAL.NUMBER,identify,Securing,,Generated ear-training interval,,high,Tagged
MI-S-310,CLIP-E31C5AAF1D15,Melody,MEL.INTERVAL.QUALITY,Interval quality,MEL.INTERVAL.NUMBER,identify,Securing,,Generated ear-training interval,,high,Tagged
MI-S-311,CLIP-A494B785E88A,Melody,MEL.INTERVAL.QUALITY,Interval quality,MEL.INTERVAL.NUMBER,identify,Securing,,Generated ear-training interval,,high,Tagged
MI-S-312,CLIP-19DB1567F003,Melody,MEL.INTERVAL.QUALITY,Interval quality,MEL.INTERVAL.NUMBER,identify,Securing,,Generated ear-training interval,,high,Tagged
MI-S-313,CLIP-5463C2CAB12A,Melody,MEL.INTERVAL.QUALITY,Interval quality,MEL.INTERVAL.NUMBER,identify,Securing,,Generated ear-training interval,,high,Tagged
MI-S-314,CLIP-E0DF93960097,Melody,MEL.INTERVAL.QUALITY,Interval quality,MEL.INTERVAL.NUMBER,identify,Securing,,Generated ear-training interval,,high,Tagged
MI-S-315,CLIP-2327F3193F69,Melody,MEL.INTERVAL.QUALITY,Interval quality,MEL.INTERVAL.NUMBER,identify,Securing,,Generated ear-training interval,,high,Tagged
MI-S-316,CLIP-DB17BE02C511,Melody,MEL.INTERVAL.QUALITY,Interval quality,MEL.INTERVAL.NUMBER,identify,Securing,,Generated ear-training interval,,high,Tagged
MI-S-317,CLIP-DA08532E88EC,Melody,MEL.INTERVAL.QUALITY,Interval quality,MEL.INTERVAL.NUMBER,identify,Securing,,Generated ear-training interval,,high,Tagged
MI-S-318,CLIP-E113AC2E5A31,Melody,MEL.INTERVAL.QUALITY,Interval quality,MEL.INTERVAL.NUMBER,identify,Securing,,Generated ear-training interval,,high,Tagged
MI-S-319,CLIP-0184D6A66619,Melody,MEL.INTERVAL.QUALITY,Interval quality,MEL.INTERVAL.NUMBER,identify,Securing,,Generated ear-training interval,,high,Tagged
MI-S-320,CLIP-E17DBAF67A21,Melody,MEL.INTERVAL.QUALITY,Interval quality,MEL.INTERVAL.NUMBER,identify,Securing,,Generated ear-training interval,,high,Tagged
MI-S-321,CLIP-6D1916C62FBD,Melody,MEL.INTERVAL.QUALITY,Interval quality,MEL.INTERVAL.NUMBER,identify,Securing,,Generated ear-training interval,,high,Tagged
MI-S-322,CLIP-707CC2BADEB8,Melody,MEL.INTERVAL.QUALITY,Interval quality,MEL.INTERVAL.NUMBER,identify,Securing,,Generated ear-training interval,,high,Tagged
MI-S-323,CLIP-4C7F459EAC0D,Melody,MEL.INTERVAL.QUALITY,Interval quality,MEL.INTERVAL.NUMBER,identify,Securing,,Generated ear-training interval,,high,Tagged
MI-S-324,CLIP-5188F36C5EA1,Melody,MEL.INTERVAL.QUALITY,Interval quality,MEL.INTERVAL.NUMBER,identify,Securing,,Generated ear-training interval,,high,Tagged
MI-S-325,CLIP-687AE37A5454,Melody,MEL.INTERVAL.QUALITY,Interval quality,MEL.INTERVAL.NUMBER,identify,Securing,,Generated ear-training interval,,high,Tagged
MI-S-326,CLIP-45E4DA13B791,Melody,MEL.INTERVAL.QUALITY,Interval quality,MEL.INTERVAL.NUMBER,identify,Securing,,Generated ear-training interval,,high,Tagged
MI-S-327,CLIP-C0A944587E79,Melody,MEL.INTERVAL.QUALITY,Interval quality,MEL.INTERVAL.NUMBER,identify,Securing,,Generated ear-training interval,,high,Tagged
MI-S-328,CLIP-68515C29EA4B,Melody,MEL.INTERVAL.QUALITY,Interval quality,MEL.INTERVAL.NUMBER,identify,Securing,,Generated ear-training interval,,high,Tagged
MI-S-329,CLIP-A22836756C52,Melody,MEL.INTERVAL.QUALITY,Interval quality,MEL.INTERVAL.NUMBER,identify,Securing,,Generated ear-training interval,,high,Tagged
MI-S-330,CLIP-A5E0BD6CD909,Melody,MEL.INTERVAL.QUALITY,Interval quality,MEL.INTERVAL.NUMBER,identify,Securing,,Generated ear-training interval,,high,Tagged
MI-S-331,CLIP-54AE2272D186,Melody,MEL.INTERVAL.QUALITY,Interval quality,MEL.INTERVAL.NUMBER,identify,Securing,,Generated ear-training interval,,high,Tagged
MI-S-332,CLIP-957481286263,Melody,MEL.INTERVAL.QUALITY,Interval quality,MEL.INTERVAL.NUMBER,identify,Securing,,Generated ear-training interval,,high,Tagged
MI-S-333,CLIP-6064A5FB19CA,Melody,MEL.INTERVAL.QUALITY,Interval quality,MEL.INTERVAL.NUMBER,identify,Securing,,Generated ear-training interval,,high,Tagged
MI-S-334,CLIP-F94C57C07D71,Melody,MEL.INTERVAL.QUALITY,Interval quality,MEL.INTERVAL.NUMBER,identify,Securing,,Generated ear-training interval,,high,Tagged
MI-S-335,CLIP-B8BB4927E022,Melody,MEL.INTERVAL.QUALITY,Interval quality,MEL.INTERVAL.NUMBER,identify,Securing,,Generated ear-training interval,,high,Tagged
MI-S-336,CLIP-E7287B317024,Melody,MEL.INTERVAL.QUALITY,Interval quality,MEL.INTERVAL.NUMBER,identify,Securing,,Generated ear-training interval,,high,Tagged
MI-S-337,CLIP-25AA4211BCF1,Melody,MEL.INTERVAL.QUALITY,Interval quality,MEL.INTERVAL.NUMBER,identify,Securing,,Generated ear-training interval,,high,Tagged
MI-S-338,CLIP-B394355DB8B3,Melody,MEL.INTERVAL.QUALITY,Interval quality,MEL.INTERVAL.NUMBER,identify,Securing,,Generated ear-training interval,,high,Tagged
MI-S-339,CLIP-1ECEC26BE1DE,Melody,MEL.INTERVAL.QUALITY,Interval quality,MEL.INTERVAL.NUMBER,identify,Securing,,Generated ear-training interval,,high,Tagged
MI-S-340,CLIP-DC046A140D84,Melody,MEL.INTERVAL.QUALITY,Interval quality,MEL.INTERVAL.NUMBER,identify,Securing,,Generated ear-training interval,,high,Tagged
MI-S-341,CLIP-E836C443B74F,Melody,MEL.INTERVAL.QUALITY,Interval quality,MEL.INTERVAL.NUMBER,identify,Securing,,Generated ear-training interval,,high,Tagged
MI-S-342,CLIP-4CC36BBE4D41,Melody,MEL.INTERVAL.QUALITY,Interval quality,MEL.INTERVAL.NUMBER,identify,Securing,,Generated ear-training interval,,high,Tagged
MI-S-343,CLIP-0F45018F427C,Melody,MEL.INTERVAL.QUALITY,Interval quality,MEL.INTERVAL.NUMBER,identify,Securing,,Generated ear-training interval,,high,Tagged
MI-S-344,CLIP-5AC8B1302957,Melody,MEL.INTERVAL.QUALITY,Interval quality,MEL.INTERVAL.NUMBER,identify,Securing,,Generated ear-training interval,,high,Tagged
MI-S-345,CLIP-64E68253C4E7,Melody,MEL.INTERVAL.QUALITY,Interval quality,MEL.INTERVAL.NUMBER,identify,Securing,,Generated ear-training interval,,high,Tagged
MI-S-346,CLIP-3986F4D1EC56,Melody,MEL.INTERVAL.QUALITY,Interval quality,MEL.INTERVAL.NUMBER,identify,Securing,,Generated ear-training interval,,high,Tagged
MI-S-347,CLIP-D9882A9AA313,Melody,MEL.INTERVAL.QUALITY,Interval quality,MEL.INTERVAL.NUMBER,identify,Securing,,Generated ear-training interval,,high,Tagged
MI-S-348,CLIP-F2803532D6E6,Melody,MEL.INTERVAL.QUALITY,Interval quality,MEL.INTERVAL.NUMBER,identify,Securing,,Generated ear-training interval,,high,Tagged
MI-S-349,CLIP-C36D970E0BC9,Melody,MEL.INTERVAL.QUALITY,Interval quality,MEL.INTERVAL.NUMBER,identify,Securing,,Generated ear-training interval,,high,Tagged
MI-S-350,CLIP-5ACEF58F7A67,Melody,MEL.INTERVAL.QUALITY,Interval quality,MEL.INTERVAL.NUMBER,identify,Securing,,Generated ear-training interval,,high,Tagged
MI-S-351,CLIP-A54D2EFB057A,Melody,MEL.INTERVAL.QUALITY,Interval quality,MEL.INTERVAL.NUMBER,identify,Securing,,Generated ear-training interval,,high,Tagged
MI-S-352,CLIP-EFC3DAE122F6,Melody,MEL.INTERVAL.QUALITY,Interval quality,MEL.INTERVAL.NUMBER,identify,Securing,,Generated ear-training interval,,high,Tagged
MI-S-353,CLIP-5C68D32AC90A,Melody,MEL.INTERVAL.QUALITY,Interval quality,MEL.INTERVAL.NUMBER,identify,Securing,,Generated ear-training interval,,high,Tagged
MI-S-354,CLIP-A494B785E88A,Melody,MEL.INTERVAL.QUALITY,Interval quality,MEL.INTERVAL.NUMBER,identify,Securing,,Generated ear-training interval,,high,Tagged
MI-S-355,CLIP-D6240388534A,Melody,MEL.INTERVAL.QUALITY,Interval quality,MEL.INTERVAL.NUMBER,identify,Securing,,Generated ear-training interval,,high,Tagged
MI-S-356,CLIP-E113AC2E5A31,Melody,MEL.INTERVAL.QUALITY,Interval quality,MEL.INTERVAL.NUMBER,identify,Securing,,Generated ear-training interval,,high,Tagged
MI-S-357,CLIP-2C21446B6F93,Melody,MEL.INTERVAL.QUALITY,Interval quality,MEL.INTERVAL.NUMBER,identify,Securing,,Generated ear-training interval,,high,Tagged
MI-S-358,CLIP-67C06A0F0AAE,Melody,MEL.INTERVAL.QUALITY,Interval quality,MEL.INTERVAL.NUMBER,identify,Securing,,Generated ear-training interval,,high,Tagged
MI-S-359,CLIP-45E4DA13B791,Melody,MEL.INTERVAL.QUALITY,Interval quality,MEL.INTERVAL.NUMBER,identify,Securing,,Generated ear-training interval,,high,Tagged
MI-S-360,CLIP-AACE757DD446,Melody,MEL.INTERVAL.QUALITY,Interval quality,MEL.INTERVAL.NUMBER,identify,Securing,,Generated ear-training interval,,high,Tagged
MI-S-361,CLIP-5E87D453DCBB,Melody,MEL.INTERVAL.QUALITY,Interval quality,MEL.INTERVAL.NUMBER,identify,Securing,,Generated ear-training interval,,high,Tagged
MI-S-362,CLIP-24FC456F06B9,Melody,MEL.INTERVAL.QUALITY,Interval quality,MEL.INTERVAL.NUMBER,identify,Securing,,Generated ear-training interval,,high,Tagged
MI-S-363,CLIP-6064A5FB19CA,Melody,MEL.INTERVAL.QUALITY,Interval quality,MEL.INTERVAL.NUMBER,identify,Securing,,Generated ear-training interval,,high,Tagged
MI-S-364,CLIP-9FBBAF783F50,Melody,MEL.INTERVAL.QUALITY,Interval quality,MEL.INTERVAL.NUMBER,identify,Securing,,Generated ear-training interval,,high,Tagged
MI-S-365,CLIP-76114C61BAA6,Melody,MEL.INTERVAL.QUALITY,Interval quality,MEL.INTERVAL.NUMBER,identify,Securing,,Generated ear-training interval,,high,Tagged
MI-S-366,CLIP-211E587E6C05,Melody,MEL.INTERVAL.QUALITY,Interval quality,MEL.INTERVAL.NUMBER,identify,Securing,,Generated ear-training interval,,high,Tagged
MI-S-367,CLIP-B394355DB8B3,Melody,MEL.INTERVAL.QUALITY,Interval quality,MEL.INTERVAL.NUMBER,identify,Securing,,Generated ear-training interval,,high,Tagged
MI-S-368,CLIP-5C1C2CDB445E,Melody,MEL.INTERVAL.QUALITY,Interval quality,MEL.INTERVAL.NUMBER,identify,Securing,,Generated ear-training interval,,high,Tagged
MI-S-369,CLIP-DF1C97C8E44F,Melody,MEL.INTERVAL.QUALITY,Interval quality,MEL.INTERVAL.NUMBER,identify,Securing,,Generated ear-training interval,,high,Tagged
MI-S-370,CLIP-EFBB6B4D4D28,Melody,MEL.INTERVAL.QUALITY,Interval quality,MEL.INTERVAL.NUMBER,identify,Securing,,Generated ear-training interval,,high,Tagged
MI-S-371,CLIP-550AFF24F04A,Melody,MEL.INTERVAL.QUALITY,Interval quality,MEL.INTERVAL.NUMBER,identify,Securing,,Generated ear-training interval,,high,Tagged
MI-S-372,CLIP-4676386D9EB9,Melody,MEL.INTERVAL.QUALITY,Interval quality,MEL.INTERVAL.NUMBER,identify,Securing,,Generated ear-training interval,,high,Tagged
MI-S-373,CLIP-0F45018F427C,Melody,MEL.INTERVAL.QUALITY,Interval quality,MEL.INTERVAL.NUMBER,identify,Securing,,Generated ear-training interval,,high,Tagged
MI-S-374,CLIP-57A148C6D30C,Melody,MEL.INTERVAL.QUALITY,Interval quality,MEL.INTERVAL.NUMBER,identify,Securing,,Generated ear-training interval,,high,Tagged
MI-S-375,CLIP-ECE9D8FB3F97,Melody,MEL.INTERVAL.QUALITY,Interval quality,MEL.INTERVAL.NUMBER,identify,Securing,,Generated ear-training interval,,high,Tagged
MI-S-376,CLIP-8ED8CD53D031,Melody,MEL.INTERVAL.QUALITY,Interval quality,MEL.INTERVAL.NUMBER,identify,Securing,,Generated ear-training interval,,high,Tagged
MI-S-377,CLIP-7BA4AC8E14CB,Melody,MEL.INTERVAL.QUALITY,Interval quality,MEL.INTERVAL.NUMBER,identify,Securing,,Generated ear-training interval,,high,Tagged
MI-S-378,CLIP-4269B3B5E0B5,Melody,MEL.INTERVAL.QUALITY,Interval quality,MEL.INTERVAL.NUMBER,identify,Securing,,Generated ear-training interval,,high,Tagged
MI-S-379,CLIP-662DDAF266D2,Melody,MEL.INTERVAL.QUALITY,Interval quality,MEL.INTERVAL.NUMBER,identify,Securing,,Generated ear-training interval,,high,Tagged
MI-S-380,CLIP-D9882A9AA313,Melody,MEL.INTERVAL.QUALITY,Interval quality,MEL.INTERVAL.NUMBER,identify,Securing,,Generated ear-training interval,,high,Tagged
MI-S-381,CLIP-8717BFBEF8BE,Melody,MEL.INTERVAL.QUALITY,Interval quality,MEL.INTERVAL.NUMBER,identify,Securing,,Generated ear-training interval,,high,Tagged
MI-S-382,CLIP-830F4973A196,Melody,MEL.INTERVAL.QUALITY,Interval quality,MEL.INTERVAL.NUMBER,identify,Securing,,Generated ear-training interval,,high,Tagged
MI-S-383,CLIP-8BD6BA2B1A8C,Melody,MEL.INTERVAL.QUALITY,Interval quality,MEL.INTERVAL.NUMBER,identify,Securing,,Generated ear-training interval,,high,Tagged
MI-S-384,CLIP-68125E59E385,Melody,MEL.INTERVAL.QUALITY,Interval quality,MEL.INTERVAL.NUMBER,identify,Securing,,Generated ear-training interval,,high,Tagged
MI-S-385,CLIP-ACF40A74C633,Melody,MEL.INTERVAL.QUALITY,Interval quality,MEL.INTERVAL.NUMBER,identify,Securing,,Generated ear-training interval,,high,Tagged
MI-S-386,CLIP-F11087C3AFCE,Melody,MEL.INTERVAL.QUALITY,Interval quality,MEL.INTERVAL.NUMBER,identify,Securing,,Generated ear-training interval,,high,Tagged
MI-S-387,CLIP-974420A59B4B,Melody,MEL.INTERVAL.QUALITY,Interval quality,MEL.INTERVAL.NUMBER,identify,Securing,,Generated ear-training interval,,high,Tagged
MI-S-388,CLIP-5ACEF58F7A67,Melody,MEL.INTERVAL.QUALITY,Interval quality,MEL.INTERVAL.NUMBER,identify,Securing,,Generated ear-training interval,,high,Tagged
MI-S-389,CLIP-DBB94D3F4525,Melody,MEL.INTERVAL.QUALITY,Interval quality,MEL.INTERVAL.NUMBER,identify,Securing,,Generated ear-training interval,,high,Tagged
MI-S-390,CLIP-7A09D04064D8,Melody,MEL.INTERVAL.QUALITY,Interval quality,MEL.INTERVAL.NUMBER,identify,Securing,,Generated ear-training interval,,high,Tagged
MI-S-391,CLIP-EC0AAD34EDA1,Melody,MEL.INTERVAL.QUALITY,Interval quality,MEL.INTERVAL.NUMBER,identify,Securing,,Generated ear-training interval,,high,Tagged
MI-S-392,CLIP-1E99F3D4446D,Melody,MEL.INTERVAL.QUALITY,Interval quality,MEL.INTERVAL.NUMBER,identify,Securing,,Generated ear-training interval,,high,Tagged
MI-S-393,CLIP-ADFBD348022A,Melody,MEL.INTERVAL.QUALITY,Interval quality,MEL.INTERVAL.NUMBER,identify,Securing,,Generated ear-training interval,,high,Tagged
MI-S-394,CLIP-80BBC8C616E4,Melody,MEL.INTERVAL.QUALITY,Interval quality,MEL.INTERVAL.NUMBER,identify,Securing,,Generated ear-training interval,,high,Tagged
MI-S-395,CLIP-EFC3DAE122F6,Melody,MEL.INTERVAL.QUALITY,Interval quality,MEL.INTERVAL.NUMBER,identify,Securing,,Generated ear-training interval,,high,Tagged
MI-S-396,CLIP-3AA5815D2BB3,Melody,MEL.INTERVAL.QUALITY,Interval quality,MEL.INTERVAL.NUMBER,identify,Securing,,Generated ear-training interval,,high,Tagged
MI-S-397,CLIP-01CCE7AA4B49,Melody,MEL.INTERVAL.QUALITY,Interval quality,MEL.INTERVAL.NUMBER,identify,Securing,,Generated ear-training interval,,high,Tagged
MI-S-398,CLIP-9617A9CBBDF6,Melody,MEL.INTERVAL.QUALITY,Interval quality,MEL.INTERVAL.NUMBER,identify,Securing,,Generated ear-training interval,,high,Tagged
MI-S-399,CLIP-77BA98ACC65E,Melody,MEL.INTERVAL.QUALITY,Interval quality,MEL.INTERVAL.NUMBER,identify,Securing,,Generated ear-training interval,,high,Tagged
MI-S-400,CLIP-53063E1776A2,Melody,MEL.INTERVAL.QUALITY,Interval quality,MEL.INTERVAL.NUMBER,identify,Securing,,Generated ear-training interval,,high,Tagged
MI-S-401,CLIP-956EBCC86656,Melody,MEL.INTERVAL.QUALITY,Interval quality,MEL.INTERVAL.NUMBER,identify,Securing,,Generated ear-training interval,,high,Tagged
MI-S-402,CLIP-C6BF016EEAFE,Melody,MEL.INTERVAL.QUALITY,Interval quality,MEL.INTERVAL.NUMBER,identify,Securing,,Generated ear-training interval,,high,Tagged
MI-S-403,CLIP-5C68D32AC90A,Melody,MEL.INTERVAL.QUALITY,Interval quality,MEL.INTERVAL.NUMBER,identify,Securing,,Generated ear-training interval,,high,Tagged
MI-S-404,CLIP-A145F7F5BBD3,Melody,MEL.INTERVAL.QUALITY,Interval quality,MEL.INTERVAL.NUMBER,identify,Securing,,Generated ear-training interval,,high,Tagged
MI-S-405,CLIP-121B1C972C49,Melody,MEL.INTERVAL.QUALITY,Interval quality,MEL.INTERVAL.NUMBER,identify,Securing,,Generated ear-training interval,,high,Tagged
MI-S-406,CLIP-FBF3315DB7BE,Melody,MEL.INTERVAL.QUALITY,Interval quality,MEL.INTERVAL.NUMBER,identify,Securing,,Generated ear-training interval,,high,Tagged
MI-S-407,CLIP-3C4FCDB588CA,Melody,MEL.INTERVAL.QUALITY,Interval quality,MEL.INTERVAL.NUMBER,identify,Securing,,Generated ear-training interval,,high,Tagged
MI-S-408,CLIP-A14A3C09CC80,Melody,MEL.INTERVAL.QUALITY,Interval quality,MEL.INTERVAL.NUMBER,identify,Securing,,Generated ear-training interval,,high,Tagged
MI-S-409,CLIP-08F79419BBAE,Melody,MEL.INTERVAL.QUALITY,Interval quality,MEL.INTERVAL.NUMBER,identify,Securing,,Generated ear-training interval,,high,Tagged
MI-S-410,CLIP-E31C5AAF1D15,Melody,MEL.INTERVAL.QUALITY,Interval quality,MEL.INTERVAL.NUMBER,identify,Securing,,Generated ear-training interval,,high,Tagged
MI-S-411,CLIP-140DCD4618BA,Melody,MEL.INTERVAL.QUALITY,Interval quality,MEL.INTERVAL.NUMBER,identify,Securing,,Generated ear-training interval,,high,Tagged
MI-S-412,CLIP-E9B495C61CC8,Melody,MEL.INTERVAL.QUALITY,Interval quality,MEL.INTERVAL.NUMBER,identify,Securing,,Generated ear-training interval,,high,Tagged
MI-S-413,CLIP-654B85259F36,Melody,MEL.INTERVAL.QUALITY,Interval quality,MEL.INTERVAL.NUMBER,identify,Securing,,Generated ear-training interval,,high,Tagged
MI-S-414,CLIP-3F823C7CC92C,Melody,MEL.INTERVAL.QUALITY,Interval quality,MEL.INTERVAL.NUMBER,identify,Securing,,Generated ear-training interval,,high,Tagged
MI-S-415,CLIP-6A7A4F3B2195,Melody,MEL.INTERVAL.QUALITY,Interval quality,MEL.INTERVAL.NUMBER,identify,Securing,,Generated ear-training interval,,high,Tagged
MI-S-416,CLIP-61DFFBA55ACC,Melody,MEL.INTERVAL.QUALITY,Interval quality,MEL.INTERVAL.NUMBER,identify,Securing,,Generated ear-training interval,,high,Tagged
MI-S-417,CLIP-B88AF984D267,Melody,MEL.INTERVAL.QUALITY,Interval quality,MEL.INTERVAL.NUMBER,identify,Securing,,Generated ear-training interval,,high,Tagged
MI-S-418,CLIP-E113AC2E5A31,Melody,MEL.INTERVAL.QUALITY,Interval quality,MEL.INTERVAL.NUMBER,identify,Securing,,Generated ear-training interval,,high,Tagged
MI-S-419,CLIP-0184D6A66619,Melody,MEL.INTERVAL.QUALITY,Interval quality,MEL.INTERVAL.NUMBER,identify,Securing,,Generated ear-training interval,,high,Tagged
MI-S-420,CLIP-E17DBAF67A21,Melody,MEL.INTERVAL.QUALITY,Interval quality,MEL.INTERVAL.NUMBER,identify,Securing,,Generated ear-training interval,,high,Tagged
MI-S-421,CLIP-6D1916C62FBD,Melody,MEL.INTERVAL.QUALITY,Interval quality,MEL.INTERVAL.NUMBER,identify,Securing,,Generated ear-training interval,,high,Tagged
MI-S-422,CLIP-707CC2BADEB8,Melody,MEL.INTERVAL.QUALITY,Interval quality,MEL.INTERVAL.NUMBER,identify,Securing,,Generated ear-training interval,,high,Tagged
MI-S-423,CLIP-4C7F459EAC0D,Melody,MEL.INTERVAL.QUALITY,Interval quality,MEL.INTERVAL.NUMBER,identify,Securing,,Generated ear-training interval,,high,Tagged
MI-S-424,CLIP-2C0314D5DD91,Melody,MEL.INTERVAL.QUALITY,Interval quality,MEL.INTERVAL.NUMBER,identify,Securing,,Generated ear-training interval,,high,Tagged
MI-S-425,CLIP-687AE37A5454,Melody,MEL.INTERVAL.QUALITY,Interval quality,MEL.INTERVAL.NUMBER,identify,Securing,,Generated ear-training interval,,high,Tagged
MI-S-426,CLIP-45E4DA13B791,Melody,MEL.INTERVAL.QUALITY,Interval quality,MEL.INTERVAL.NUMBER,identify,Securing,,Generated ear-training interval,,high,Tagged
MI-S-427,CLIP-C0A944587E79,Melody,MEL.INTERVAL.QUALITY,Interval quality,MEL.INTERVAL.NUMBER,identify,Securing,,Generated ear-training interval,,high,Tagged
MI-S-428,CLIP-68515C29EA4B,Melody,MEL.INTERVAL.QUALITY,Interval quality,MEL.INTERVAL.NUMBER,identify,Securing,,Generated ear-training interval,,high,Tagged
MI-S-429,CLIP-A22836756C52,Melody,MEL.INTERVAL.QUALITY,Interval quality,MEL.INTERVAL.NUMBER,identify,Securing,,Generated ear-training interval,,high,Tagged
MI-S-430,CLIP-A5E0BD6CD909,Melody,MEL.INTERVAL.QUALITY,Interval quality,MEL.INTERVAL.NUMBER,identify,Securing,,Generated ear-training interval,,high,Tagged
MI-S-431,CLIP-92D39B274504,Melody,MEL.INTERVAL.QUALITY,Interval quality,MEL.INTERVAL.NUMBER,identify,Securing,,Generated ear-training interval,,high,Tagged
MI-S-432,CLIP-957481286263,Melody,MEL.INTERVAL.QUALITY,Interval quality,MEL.INTERVAL.NUMBER,identify,Securing,,Generated ear-training interval,,high,Tagged
MI-S-433,CLIP-6064A5FB19CA,Melody,MEL.INTERVAL.QUALITY,Interval quality,MEL.INTERVAL.NUMBER,identify,Securing,,Generated ear-training interval,,high,Tagged
MI-S-434,CLIP-F94C57C07D71,Melody,MEL.INTERVAL.QUALITY,Interval quality,MEL.INTERVAL.NUMBER,identify,Securing,,Generated ear-training interval,,high,Tagged
MI-S-435,CLIP-B8BB4927E022,Melody,MEL.INTERVAL.QUALITY,Interval quality,MEL.INTERVAL.NUMBER,identify,Securing,,Generated ear-training interval,,high,Tagged
MI-S-436,CLIP-E7287B317024,Melody,MEL.INTERVAL.QUALITY,Interval quality,MEL.INTERVAL.NUMBER,identify,Securing,,Generated ear-training interval,,high,Tagged
MI-S-437,CLIP-03D21D811CA5,Melody,MEL.INTERVAL.QUALITY,Interval quality,MEL.INTERVAL.NUMBER,identify,Securing,,Generated ear-training interval,,high,Tagged
MI-S-438,CLIP-25AA4211BCF1,Melody,MEL.INTERVAL.QUALITY,Interval quality,MEL.INTERVAL.NUMBER,identify,Securing,,Generated ear-training interval,,high,Tagged
MI-S-439,CLIP-B394355DB8B3,Melody,MEL.INTERVAL.QUALITY,Interval quality,MEL.INTERVAL.NUMBER,identify,Securing,,Generated ear-training interval,,high,Tagged
MI-S-440,CLIP-1ECEC26BE1DE,Melody,MEL.INTERVAL.QUALITY,Interval quality,MEL.INTERVAL.NUMBER,identify,Securing,,Generated ear-training interval,,high,Tagged
MI-S-441,CLIP-DC046A140D84,Melody,MEL.INTERVAL.QUALITY,Interval quality,MEL.INTERVAL.NUMBER,identify,Securing,,Generated ear-training interval,,high,Tagged
MI-S-442,CLIP-4CC36BBE4D41,Melody,MEL.INTERVAL.QUALITY,Interval quality,MEL.INTERVAL.NUMBER,identify,Securing,,Generated ear-training interval,,high,Tagged
MI-S-443,CLIP-0F45018F427C,Melody,MEL.INTERVAL.QUALITY,Interval quality,MEL.INTERVAL.NUMBER,identify,Securing,,Generated ear-training interval,,high,Tagged
MI-S-444,CLIP-5AC8B1302957,Melody,MEL.INTERVAL.QUALITY,Interval quality,MEL.INTERVAL.NUMBER,identify,Securing,,Generated ear-training interval,,high,Tagged
MI-S-445,CLIP-1D1E6E47D950,Melody,MEL.INTERVAL.QUALITY,Interval quality,MEL.INTERVAL.NUMBER,identify,Securing,,Generated ear-training interval,,high,Tagged
MI-S-446,CLIP-3986F4D1EC56,Melody,MEL.INTERVAL.QUALITY,Interval quality,MEL.INTERVAL.NUMBER,identify,Securing,,Generated ear-training interval,,high,Tagged
MI-S-447,CLIP-D9882A9AA313,Melody,MEL.INTERVAL.QUALITY,Interval quality,MEL.INTERVAL.NUMBER,identify,Securing,,Generated ear-training interval,,high,Tagged
MI-S-448,CLIP-6235CE40C9F8,Melody,MEL.INTERVAL.QUALITY,Interval quality,MEL.INTERVAL.NUMBER,identify,Securing,,Generated ear-training interval,,high,Tagged
MI-S-449,CLIP-C36D970E0BC9,Melody,MEL.INTERVAL.QUALITY,Interval quality,MEL.INTERVAL.NUMBER,identify,Securing,,Generated ear-training interval,,high,Tagged
MI-S-450,CLIP-3F73207F8391,Melody,MEL.INTERVAL.QUALITY,Interval quality,MEL.INTERVAL.NUMBER,identify,Securing,,Generated ear-training interval,,high,Tagged
MI-S-451,CLIP-E019CF5E5580,Melody,MEL.INTERVAL.QUALITY,Interval quality,MEL.INTERVAL.NUMBER,identify,Securing,,Generated ear-training interval,,high,Tagged
MI-S-452,CLIP-EFC3DAE122F6,Melody,MEL.INTERVAL.QUALITY,Interval quality,MEL.INTERVAL.NUMBER,identify,Securing,,Generated ear-training interval,,high,Tagged
MI-S-453,CLIP-5C68D32AC90A,Melody,MEL.INTERVAL.QUALITY,Interval quality,MEL.INTERVAL.NUMBER,identify,Securing,,Generated ear-training interval,,high,Tagged
MI-S-454,CLIP-140DCD4618BA,Melody,MEL.INTERVAL.QUALITY,Interval quality,MEL.INTERVAL.NUMBER,identify,Securing,,Generated ear-training interval,,high,Tagged
MI-S-455,CLIP-DC91802BD544,Melody,MEL.INTERVAL.QUALITY,Interval quality,MEL.INTERVAL.NUMBER,identify,Securing,,Generated ear-training interval,,high,Tagged
MI-S-456,CLIP-E113AC2E5A31,Melody,MEL.INTERVAL.QUALITY,Interval quality,MEL.INTERVAL.NUMBER,identify,Securing,,Generated ear-training interval,,high,Tagged
MI-S-457,CLIP-9C24177EBC6C,Melody,MEL.INTERVAL.QUALITY,Interval quality,MEL.INTERVAL.NUMBER,identify,Securing,,Generated ear-training interval,,high,Tagged
MI-S-458,CLIP-67C06A0F0AAE,Melody,MEL.INTERVAL.QUALITY,Interval quality,MEL.INTERVAL.NUMBER,identify,Securing,,Generated ear-training interval,,high,Tagged
MI-S-459,CLIP-45E4DA13B791,Melody,MEL.INTERVAL.QUALITY,Interval quality,MEL.INTERVAL.NUMBER,identify,Securing,,Generated ear-training interval,,high,Tagged
MI-S-460,CLIP-AACE757DD446,Melody,MEL.INTERVAL.QUALITY,Interval quality,MEL.INTERVAL.NUMBER,identify,Securing,,Generated ear-training interval,,high,Tagged
MI-S-461,CLIP-B4552E240DE8,Melody,MEL.INTERVAL.QUALITY,Interval quality,MEL.INTERVAL.NUMBER,identify,Securing,,Generated ear-training interval,,high,Tagged
MI-S-462,CLIP-24FC456F06B9,Melody,MEL.INTERVAL.QUALITY,Interval quality,MEL.INTERVAL.NUMBER,identify,Securing,,Generated ear-training interval,,high,Tagged
MI-S-463,CLIP-6064A5FB19CA,Melody,MEL.INTERVAL.QUALITY,Interval quality,MEL.INTERVAL.NUMBER,identify,Securing,,Generated ear-training interval,,high,Tagged
MI-S-464,CLIP-9FBBAF783F50,Melody,MEL.INTERVAL.QUALITY,Interval quality,MEL.INTERVAL.NUMBER,identify,Securing,,Generated ear-training interval,,high,Tagged
MI-S-465,CLIP-76114C61BAA6,Melody,MEL.INTERVAL.QUALITY,Interval quality,MEL.INTERVAL.NUMBER,identify,Securing,,Generated ear-training interval,,high,Tagged
MI-S-466,CLIP-577311A94ECC,Melody,MEL.INTERVAL.QUALITY,Interval quality,MEL.INTERVAL.NUMBER,identify,Securing,,Generated ear-training interval,,high,Tagged
MI-S-467,CLIP-211E587E6C05,Melody,MEL.INTERVAL.QUALITY,Interval quality,MEL.INTERVAL.NUMBER,identify,Securing,,Generated ear-training interval,,high,Tagged
MI-S-468,CLIP-B394355DB8B3,Melody,MEL.INTERVAL.QUALITY,Interval quality,MEL.INTERVAL.NUMBER,identify,Securing,,Generated ear-training interval,,high,Tagged
MI-S-469,CLIP-5C1C2CDB445E,Melody,MEL.INTERVAL.QUALITY,Interval quality,MEL.INTERVAL.NUMBER,identify,Securing,,Generated ear-training interval,,high,Tagged
MI-S-470,CLIP-DF1C97C8E44F,Melody,MEL.INTERVAL.QUALITY,Interval quality,MEL.INTERVAL.NUMBER,identify,Securing,,Generated ear-training interval,,high,Tagged
MI-S-471,CLIP-EFBB6B4D4D28,Melody,MEL.INTERVAL.QUALITY,Interval quality,MEL.INTERVAL.NUMBER,identify,Securing,,Generated ear-training interval,,high,Tagged
MI-S-472,CLIP-4676386D9EB9,Melody,MEL.INTERVAL.QUALITY,Interval quality,MEL.INTERVAL.NUMBER,identify,Securing,,Generated ear-training interval,,high,Tagged
MI-S-473,CLIP-0F45018F427C,Melody,MEL.INTERVAL.QUALITY,Interval quality,MEL.INTERVAL.NUMBER,identify,Securing,,Generated ear-training interval,,high,Tagged
MI-S-474,CLIP-57A148C6D30C,Melody,MEL.INTERVAL.QUALITY,Interval quality,MEL.INTERVAL.NUMBER,identify,Securing,,Generated ear-training interval,,high,Tagged
MI-S-475,CLIP-ECE9D8FB3F97,Melody,MEL.INTERVAL.QUALITY,Interval quality,MEL.INTERVAL.NUMBER,identify,Securing,,Generated ear-training interval,,high,Tagged
MI-S-476,CLIP-8ED8CD53D031,Melody,MEL.INTERVAL.QUALITY,Interval quality,MEL.INTERVAL.NUMBER,identify,Securing,,Generated ear-training interval,,high,Tagged
MI-S-477,CLIP-7BA4AC8E14CB,Melody,MEL.INTERVAL.QUALITY,Interval quality,MEL.INTERVAL.NUMBER,identify,Securing,,Generated ear-training interval,,high,Tagged
MI-S-478,CLIP-63398358FE34,Melody,MEL.INTERVAL.QUALITY,Interval quality,MEL.INTERVAL.NUMBER,identify,Securing,,Generated ear-training interval,,high,Tagged
MI-S-479,CLIP-662DDAF266D2,Melody,MEL.INTERVAL.QUALITY,Interval quality,MEL.INTERVAL.NUMBER,identify,Securing,,Generated ear-training interval,,high,Tagged
MI-S-480,CLIP-D9882A9AA313,Melody,MEL.INTERVAL.QUALITY,Interval quality,MEL.INTERVAL.NUMBER,identify,Securing,,Generated ear-training interval,,high,Tagged
MI-S-481,CLIP-8717BFBEF8BE,Melody,MEL.INTERVAL.QUALITY,Interval quality,MEL.INTERVAL.NUMBER,identify,Securing,,Generated ear-training interval,,high,Tagged
MI-S-482,CLIP-830F4973A196,Melody,MEL.INTERVAL.QUALITY,Interval quality,MEL.INTERVAL.NUMBER,identify,Securing,,Generated ear-training interval,,high,Tagged
MI-S-483,CLIP-8BD6BA2B1A8C,Melody,MEL.INTERVAL.QUALITY,Interval quality,MEL.INTERVAL.NUMBER,identify,Securing,,Generated ear-training interval,,high,Tagged
MI-S-484,CLIP-68125E59E385,Melody,MEL.INTERVAL.QUALITY,Interval quality,MEL.INTERVAL.NUMBER,identify,Securing,,Generated ear-training interval,,high,Tagged
MI-S-485,CLIP-ACF40A74C633,Melody,MEL.INTERVAL.QUALITY,Interval quality,MEL.INTERVAL.NUMBER,identify,Securing,,Generated ear-training interval,,high,Tagged
MI-S-486,CLIP-63F20BBFF32C,Melody,MEL.INTERVAL.QUALITY,Interval quality,MEL.INTERVAL.NUMBER,identify,Securing,,Generated ear-training interval,,high,Tagged
MI-S-487,CLIP-974420A59B4B,Melody,MEL.INTERVAL.QUALITY,Interval quality,MEL.INTERVAL.NUMBER,identify,Securing,,Generated ear-training interval,,high,Tagged
MI-S-488,CLIP-3F73207F8391,Melody,MEL.INTERVAL.QUALITY,Interval quality,MEL.INTERVAL.NUMBER,identify,Securing,,Generated ear-training interval,,high,Tagged
MI-S-489,CLIP-589AB5F213BA,Melody,MEL.INTERVAL.QUALITY,Interval quality,MEL.INTERVAL.NUMBER,identify,Securing,,Generated ear-training interval,,high,Tagged
MI-S-490,CLIP-1ABA0294DD52,Melody,MEL.INTERVAL.QUALITY,Interval quality,MEL.INTERVAL.NUMBER,identify,Securing,,Generated ear-training interval,,high,Tagged
MI-S-491,CLIP-F754B6AF6E89,Melody,MEL.INTERVAL.QUALITY,Interval quality,MEL.INTERVAL.NUMBER,identify,Securing,,Generated ear-training interval,,high,Tagged
MI-S-492,CLIP-7DD41093F678,Melody,MEL.INTERVAL.QUALITY,Interval quality,MEL.INTERVAL.NUMBER,identify,Securing,,Generated ear-training interval,,high,Tagged
MI-S-493,CLIP-CD82581A9F43,Melody,MEL.INTERVAL.QUALITY,Interval quality,MEL.INTERVAL.NUMBER,identify,Securing,,Generated ear-training interval,,high,Tagged
MI-S-494,CLIP-51FFEE4585B5,Melody,MEL.INTERVAL.QUALITY,Interval quality,MEL.INTERVAL.NUMBER,identify,Securing,,Generated ear-training interval,,high,Tagged
MI-S-495,CLIP-EFC3DAE122F6,Melody,MEL.INTERVAL.QUALITY,Interval quality,MEL.INTERVAL.NUMBER,identify,Securing,,Generated ear-training interval,,high,Tagged
MI-S-496,CLIP-5990621FA476,Melody,MEL.INTERVAL.QUALITY,Interval quality,MEL.INTERVAL.NUMBER,identify,Securing,,Generated ear-training interval,,high,Tagged
MI-S-497,CLIP-01CCE7AA4B49,Melody,MEL.INTERVAL.QUALITY,Interval quality,MEL.INTERVAL.NUMBER,identify,Securing,,Generated ear-training interval,,high,Tagged
MI-S-498,CLIP-9617A9CBBDF6,Melody,MEL.INTERVAL.QUALITY,Interval quality,MEL.INTERVAL.NUMBER,identify,Securing,,Generated ear-training interval,,high,Tagged
MI-S-499,CLIP-77BA98ACC65E,Melody,MEL.INTERVAL.QUALITY,Interval quality,MEL.INTERVAL.NUMBER,identify,Securing,,Generated ear-training interval,,high,Tagged
MI-S-500,CLIP-53063E1776A2,Melody,MEL.INTERVAL.QUALITY,Interval quality,MEL.INTERVAL.NUMBER,identify,Securing,,Generated ear-training interval,,high,Tagged
MI-S-501,CLIP-956EBCC86656,Melody,MEL.INTERVAL.QUALITY,Interval quality,MEL.INTERVAL.NUMBER,identify,Securing,,Generated ear-training interval,,high,Tagged
MI-S-502,CLIP-C6BF016EEAFE,Melody,MEL.INTERVAL.QUALITY,Interval quality,MEL.INTERVAL.NUMBER,identify,Securing,,Generated ear-training interval,,high,Tagged
MI-S-503,CLIP-FF90A14BB915,Melody,MEL.INTERVAL.QUALITY,Interval quality,MEL.INTERVAL.NUMBER,identify,Securing,,Generated ear-training interval,,high,Tagged
MI-S-504,CLIP-33A49A248820,Melody,MEL.INTERVAL.QUALITY,Interval quality,MEL.INTERVAL.NUMBER,identify,Securing,,Generated ear-training interval,,high,Tagged
MI-S-505,CLIP-87B3B1997579,Melody,MEL.INTERVAL.QUALITY,Interval quality,MEL.INTERVAL.NUMBER,identify,Securing,,Generated ear-training interval,,high,Tagged
MI-S-506,CLIP-DF4747CDC766,Melody,MEL.INTERVAL.QUALITY,Interval quality,MEL.INTERVAL.NUMBER,identify,Securing,,Generated ear-training interval,,high,Tagged
MI-S-507,CLIP-57D39FB99ACA,Melody,MEL.INTERVAL.QUALITY,Interval quality,MEL.INTERVAL.NUMBER,identify,Securing,,Generated ear-training interval,,high,Tagged
MI-S-508,CLIP-80EB25C0BC48,Melody,MEL.INTERVAL.QUALITY,Interval quality,MEL.INTERVAL.NUMBER,identify,Securing,,Generated ear-training interval,,high,Tagged
MI-S-509,CLIP-0231AEACBA0D,Melody,MEL.INTERVAL.QUALITY,Interval quality,MEL.INTERVAL.NUMBER,identify,Securing,,Generated ear-training interval,,high,Tagged
MI-S-510,CLIP-34D1760E6ECF,Melody,MEL.INTERVAL.QUALITY,Interval quality,MEL.INTERVAL.NUMBER,identify,Securing,,Generated ear-training interval,,high,Tagged
MI-S-511,CLIP-A494B785E88A,Melody,MEL.INTERVAL.QUALITY,Interval quality,MEL.INTERVAL.NUMBER,identify,Securing,,Generated ear-training interval,,high,Tagged
MI-S-512,CLIP-19DB1567F003,Melody,MEL.INTERVAL.QUALITY,Interval quality,MEL.INTERVAL.NUMBER,identify,Securing,,Generated ear-training interval,,high,Tagged
MI-S-513,CLIP-2F21E7F7C090,Melody,MEL.INTERVAL.QUALITY,Interval quality,MEL.INTERVAL.NUMBER,identify,Securing,,Generated ear-training interval,,high,Tagged
MI-S-514,CLIP-99FBE1FD0A14,Melody,MEL.INTERVAL.QUALITY,Interval quality,MEL.INTERVAL.NUMBER,identify,Securing,,Generated ear-training interval,,high,Tagged
MI-S-515,CLIP-E0DF93960097,Melody,MEL.INTERVAL.QUALITY,Interval quality,MEL.INTERVAL.NUMBER,identify,Securing,,Generated ear-training interval,,high,Tagged
MI-S-516,CLIP-F044FE7FDC64,Melody,MEL.INTERVAL.QUALITY,Interval quality,MEL.INTERVAL.NUMBER,identify,Securing,,Generated ear-training interval,,high,Tagged
MI-S-517,CLIP-B91F13BFD047,Melody,MEL.INTERVAL.QUALITY,Interval quality,MEL.INTERVAL.NUMBER,identify,Securing,,Generated ear-training interval,,high,Tagged
MI-S-518,CLIP-DA08532E88EC,Melody,MEL.INTERVAL.QUALITY,Interval quality,MEL.INTERVAL.NUMBER,identify,Securing,,Generated ear-training interval,,high,Tagged
MI-S-519,CLIP-E113AC2E5A31,Melody,MEL.INTERVAL.QUALITY,Interval quality,MEL.INTERVAL.NUMBER,identify,Securing,,Generated ear-training interval,,high,Tagged
MI-S-520,CLIP-29BF56FE2D6C,Melody,MEL.INTERVAL.QUALITY,Interval quality,MEL.INTERVAL.NUMBER,identify,Securing,,Generated ear-training interval,,high,Tagged
MI-S-521,CLIP-D2D32A39FF58,Melody,MEL.INTERVAL.QUALITY,Interval quality,MEL.INTERVAL.NUMBER,identify,Securing,,Generated ear-training interval,,high,Tagged
MI-S-522,CLIP-6D1916C62FBD,Melody,MEL.INTERVAL.QUALITY,Interval quality,MEL.INTERVAL.NUMBER,identify,Securing,,Generated ear-training interval,,high,Tagged
MI-S-523,CLIP-AD1E59332EC4,Melody,MEL.INTERVAL.QUALITY,Interval quality,MEL.INTERVAL.NUMBER,identify,Securing,,Generated ear-training interval,,high,Tagged
MI-S-524,CLIP-5188F36C5EA1,Melody,MEL.INTERVAL.QUALITY,Interval quality,MEL.INTERVAL.NUMBER,identify,Securing,,Generated ear-training interval,,high,Tagged
MI-S-525,CLIP-687AE37A5454,Melody,MEL.INTERVAL.QUALITY,Interval quality,MEL.INTERVAL.NUMBER,identify,Securing,,Generated ear-training interval,,high,Tagged
MI-S-526,CLIP-A44F1BA7BBC8,Melody,MEL.INTERVAL.QUALITY,Interval quality,MEL.INTERVAL.NUMBER,identify,Securing,,Generated ear-training interval,,high,Tagged
MI-S-527,CLIP-2329CF8B1986,Melody,MEL.INTERVAL.QUALITY,Interval quality,MEL.INTERVAL.NUMBER,identify,Securing,,Generated ear-training interval,,high,Tagged
MI-S-528,CLIP-94823CA72B44,Melody,MEL.INTERVAL.QUALITY,Interval quality,MEL.INTERVAL.NUMBER,identify,Securing,,Generated ear-training interval,,high,Tagged
MI-S-529,CLIP-0A2F7B29B712,Melody,MEL.INTERVAL.QUALITY,Interval quality,MEL.INTERVAL.NUMBER,identify,Securing,,Generated ear-training interval,,high,Tagged
MI-S-530,CLIP-106FD744539F,Melody,MEL.INTERVAL.QUALITY,Interval quality,MEL.INTERVAL.NUMBER,identify,Securing,,Generated ear-training interval,,high,Tagged
MI-S-531,CLIP-584B1A4734BA,Melody,MEL.INTERVAL.QUALITY,Interval quality,MEL.INTERVAL.NUMBER,identify,Securing,,Generated ear-training interval,,high,Tagged
MI-S-532,CLIP-CBA449395529,Melody,MEL.INTERVAL.QUALITY,Interval quality,MEL.INTERVAL.NUMBER,identify,Securing,,Generated ear-training interval,,high,Tagged
MI-S-533,CLIP-369CA710A8B5,Melody,MEL.INTERVAL.QUALITY,Interval quality,MEL.INTERVAL.NUMBER,identify,Securing,,Generated ear-training interval,,high,Tagged
MI-S-534,CLIP-F22B0998779B,Melody,MEL.INTERVAL.QUALITY,Interval quality,MEL.INTERVAL.NUMBER,identify,Securing,,Generated ear-training interval,,high,Tagged
MI-S-535,CLIP-81348CBD3138,Melody,MEL.INTERVAL.QUALITY,Interval quality,MEL.INTERVAL.NUMBER,identify,Securing,,Generated ear-training interval,,high,Tagged
MI-S-536,CLIP-AE64D52857C0,Melody,MEL.INTERVAL.QUALITY,Interval quality,MEL.INTERVAL.NUMBER,identify,Securing,,Generated ear-training interval,,high,Tagged
MI-S-537,CLIP-4C4CF8BF6643,Melody,MEL.INTERVAL.QUALITY,Interval quality,MEL.INTERVAL.NUMBER,identify,Securing,,Generated ear-training interval,,high,Tagged
MI-S-538,CLIP-19A0AB441BC0,Melody,MEL.INTERVAL.QUALITY,Interval quality,MEL.INTERVAL.NUMBER,identify,Securing,,Generated ear-training interval,,high,Tagged
MI-S-539,CLIP-B394355DB8B3,Melody,MEL.INTERVAL.QUALITY,Interval quality,MEL.INTERVAL.NUMBER,identify,Securing,,Generated ear-training interval,,high,Tagged
MI-S-540,CLIP-A8272E6E232C,Melody,MEL.INTERVAL.QUALITY,Interval quality,MEL.INTERVAL.NUMBER,identify,Securing,,Generated ear-training interval,,high,Tagged
MI-S-541,CLIP-676B3E4E8F81,Melody,MEL.INTERVAL.QUALITY,Interval quality,MEL.INTERVAL.NUMBER,identify,Securing,,Generated ear-training interval,,high,Tagged
MI-S-542,CLIP-E836C443B74F,Melody,MEL.INTERVAL.QUALITY,Interval quality,MEL.INTERVAL.NUMBER,identify,Securing,,Generated ear-training interval,,high,Tagged
MI-S-543,CLIP-4CC36BBE4D41,Melody,MEL.INTERVAL.QUALITY,Interval quality,MEL.INTERVAL.NUMBER,identify,Securing,,Generated ear-training interval,,high,Tagged
MI-S-544,CLIP-2FDFE66B6323,Melody,MEL.INTERVAL.QUALITY,Interval quality,MEL.INTERVAL.NUMBER,identify,Securing,,Generated ear-training interval,,high,Tagged
MI-S-545,CLIP-6DBD07286367,Melody,MEL.INTERVAL.QUALITY,Interval quality,MEL.INTERVAL.NUMBER,identify,Securing,,Generated ear-training interval,,high,Tagged
MI-S-546,CLIP-0EBC2458D143,Melody,MEL.INTERVAL.QUALITY,Interval quality,MEL.INTERVAL.NUMBER,identify,Securing,,Generated ear-training interval,,high,Tagged
MI-S-547,CLIP-75C20F2E0764,Melody,MEL.INTERVAL.QUALITY,Interval quality,MEL.INTERVAL.NUMBER,identify,Securing,,Generated ear-training interval,,high,Tagged
MI-S-548,CLIP-624C40CE7B6E,Melody,MEL.INTERVAL.QUALITY,Interval quality,MEL.INTERVAL.NUMBER,identify,Securing,,Generated ear-training interval,,high,Tagged
MI-S-549,CLIP-9F02382DF07F,Melody,MEL.INTERVAL.QUALITY,Interval quality,MEL.INTERVAL.NUMBER,identify,Securing,,Generated ear-training interval,,high,Tagged
MI-S-550,CLIP-5ACEF58F7A67,Melody,MEL.INTERVAL.QUALITY,Interval quality,MEL.INTERVAL.NUMBER,identify,Securing,,Generated ear-training interval,,high,Tagged
MI-S-551,CLIP-A54D2EFB057A,Melody,MEL.INTERVAL.QUALITY,Interval quality,MEL.INTERVAL.NUMBER,identify,Securing,,Generated ear-training interval,,high,Tagged
MI-S-552,CLIP-EFC3DAE122F6,Melody,MEL.INTERVAL.QUALITY,Interval quality,MEL.INTERVAL.NUMBER,identify,Securing,,Generated ear-training interval,,high,Tagged
MI-S-553,CLIP-FF90A14BB915,Melody,MEL.INTERVAL.QUALITY,Interval quality,MEL.INTERVAL.NUMBER,identify,Securing,,Generated ear-training interval,,high,Tagged
MI-S-554,CLIP-A494B785E88A,Melody,MEL.INTERVAL.QUALITY,Interval quality,MEL.INTERVAL.NUMBER,identify,Securing,,Generated ear-training interval,,high,Tagged
MI-S-555,CLIP-4854131DD101,Melody,MEL.INTERVAL.QUALITY,Interval quality,MEL.INTERVAL.NUMBER,identify,Securing,,Generated ear-training interval,,high,Tagged
MI-S-556,CLIP-E113AC2E5A31,Melody,MEL.INTERVAL.QUALITY,Interval quality,MEL.INTERVAL.NUMBER,identify,Securing,,Generated ear-training interval,,high,Tagged
MI-S-557,CLIP-2C21446B6F93,Melody,MEL.INTERVAL.QUALITY,Interval quality,MEL.INTERVAL.NUMBER,identify,Securing,,Generated ear-training interval,,high,Tagged
MI-S-558,CLIP-4005AEB24617,Melody,MEL.INTERVAL.QUALITY,Interval quality,MEL.INTERVAL.NUMBER,identify,Securing,,Generated ear-training interval,,high,Tagged
MI-S-559,CLIP-A44F1BA7BBC8,Melody,MEL.INTERVAL.QUALITY,Interval quality,MEL.INTERVAL.NUMBER,identify,Securing,,Generated ear-training interval,,high,Tagged
MI-S-560,CLIP-416BBD5A1F0E,Melody,MEL.INTERVAL.QUALITY,Interval quality,MEL.INTERVAL.NUMBER,identify,Securing,,Generated ear-training interval,,high,Tagged
MI-S-561,CLIP-054DDEEB4B3D,Melody,MEL.INTERVAL.QUALITY,Interval quality,MEL.INTERVAL.NUMBER,identify,Securing,,Generated ear-training interval,,high,Tagged
MI-S-562,CLIP-173A56E80B11,Melody,MEL.INTERVAL.QUALITY,Interval quality,MEL.INTERVAL.NUMBER,identify,Securing,,Generated ear-training interval,,high,Tagged
MI-S-563,CLIP-369CA710A8B5,Melody,MEL.INTERVAL.QUALITY,Interval quality,MEL.INTERVAL.NUMBER,identify,Securing,,Generated ear-training interval,,high,Tagged
MI-S-564,CLIP-C607910D8898,Melody,MEL.INTERVAL.QUALITY,Interval quality,MEL.INTERVAL.NUMBER,identify,Securing,,Generated ear-training interval,,high,Tagged
MI-S-565,CLIP-3DF3A674EC78,Melody,MEL.INTERVAL.QUALITY,Interval quality,MEL.INTERVAL.NUMBER,identify,Securing,,Generated ear-training interval,,high,Tagged
MI-S-566,CLIP-EB0F18C0212A,Melody,MEL.INTERVAL.QUALITY,Interval quality,MEL.INTERVAL.NUMBER,identify,Securing,,Generated ear-training interval,,high,Tagged
MI-S-567,CLIP-1732766ED9CA,Melody,MEL.INTERVAL.QUALITY,Interval quality,MEL.INTERVAL.NUMBER,identify,Securing,,Generated ear-training interval,,high,Tagged
MI-S-568,CLIP-B394355DB8B3,Melody,MEL.INTERVAL.QUALITY,Interval quality,MEL.INTERVAL.NUMBER,identify,Securing,,Generated ear-training interval,,high,Tagged
MI-S-569,CLIP-2969EC8B1C34,Melody,MEL.INTERVAL.QUALITY,Interval quality,MEL.INTERVAL.NUMBER,identify,Securing,,Generated ear-training interval,,high,Tagged
MI-S-570,CLIP-36D960DB602A,Melody,MEL.INTERVAL.QUALITY,Interval quality,MEL.INTERVAL.NUMBER,identify,Securing,,Generated ear-training interval,,high,Tagged
MI-S-571,CLIP-EFBB6B4D4D28,Melody,MEL.INTERVAL.QUALITY,Interval quality,MEL.INTERVAL.NUMBER,identify,Securing,,Generated ear-training interval,,high,Tagged
MI-S-572,CLIP-550AFF24F04A,Melody,MEL.INTERVAL.QUALITY,Interval quality,MEL.INTERVAL.NUMBER,identify,Securing,,Generated ear-training interval,,high,Tagged
MI-S-573,CLIP-6BF2F2634734,Melody,MEL.INTERVAL.QUALITY,Interval quality,MEL.INTERVAL.NUMBER,identify,Securing,,Generated ear-training interval,,high,Tagged
MI-S-574,CLIP-2FDFE66B6323,Melody,MEL.INTERVAL.QUALITY,Interval quality,MEL.INTERVAL.NUMBER,identify,Securing,,Generated ear-training interval,,high,Tagged
MI-S-575,CLIP-FDA3E0932598,Melody,MEL.INTERVAL.QUALITY,Interval quality,MEL.INTERVAL.NUMBER,identify,Securing,,Generated ear-training interval,,high,Tagged
MI-S-576,CLIP-BA43B42B25ED,Melody,MEL.INTERVAL.QUALITY,Interval quality,MEL.INTERVAL.NUMBER,identify,Securing,,Generated ear-training interval,,high,Tagged
MI-S-577,CLIP-35720CD161C2,Melody,MEL.INTERVAL.QUALITY,Interval quality,MEL.INTERVAL.NUMBER,identify,Securing,,Generated ear-training interval,,high,Tagged
MI-S-578,CLIP-BCF7E868BB27,Melody,MEL.INTERVAL.QUALITY,Interval quality,MEL.INTERVAL.NUMBER,identify,Securing,,Generated ear-training interval,,high,Tagged
MI-S-579,CLIP-DF485965F919,Melody,MEL.INTERVAL.QUALITY,Interval quality,MEL.INTERVAL.NUMBER,identify,Securing,,Generated ear-training interval,,high,Tagged
MI-S-580,CLIP-75C20F2E0764,Melody,MEL.INTERVAL.QUALITY,Interval quality,MEL.INTERVAL.NUMBER,identify,Securing,,Generated ear-training interval,,high,Tagged
MI-S-581,CLIP-406258F99D41,Melody,MEL.INTERVAL.QUALITY,Interval quality,MEL.INTERVAL.NUMBER,identify,Securing,,Generated ear-training interval,,high,Tagged
MI-S-582,CLIP-8BCC3B38A9BC,Melody,MEL.INTERVAL.QUALITY,Interval quality,MEL.INTERVAL.NUMBER,identify,Securing,,Generated ear-training interval,,high,Tagged
MI-S-583,CLIP-890F00F069F8,Melody,MEL.INTERVAL.QUALITY,Interval quality,MEL.INTERVAL.NUMBER,identify,Securing,,Generated ear-training interval,,high,Tagged
MI-S-584,CLIP-26ABA172BC96,Melody,MEL.INTERVAL.QUALITY,Interval quality,MEL.INTERVAL.NUMBER,identify,Securing,,Generated ear-training interval,,high,Tagged
MI-S-585,CLIP-05CA50569C40,Melody,MEL.INTERVAL.QUALITY,Interval quality,MEL.INTERVAL.NUMBER,identify,Securing,,Generated ear-training interval,,high,Tagged
MI-S-586,CLIP-2CD6E549BFF9,Melody,MEL.INTERVAL.QUALITY,Interval quality,MEL.INTERVAL.NUMBER,identify,Securing,,Generated ear-training interval,,high,Tagged
MI-S-587,CLIP-12FF0AC2CD96,Melody,MEL.INTERVAL.QUALITY,Interval quality,MEL.INTERVAL.NUMBER,identify,Securing,,Generated ear-training interval,,high,Tagged
MI-S-588,CLIP-5ACEF58F7A67,Melody,MEL.INTERVAL.QUALITY,Interval quality,MEL.INTERVAL.NUMBER,identify,Securing,,Generated ear-training interval,,high,Tagged
MI-S-589,CLIP-58ED23C72C9D,Melody,MEL.INTERVAL.QUALITY,Interval quality,MEL.INTERVAL.NUMBER,identify,Securing,,Generated ear-training interval,,high,Tagged
MI-S-590,CLIP-391DE188E382,Melody,MEL.INTERVAL.QUALITY,Interval quality,MEL.INTERVAL.NUMBER,identify,Securing,,Generated ear-training interval,,high,Tagged
MI-S-591,CLIP-EC0AAD34EDA1,Melody,MEL.INTERVAL.QUALITY,Interval quality,MEL.INTERVAL.NUMBER,identify,Securing,,Generated ear-training interval,,high,Tagged
MI-S-592,CLIP-2B1891BA07A3,Melody,MEL.INTERVAL.QUALITY,Interval quality,MEL.INTERVAL.NUMBER,identify,Securing,,Generated ear-training interval,,high,Tagged
MI-S-593,CLIP-FE5C07958BAC,Melody,MEL.INTERVAL.QUALITY,Interval quality,MEL.INTERVAL.NUMBER,identify,Securing,,Generated ear-training interval,,high,Tagged
MI-S-594,CLIP-ADFBD348022A,Melody,MEL.INTERVAL.QUALITY,Interval quality,MEL.INTERVAL.NUMBER,identify,Securing,,Generated ear-training interval,,high,Tagged
MI-S-595,CLIP-80BBC8C616E4,Melody,MEL.INTERVAL.QUALITY,Interval quality,MEL.INTERVAL.NUMBER,identify,Securing,,Generated ear-training interval,,high,Tagged
MI-S-596,CLIP-EFC3DAE122F6,Melody,MEL.INTERVAL.QUALITY,Interval quality,MEL.INTERVAL.NUMBER,identify,Securing,,Generated ear-training interval,,high,Tagged
MI-S-597,CLIP-3AA5815D2BB3,Melody,MEL.INTERVAL.QUALITY,Interval quality,MEL.INTERVAL.NUMBER,identify,Securing,,Generated ear-training interval,,high,Tagged
MI-S-598,CLIP-33403F045684,Melody,MEL.INTERVAL.QUALITY,Interval quality,MEL.INTERVAL.NUMBER,identify,Securing,,Generated ear-training interval,,high,Tagged
MI-S-599,CLIP-77BA98ACC65E,Melody,MEL.INTERVAL.QUALITY,Interval quality,MEL.INTERVAL.NUMBER,identify,Securing,,Generated ear-training interval,,high,Tagged
MI-S-600,CLIP-6A58D561B588,Melody,MEL.INTERVAL.QUALITY,Interval quality,MEL.INTERVAL.NUMBER,identify,Securing,,Generated ear-training interval,,high,Tagged
MI-S-601,CLIP-DFBBF9837B0D,Melody,MEL.INTERVAL.QUALITY,Interval quality,MEL.INTERVAL.NUMBER,identify,Securing,,Generated ear-training interval,,high,Tagged
MI-S-602,CLIP-C6BF016EEAFE,Melody,MEL.INTERVAL.QUALITY,Interval quality,MEL.INTERVAL.NUMBER,identify,Securing,,Generated ear-training interval,,high,Tagged
MI-S-603,CLIP-FF90A14BB915,Melody,MEL.INTERVAL.QUALITY,Interval quality,MEL.INTERVAL.NUMBER,identify,Securing,,Generated ear-training interval,,high,Tagged
MI-S-604,CLIP-33A49A248820,Melody,MEL.INTERVAL.QUALITY,Interval quality,MEL.INTERVAL.NUMBER,identify,Securing,,Generated ear-training interval,,high,Tagged
MI-S-605,CLIP-FDD0C4C55B18,Melody,MEL.INTERVAL.QUALITY,Interval quality,MEL.INTERVAL.NUMBER,identify,Securing,,Generated ear-training interval,,high,Tagged
MI-S-606,CLIP-DF4747CDC766,Melody,MEL.INTERVAL.QUALITY,Interval quality,MEL.INTERVAL.NUMBER,identify,Securing,,Generated ear-training interval,,high,Tagged
MI-S-607,CLIP-57D39FB99ACA,Melody,MEL.INTERVAL.QUALITY,Interval quality,MEL.INTERVAL.NUMBER,identify,Securing,,Generated ear-training interval,,high,Tagged
MI-S-608,CLIP-80EB25C0BC48,Melody,MEL.INTERVAL.QUALITY,Interval quality,MEL.INTERVAL.NUMBER,identify,Securing,,Generated ear-training interval,,high,Tagged
MI-S-609,CLIP-0231AEACBA0D,Melody,MEL.INTERVAL.QUALITY,Interval quality,MEL.INTERVAL.NUMBER,identify,Securing,,Generated ear-training interval,,high,Tagged
MI-S-610,CLIP-34D1760E6ECF,Melody,MEL.INTERVAL.QUALITY,Interval quality,MEL.INTERVAL.NUMBER,identify,Securing,,Generated ear-training interval,,high,Tagged
MI-S-611,CLIP-A494B785E88A,Melody,MEL.INTERVAL.QUALITY,Interval quality,MEL.INTERVAL.NUMBER,identify,Securing,,Generated ear-training interval,,high,Tagged
MI-S-612,CLIP-4B7BD05024F8,Melody,MEL.INTERVAL.QUALITY,Interval quality,MEL.INTERVAL.NUMBER,identify,Securing,,Generated ear-training interval,,high,Tagged
MI-S-613,CLIP-2F21E7F7C090,Melody,MEL.INTERVAL.QUALITY,Interval quality,MEL.INTERVAL.NUMBER,identify,Securing,,Generated ear-training interval,,high,Tagged
MI-S-614,CLIP-99FBE1FD0A14,Melody,MEL.INTERVAL.QUALITY,Interval quality,MEL.INTERVAL.NUMBER,identify,Securing,,Generated ear-training interval,,high,Tagged
MI-S-615,CLIP-E0DF93960097,Melody,MEL.INTERVAL.QUALITY,Interval quality,MEL.INTERVAL.NUMBER,identify,Securing,,Generated ear-training interval,,high,Tagged
MI-S-616,CLIP-F044FE7FDC64,Melody,MEL.INTERVAL.QUALITY,Interval quality,MEL.INTERVAL.NUMBER,identify,Securing,,Generated ear-training interval,,high,Tagged
MI-S-617,CLIP-B91F13BFD047,Melody,MEL.INTERVAL.QUALITY,Interval quality,MEL.INTERVAL.NUMBER,identify,Securing,,Generated ear-training interval,,high,Tagged
MI-S-618,CLIP-DA08532E88EC,Melody,MEL.INTERVAL.QUALITY,Interval quality,MEL.INTERVAL.NUMBER,identify,Securing,,Generated ear-training interval,,high,Tagged
MI-S-619,CLIP-140DCD4618BA,Melody,MEL.INTERVAL.QUALITY,Interval quality,MEL.INTERVAL.NUMBER,identify,Securing,,Generated ear-training interval,,high,Tagged
MI-S-620,CLIP-F529CDEECE30,Melody,MEL.INTERVAL.QUALITY,Interval quality,MEL.INTERVAL.NUMBER,identify,Securing,,Generated ear-training interval,,high,Tagged
MI-S-621,CLIP-730CD7F09941,Melody,MEL.INTERVAL.QUALITY,Interval quality,MEL.INTERVAL.NUMBER,identify,Securing,,Generated ear-training interval,,high,Tagged
MI-S-622,CLIP-11CEF2DB7633,Melody,MEL.INTERVAL.QUALITY,Interval quality,MEL.INTERVAL.NUMBER,identify,Securing,,Generated ear-training interval,,high,Tagged
MI-S-623,CLIP-D4FF548796CB,Melody,MEL.INTERVAL.QUALITY,Interval quality,MEL.INTERVAL.NUMBER,identify,Securing,,Generated ear-training interval,,high,Tagged
MI-S-624,CLIP-01E5B91D04B4,Melody,MEL.INTERVAL.QUALITY,Interval quality,MEL.INTERVAL.NUMBER,identify,Securing,,Generated ear-training interval,,high,Tagged
MI-S-625,CLIP-B88AF984D267,Melody,MEL.INTERVAL.QUALITY,Interval quality,MEL.INTERVAL.NUMBER,identify,Securing,,Generated ear-training interval,,high,Tagged
MI-S-626,CLIP-A44F1BA7BBC8,Melody,MEL.INTERVAL.QUALITY,Interval quality,MEL.INTERVAL.NUMBER,identify,Securing,,Generated ear-training interval,,high,Tagged
MI-S-627,CLIP-2329CF8B1986,Melody,MEL.INTERVAL.QUALITY,Interval quality,MEL.INTERVAL.NUMBER,identify,Securing,,Generated ear-training interval,,high,Tagged
MI-S-628,CLIP-94823CA72B44,Melody,MEL.INTERVAL.QUALITY,Interval quality,MEL.INTERVAL.NUMBER,identify,Securing,,Generated ear-training interval,,high,Tagged
MI-S-629,CLIP-0A2F7B29B712,Melody,MEL.INTERVAL.QUALITY,Interval quality,MEL.INTERVAL.NUMBER,identify,Securing,,Generated ear-training interval,,high,Tagged
MI-S-630,CLIP-106FD744539F,Melody,MEL.INTERVAL.QUALITY,Interval quality,MEL.INTERVAL.NUMBER,identify,Securing,,Generated ear-training interval,,high,Tagged
MI-S-631,CLIP-584B1A4734BA,Melody,MEL.INTERVAL.QUALITY,Interval quality,MEL.INTERVAL.NUMBER,identify,Securing,,Generated ear-training interval,,high,Tagged
MI-S-632,CLIP-7AB1C3EBC27B,Melody,MEL.INTERVAL.QUALITY,Interval quality,MEL.INTERVAL.NUMBER,identify,Securing,,Generated ear-training interval,,high,Tagged
MI-S-633,CLIP-369CA710A8B5,Melody,MEL.INTERVAL.QUALITY,Interval quality,MEL.INTERVAL.NUMBER,identify,Securing,,Generated ear-training interval,,high,Tagged
MI-S-634,CLIP-F22B0998779B,Melody,MEL.INTERVAL.QUALITY,Interval quality,MEL.INTERVAL.NUMBER,identify,Securing,,Generated ear-training interval,,high,Tagged
MI-S-635,CLIP-81348CBD3138,Melody,MEL.INTERVAL.QUALITY,Interval quality,MEL.INTERVAL.NUMBER,identify,Securing,,Generated ear-training interval,,high,Tagged
MI-S-636,CLIP-AE64D52857C0,Melody,MEL.INTERVAL.QUALITY,Interval quality,MEL.INTERVAL.NUMBER,identify,Securing,,Generated ear-training interval,,high,Tagged
MI-S-637,CLIP-4C4CF8BF6643,Melody,MEL.INTERVAL.QUALITY,Interval quality,MEL.INTERVAL.NUMBER,identify,Securing,,Generated ear-training interval,,high,Tagged
MI-S-638,CLIP-90B4A5F8F14E,Melody,MEL.INTERVAL.QUALITY,Interval quality,MEL.INTERVAL.NUMBER,identify,Securing,,Generated ear-training interval,,high,Tagged
MI-S-639,CLIP-B394355DB8B3,Melody,MEL.INTERVAL.QUALITY,Interval quality,MEL.INTERVAL.NUMBER,identify,Securing,,Generated ear-training interval,,high,Tagged
MI-S-640,CLIP-A8272E6E232C,Melody,MEL.INTERVAL.QUALITY,Interval quality,MEL.INTERVAL.NUMBER,identify,Securing,,Generated ear-training interval,,high,Tagged
MI-S-641,CLIP-676B3E4E8F81,Melody,MEL.INTERVAL.QUALITY,Interval quality,MEL.INTERVAL.NUMBER,identify,Securing,,Generated ear-training interval,,high,Tagged
MI-S-642,CLIP-E836C443B74F,Melody,MEL.INTERVAL.QUALITY,Interval quality,MEL.INTERVAL.NUMBER,identify,Securing,,Generated ear-training interval,,high,Tagged
MI-S-643,CLIP-2FDFE66B6323,Melody,MEL.INTERVAL.QUALITY,Interval quality,MEL.INTERVAL.NUMBER,identify,Securing,,Generated ear-training interval,,high,Tagged
MI-S-644,CLIP-6DBD07286367,Melody,MEL.INTERVAL.QUALITY,Interval quality,MEL.INTERVAL.NUMBER,identify,Securing,,Generated ear-training interval,,high,Tagged
MI-S-645,CLIP-0EBC2458D143,Melody,MEL.INTERVAL.QUALITY,Interval quality,MEL.INTERVAL.NUMBER,identify,Securing,,Generated ear-training interval,,high,Tagged
MI-S-646,CLIP-3781A65DBAE6,Melody,MEL.INTERVAL.QUALITY,Interval quality,MEL.INTERVAL.NUMBER,identify,Securing,,Generated ear-training interval,,high,Tagged
MI-S-647,CLIP-75C20F2E0764,Melody,MEL.INTERVAL.QUALITY,Interval quality,MEL.INTERVAL.NUMBER,identify,Securing,,Generated ear-training interval,,high,Tagged
MI-S-648,CLIP-624C40CE7B6E,Melody,MEL.INTERVAL.QUALITY,Interval quality,MEL.INTERVAL.NUMBER,identify,Securing,,Generated ear-training interval,,high,Tagged
MI-S-649,CLIP-C7FD37641601,Melody,MEL.INTERVAL.QUALITY,Interval quality,MEL.INTERVAL.NUMBER,identify,Securing,,Generated ear-training interval,,high,Tagged
MI-S-650,CLIP-5ACEF58F7A67,Melody,MEL.INTERVAL.QUALITY,Interval quality,MEL.INTERVAL.NUMBER,identify,Securing,,Generated ear-training interval,,high,Tagged
MI-S-651,CLIP-CFF826CCF3C9,Melody,MEL.INTERVAL.QUALITY,Interval quality,MEL.INTERVAL.NUMBER,identify,Securing,,Generated ear-training interval,,high,Tagged
MI-S-652,CLIP-3F73207F8391,Melody,MEL.INTERVAL.QUALITY,Interval quality,MEL.INTERVAL.NUMBER,identify,Securing,,Generated ear-training interval,,high,Tagged
MI-S-653,CLIP-FF90A14BB915,Melody,MEL.INTERVAL.QUALITY,Interval quality,MEL.INTERVAL.NUMBER,identify,Securing,,Generated ear-training interval,,high,Tagged
MI-S-654,CLIP-A494B785E88A,Melody,MEL.INTERVAL.QUALITY,Interval quality,MEL.INTERVAL.NUMBER,identify,Securing,,Generated ear-training interval,,high,Tagged
MI-S-655,CLIP-4854131DD101,Melody,MEL.INTERVAL.QUALITY,Interval quality,MEL.INTERVAL.NUMBER,identify,Securing,,Generated ear-training interval,,high,Tagged
MI-S-656,CLIP-140DCD4618BA,Melody,MEL.INTERVAL.QUALITY,Interval quality,MEL.INTERVAL.NUMBER,identify,Securing,,Generated ear-training interval,,high,Tagged
MI-S-657,CLIP-FBD6D2CB5D6E,Melody,MEL.INTERVAL.QUALITY,Interval quality,MEL.INTERVAL.NUMBER,identify,Securing,,Generated ear-training interval,,high,Tagged
MI-S-658,CLIP-B29E32E68F19,Melody,MEL.INTERVAL.QUALITY,Interval quality,MEL.INTERVAL.NUMBER,identify,Securing,,Generated ear-training interval,,high,Tagged
MI-S-659,CLIP-A44F1BA7BBC8,Melody,MEL.INTERVAL.QUALITY,Interval quality,MEL.INTERVAL.NUMBER,identify,Securing,,Generated ear-training interval,,high,Tagged
MI-S-660,CLIP-D3AC0CA616A7,Melody,MEL.INTERVAL.QUALITY,Interval quality,MEL.INTERVAL.NUMBER,identify,Securing,,Generated ear-training interval,,high,Tagged
MI-S-661,CLIP-054DDEEB4B3D,Melody,MEL.INTERVAL.QUALITY,Interval quality,MEL.INTERVAL.NUMBER,identify,Securing,,Generated ear-training interval,,high,Tagged
MI-S-662,CLIP-173A56E80B11,Melody,MEL.INTERVAL.QUALITY,Interval quality,MEL.INTERVAL.NUMBER,identify,Securing,,Generated ear-training interval,,high,Tagged
MI-S-663,CLIP-369CA710A8B5,Melody,MEL.INTERVAL.QUALITY,Interval quality,MEL.INTERVAL.NUMBER,identify,Securing,,Generated ear-training interval,,high,Tagged
MI-S-664,CLIP-C607910D8898,Melody,MEL.INTERVAL.QUALITY,Interval quality,MEL.INTERVAL.NUMBER,identify,Securing,,Generated ear-training interval,,high,Tagged
MI-S-665,CLIP-8CFD9EEB0A97,Melody,MEL.INTERVAL.QUALITY,Interval quality,MEL.INTERVAL.NUMBER,identify,Securing,,Generated ear-training interval,,high,Tagged
MI-S-666,CLIP-EB0F18C0212A,Melody,MEL.INTERVAL.QUALITY,Interval quality,MEL.INTERVAL.NUMBER,identify,Securing,,Generated ear-training interval,,high,Tagged
MI-S-667,CLIP-1732766ED9CA,Melody,MEL.INTERVAL.QUALITY,Interval quality,MEL.INTERVAL.NUMBER,identify,Securing,,Generated ear-training interval,,high,Tagged
MI-S-668,CLIP-B394355DB8B3,Melody,MEL.INTERVAL.QUALITY,Interval quality,MEL.INTERVAL.NUMBER,identify,Securing,,Generated ear-training interval,,high,Tagged
MI-S-669,CLIP-2969EC8B1C34,Melody,MEL.INTERVAL.QUALITY,Interval quality,MEL.INTERVAL.NUMBER,identify,Securing,,Generated ear-training interval,,high,Tagged
MI-S-670,CLIP-36D960DB602A,Melody,MEL.INTERVAL.QUALITY,Interval quality,MEL.INTERVAL.NUMBER,identify,Securing,,Generated ear-training interval,,high,Tagged
MI-S-671,CLIP-550AFF24F04A,Melody,MEL.INTERVAL.QUALITY,Interval quality,MEL.INTERVAL.NUMBER,identify,Securing,,Generated ear-training interval,,high,Tagged
MI-S-672,CLIP-6BF2F2634734,Melody,MEL.INTERVAL.QUALITY,Interval quality,MEL.INTERVAL.NUMBER,identify,Securing,,Generated ear-training interval,,high,Tagged
MI-S-673,CLIP-2FDFE66B6323,Melody,MEL.INTERVAL.QUALITY,Interval quality,MEL.INTERVAL.NUMBER,identify,Securing,,Generated ear-training interval,,high,Tagged
MI-S-674,CLIP-FDA3E0932598,Melody,MEL.INTERVAL.QUALITY,Interval quality,MEL.INTERVAL.NUMBER,identify,Securing,,Generated ear-training interval,,high,Tagged
MI-S-675,CLIP-BA43B42B25ED,Melody,MEL.INTERVAL.QUALITY,Interval quality,MEL.INTERVAL.NUMBER,identify,Securing,,Generated ear-training interval,,high,Tagged
MI-S-676,CLIP-35720CD161C2,Melody,MEL.INTERVAL.QUALITY,Interval quality,MEL.INTERVAL.NUMBER,identify,Securing,,Generated ear-training interval,,high,Tagged
MI-S-677,CLIP-6B89A21B0D72,Melody,MEL.INTERVAL.QUALITY,Interval quality,MEL.INTERVAL.NUMBER,identify,Securing,,Generated ear-training interval,,high,Tagged
MI-S-678,CLIP-BCF7E868BB27,Melody,MEL.INTERVAL.QUALITY,Interval quality,MEL.INTERVAL.NUMBER,identify,Securing,,Generated ear-training interval,,high,Tagged
MI-S-679,CLIP-DF485965F919,Melody,MEL.INTERVAL.QUALITY,Interval quality,MEL.INTERVAL.NUMBER,identify,Securing,,Generated ear-training interval,,high,Tagged
MI-S-680,CLIP-75C20F2E0764,Melody,MEL.INTERVAL.QUALITY,Interval quality,MEL.INTERVAL.NUMBER,identify,Securing,,Generated ear-training interval,,high,Tagged
MI-S-681,CLIP-406258F99D41,Melody,MEL.INTERVAL.QUALITY,Interval quality,MEL.INTERVAL.NUMBER,identify,Securing,,Generated ear-training interval,,high,Tagged
MI-S-682,CLIP-8BCC3B38A9BC,Melody,MEL.INTERVAL.QUALITY,Interval quality,MEL.INTERVAL.NUMBER,identify,Securing,,Generated ear-training interval,,high,Tagged
MI-S-683,CLIP-890F00F069F8,Melody,MEL.INTERVAL.QUALITY,Interval quality,MEL.INTERVAL.NUMBER,identify,Securing,,Generated ear-training interval,,high,Tagged
MI-S-684,CLIP-26ABA172BC96,Melody,MEL.INTERVAL.QUALITY,Interval quality,MEL.INTERVAL.NUMBER,identify,Securing,,Generated ear-training interval,,high,Tagged
MI-S-685,CLIP-054DB7A90916,Melody,MEL.INTERVAL.QUALITY,Interval quality,MEL.INTERVAL.NUMBER,identify,Securing,,Generated ear-training interval,,high,Tagged
MI-S-686,CLIP-2CD6E549BFF9,Melody,MEL.INTERVAL.QUALITY,Interval quality,MEL.INTERVAL.NUMBER,identify,Securing,,Generated ear-training interval,,high,Tagged
MI-S-687,CLIP-12FF0AC2CD96,Melody,MEL.INTERVAL.QUALITY,Interval quality,MEL.INTERVAL.NUMBER,identify,Securing,,Generated ear-training interval,,high,Tagged
MI-S-688,CLIP-5ACEF58F7A67,Melody,MEL.INTERVAL.QUALITY,Interval quality,MEL.INTERVAL.NUMBER,identify,Securing,,Generated ear-training interval,,high,Tagged
MI-S-689,CLIP-58ED23C72C9D,Melody,MEL.INTERVAL.QUALITY,Interval quality,MEL.INTERVAL.NUMBER,identify,Securing,,Generated ear-training interval,,high,Tagged
MI-S-690,CLIP-391DE188E382,Melody,MEL.INTERVAL.QUALITY,Interval quality,MEL.INTERVAL.NUMBER,identify,Securing,,Generated ear-training interval,,high,Tagged
MI-S-691,CLIP-EC0AAD34EDA1,Melody,MEL.INTERVAL.QUALITY,Interval quality,MEL.INTERVAL.NUMBER,identify,Securing,,Generated ear-training interval,,high,Tagged
MI-S-692,CLIP-2B1891BA07A3,Melody,MEL.INTERVAL.QUALITY,Interval quality,MEL.INTERVAL.NUMBER,identify,Securing,,Generated ear-training interval,,high,Tagged
MI-S-693,CLIP-FE5C07958BAC,Melody,MEL.INTERVAL.QUALITY,Interval quality,MEL.INTERVAL.NUMBER,identify,Securing,,Generated ear-training interval,,high,Tagged
MI-S-694,CLIP-B81225E38176,Melody,MEL.INTERVAL.QUALITY,Interval quality,MEL.INTERVAL.NUMBER,identify,Securing,,Generated ear-training interval,,high,Tagged
MI-S-695,CLIP-80BBC8C616E4,Melody,MEL.INTERVAL.QUALITY,Interval quality,MEL.INTERVAL.NUMBER,identify,Securing,,Generated ear-training interval,,high,Tagged
MI-S-696,CLIP-3F73207F8391,Melody,MEL.INTERVAL.QUALITY,Interval quality,MEL.INTERVAL.NUMBER,identify,Securing,,Generated ear-training interval,,high,Tagged
MI-S-697,CLIP-BC5E142510A4,Melody,MEL.INTERVAL.QUALITY,Interval quality,MEL.INTERVAL.NUMBER,identify,Securing,,Generated ear-training interval,,high,Tagged
MI-S-698,CLIP-694D92D20D44,Melody,MEL.INTERVAL.QUALITY,Interval quality,MEL.INTERVAL.NUMBER,identify,Securing,,Generated ear-training interval,,high,Tagged
MI-S-699,CLIP-0CD691FED62A,Melody,MEL.INTERVAL.QUALITY,Interval quality,MEL.INTERVAL.NUMBER,identify,Securing,,Generated ear-training interval,,high,Tagged
MI-S-700,CLIP-322AD3A66CD0,Melody,MEL.INTERVAL.QUALITY,Interval quality,MEL.INTERVAL.NUMBER,identify,Securing,,Generated ear-training interval,,high,Tagged
MI-S-701,CLIP-98CFB28AD36A,Melody,MEL.INTERVAL.QUALITY,Interval quality,MEL.INTERVAL.NUMBER,identify,Securing,,Generated ear-training interval,,high,Tagged
MI-S-702,CLIP-51FFEE4585B5,Melody,MEL.INTERVAL.QUALITY,Interval quality,MEL.INTERVAL.NUMBER,identify,Securing,,Generated ear-training interval,,high,Tagged
MI-S-703,CLIP-FF90A14BB915,Melody,MEL.INTERVAL.QUALITY,Interval quality,MEL.INTERVAL.NUMBER,identify,Securing,,Generated ear-training interval,,high,Tagged
MI-S-704,CLIP-33A49A248820,Melody,MEL.INTERVAL.QUALITY,Interval quality,MEL.INTERVAL.NUMBER,identify,Securing,,Generated ear-training interval,,high,Tagged
MI-S-705,CLIP-FDD0C4C55B18,Melody,MEL.INTERVAL.QUALITY,Interval quality,MEL.INTERVAL.NUMBER,identify,Securing,,Generated ear-training interval,,high,Tagged
MI-S-706,CLIP-DF4747CDC766,Melody,MEL.INTERVAL.QUALITY,Interval quality,MEL.INTERVAL.NUMBER,identify,Securing,,Generated ear-training interval,,high,Tagged
MI-S-707,CLIP-57D39FB99ACA,Melody,MEL.INTERVAL.QUALITY,Interval quality,MEL.INTERVAL.NUMBER,identify,Securing,,Generated ear-training interval,,high,Tagged
MI-S-708,CLIP-C1AC1004DE76,Melody,MEL.INTERVAL.QUALITY,Interval quality,MEL.INTERVAL.NUMBER,identify,Securing,,Generated ear-training interval,,high,Tagged
MI-S-709,CLIP-0231AEACBA0D,Melody,MEL.INTERVAL.QUALITY,Interval quality,MEL.INTERVAL.NUMBER,identify,Securing,,Generated ear-training interval,,high,Tagged
MI-S-710,CLIP-34D1760E6ECF,Melody,MEL.INTERVAL.QUALITY,Interval quality,MEL.INTERVAL.NUMBER,identify,Securing,,Generated ear-training interval,,high,Tagged
MI-S-711,CLIP-A494B785E88A,Melody,MEL.INTERVAL.QUALITY,Interval quality,MEL.INTERVAL.NUMBER,identify,Securing,,Generated ear-training interval,,high,Tagged
MI-S-712,CLIP-4B7BD05024F8,Melody,MEL.INTERVAL.QUALITY,Interval quality,MEL.INTERVAL.NUMBER,identify,Securing,,Generated ear-training interval,,high,Tagged
MI-S-713,CLIP-2F21E7F7C090,Melody,MEL.INTERVAL.QUALITY,Interval quality,MEL.INTERVAL.NUMBER,identify,Securing,,Generated ear-training interval,,high,Tagged
MI-S-714,CLIP-99FBE1FD0A14,Melody,MEL.INTERVAL.QUALITY,Interval quality,MEL.INTERVAL.NUMBER,identify,Securing,,Generated ear-training interval,,high,Tagged
MI-S-715,CLIP-F044FE7FDC64,Melody,MEL.INTERVAL.QUALITY,Interval quality,MEL.INTERVAL.NUMBER,identify,Securing,,Generated ear-training interval,,high,Tagged
MI-S-716,CLIP-B91F13BFD047,Melody,MEL.INTERVAL.QUALITY,Interval quality,MEL.INTERVAL.NUMBER,identify,Securing,,Generated ear-training interval,,high,Tagged
MI-S-717,CLIP-DA08532E88EC,Melody,MEL.INTERVAL.QUALITY,Interval quality,MEL.INTERVAL.NUMBER,identify,Securing,,Generated ear-training interval,,high,Tagged
MI-S-718,CLIP-140DCD4618BA,Melody,MEL.INTERVAL.QUALITY,Interval quality,MEL.INTERVAL.NUMBER,identify,Securing,,Generated ear-training interval,,high,Tagged
MI-S-719,CLIP-F529CDEECE30,Melody,MEL.INTERVAL.QUALITY,Interval quality,MEL.INTERVAL.NUMBER,identify,Securing,,Generated ear-training interval,,high,Tagged
MI-S-720,CLIP-730CD7F09941,Melody,MEL.INTERVAL.QUALITY,Interval quality,MEL.INTERVAL.NUMBER,identify,Securing,,Generated ear-training interval,,high,Tagged
MI-S-721,CLIP-3F823C7CC92C,Melody,MEL.INTERVAL.QUALITY,Interval quality,MEL.INTERVAL.NUMBER,identify,Securing,,Generated ear-training interval,,high,Tagged
MI-S-722,CLIP-11CEF2DB7633,Melody,MEL.INTERVAL.QUALITY,Interval quality,MEL.INTERVAL.NUMBER,identify,Securing,,Generated ear-training interval,,high,Tagged
MI-S-723,CLIP-D4FF548796CB,Melody,MEL.INTERVAL.QUALITY,Interval quality,MEL.INTERVAL.NUMBER,identify,Securing,,Generated ear-training interval,,high,Tagged
MI-S-724,CLIP-01E5B91D04B4,Melody,MEL.INTERVAL.QUALITY,Interval quality,MEL.INTERVAL.NUMBER,identify,Securing,,Generated ear-training interval,,high,Tagged
MI-S-725,CLIP-B88AF984D267,Melody,MEL.INTERVAL.QUALITY,Interval quality,MEL.INTERVAL.NUMBER,identify,Securing,,Generated ear-training interval,,high,Tagged
MI-S-726,CLIP-A44F1BA7BBC8,Melody,MEL.INTERVAL.QUALITY,Interval quality,MEL.INTERVAL.NUMBER,identify,Securing,,Generated ear-training interval,,high,Tagged
MI-S-727,CLIP-2329CF8B1986,Melody,MEL.INTERVAL.QUALITY,Interval quality,MEL.INTERVAL.NUMBER,identify,Securing,,Generated ear-training interval,,high,Tagged
MI-S-728,CLIP-91552C18FA1A,Melody,MEL.INTERVAL.QUALITY,Interval quality,MEL.INTERVAL.NUMBER,identify,Securing,,Generated ear-training interval,,high,Tagged
MI-S-729,CLIP-0A2F7B29B712,Melody,MEL.INTERVAL.QUALITY,Interval quality,MEL.INTERVAL.NUMBER,identify,Securing,,Generated ear-training interval,,high,Tagged
MI-S-730,CLIP-106FD744539F,Melody,MEL.INTERVAL.QUALITY,Interval quality,MEL.INTERVAL.NUMBER,identify,Securing,,Generated ear-training interval,,high,Tagged
MI-S-731,CLIP-584B1A4734BA,Melody,MEL.INTERVAL.QUALITY,Interval quality,MEL.INTERVAL.NUMBER,identify,Securing,,Generated ear-training interval,,high,Tagged
MI-S-732,CLIP-7AB1C3EBC27B,Melody,MEL.INTERVAL.QUALITY,Interval quality,MEL.INTERVAL.NUMBER,identify,Securing,,Generated ear-training interval,,high,Tagged
MI-S-733,CLIP-369CA710A8B5,Melody,MEL.INTERVAL.QUALITY,Interval quality,MEL.INTERVAL.NUMBER,identify,Securing,,Generated ear-training interval,,high,Tagged
MI-S-734,CLIP-134AB31F66D1,Melody,MEL.INTERVAL.QUALITY,Interval quality,MEL.INTERVAL.NUMBER,identify,Securing,,Generated ear-training interval,,high,Tagged
MI-S-735,CLIP-81348CBD3138,Melody,MEL.INTERVAL.QUALITY,Interval quality,MEL.INTERVAL.NUMBER,identify,Securing,,Generated ear-training interval,,high,Tagged
MI-S-736,CLIP-AE64D52857C0,Melody,MEL.INTERVAL.QUALITY,Interval quality,MEL.INTERVAL.NUMBER,identify,Securing,,Generated ear-training interval,,high,Tagged
MI-S-737,CLIP-4C4CF8BF6643,Melody,MEL.INTERVAL.QUALITY,Interval quality,MEL.INTERVAL.NUMBER,identify,Securing,,Generated ear-training interval,,high,Tagged
MI-S-738,CLIP-90B4A5F8F14E,Melody,MEL.INTERVAL.QUALITY,Interval quality,MEL.INTERVAL.NUMBER,identify,Securing,,Generated ear-training interval,,high,Tagged
MI-S-739,CLIP-6064A5FB19CA,Melody,MEL.INTERVAL.QUALITY,Interval quality,MEL.INTERVAL.NUMBER,identify,Securing,,Generated ear-training interval,,high,Tagged
MI-S-740,CLIP-76F3C12DA52A,Melody,MEL.INTERVAL.QUALITY,Interval quality,MEL.INTERVAL.NUMBER,identify,Securing,,Generated ear-training interval,,high,Tagged
MI-S-741,CLIP-7A107CA03634,Melody,MEL.INTERVAL.QUALITY,Interval quality,MEL.INTERVAL.NUMBER,identify,Securing,,Generated ear-training interval,,high,Tagged
MI-S-742,CLIP-03D21D811CA5,Melody,MEL.INTERVAL.QUALITY,Interval quality,MEL.INTERVAL.NUMBER,identify,Securing,,Generated ear-training interval,,high,Tagged
MI-S-743,CLIP-2FDFE66B6323,Melody,MEL.INTERVAL.QUALITY,Interval quality,MEL.INTERVAL.NUMBER,identify,Securing,,Generated ear-training interval,,high,Tagged
MI-S-744,CLIP-6DBD07286367,Melody,MEL.INTERVAL.QUALITY,Interval quality,MEL.INTERVAL.NUMBER,identify,Securing,,Generated ear-training interval,,high,Tagged
MI-S-745,CLIP-0EBC2458D143,Melody,MEL.INTERVAL.QUALITY,Interval quality,MEL.INTERVAL.NUMBER,identify,Securing,,Generated ear-training interval,,high,Tagged
MI-S-746,CLIP-3781A65DBAE6,Melody,MEL.INTERVAL.QUALITY,Interval quality,MEL.INTERVAL.NUMBER,identify,Securing,,Generated ear-training interval,,high,Tagged
MI-S-747,CLIP-75C20F2E0764,Melody,MEL.INTERVAL.QUALITY,Interval quality,MEL.INTERVAL.NUMBER,identify,Securing,,Generated ear-training interval,,high,Tagged
MI-S-748,CLIP-624C40CE7B6E,Melody,MEL.INTERVAL.QUALITY,Interval quality,MEL.INTERVAL.NUMBER,identify,Securing,,Generated ear-training interval,,high,Tagged
MI-S-749,CLIP-C7FD37641601,Melody,MEL.INTERVAL.QUALITY,Interval quality,MEL.INTERVAL.NUMBER,identify,Securing,,Generated ear-training interval,,high,Tagged
MI-S-750,CLIP-5ACEF58F7A67,Melody,MEL.INTERVAL.QUALITY,Interval quality,MEL.INTERVAL.NUMBER,identify,Securing,,Generated ear-training interval,,high,Tagged
MI-S-751,CLIP-CFF826CCF3C9,Melody,MEL.INTERVAL.QUALITY,Interval quality,MEL.INTERVAL.NUMBER,identify,Securing,,Generated ear-training interval,,high,Tagged
MI-S-752,CLIP-3F73207F8391,Melody,MEL.INTERVAL.QUALITY,Interval quality,MEL.INTERVAL.NUMBER,identify,Securing,,Generated ear-training interval,,high,Tagged
MI-S-753,CLIP-FF90A14BB915,Melody,MEL.INTERVAL.QUALITY,Interval quality,MEL.INTERVAL.NUMBER,identify,Securing,,Generated ear-training interval,,high,Tagged
MI-S-754,CLIP-A494B785E88A,Melody,MEL.INTERVAL.QUALITY,Interval quality,MEL.INTERVAL.NUMBER,identify,Securing,,Generated ear-training interval,,high,Tagged
MI-S-755,CLIP-4854131DD101,Melody,MEL.INTERVAL.QUALITY,Interval quality,MEL.INTERVAL.NUMBER,identify,Securing,,Generated ear-training interval,,high,Tagged
MI-S-756,CLIP-140DCD4618BA,Melody,MEL.INTERVAL.QUALITY,Interval quality,MEL.INTERVAL.NUMBER,identify,Securing,,Generated ear-training interval,,high,Tagged
MI-S-757,CLIP-FBD6D2CB5D6E,Melody,MEL.INTERVAL.QUALITY,Interval quality,MEL.INTERVAL.NUMBER,identify,Securing,,Generated ear-training interval,,high,Tagged
MI-S-758,CLIP-B29E32E68F19,Melody,MEL.INTERVAL.QUALITY,Interval quality,MEL.INTERVAL.NUMBER,identify,Securing,,Generated ear-training interval,,high,Tagged
MI-S-759,CLIP-A44F1BA7BBC8,Melody,MEL.INTERVAL.QUALITY,Interval quality,MEL.INTERVAL.NUMBER,identify,Securing,,Generated ear-training interval,,high,Tagged
MI-S-760,CLIP-D3AC0CA616A7,Melody,MEL.INTERVAL.QUALITY,Interval quality,MEL.INTERVAL.NUMBER,identify,Securing,,Generated ear-training interval,,high,Tagged
MI-S-761,CLIP-054DDEEB4B3D,Melody,MEL.INTERVAL.QUALITY,Interval quality,MEL.INTERVAL.NUMBER,identify,Securing,,Generated ear-training interval,,high,Tagged
MI-S-762,CLIP-173A56E80B11,Melody,MEL.INTERVAL.QUALITY,Interval quality,MEL.INTERVAL.NUMBER,identify,Securing,,Generated ear-training interval,,high,Tagged
MI-S-763,CLIP-369CA710A8B5,Melody,MEL.INTERVAL.QUALITY,Interval quality,MEL.INTERVAL.NUMBER,identify,Securing,,Generated ear-training interval,,high,Tagged
MI-S-764,CLIP-C607910D8898,Melody,MEL.INTERVAL.QUALITY,Interval quality,MEL.INTERVAL.NUMBER,identify,Securing,,Generated ear-training interval,,high,Tagged
MI-S-765,CLIP-8CFD9EEB0A97,Melody,MEL.INTERVAL.QUALITY,Interval quality,MEL.INTERVAL.NUMBER,identify,Securing,,Generated ear-training interval,,high,Tagged
MI-S-766,CLIP-EB0F18C0212A,Melody,MEL.INTERVAL.QUALITY,Interval quality,MEL.INTERVAL.NUMBER,identify,Securing,,Generated ear-training interval,,high,Tagged
MI-S-767,CLIP-1732766ED9CA,Melody,MEL.INTERVAL.QUALITY,Interval quality,MEL.INTERVAL.NUMBER,identify,Securing,,Generated ear-training interval,,high,Tagged
MI-S-768,CLIP-6064A5FB19CA,Melody,MEL.INTERVAL.QUALITY,Interval quality,MEL.INTERVAL.NUMBER,identify,Securing,,Generated ear-training interval,,high,Tagged
MI-S-769,CLIP-F6F70A991B33,Melody,MEL.INTERVAL.QUALITY,Interval quality,MEL.INTERVAL.NUMBER,identify,Securing,,Generated ear-training interval,,high,Tagged
MI-S-770,CLIP-6256AC151E95,Melody,MEL.INTERVAL.QUALITY,Interval quality,MEL.INTERVAL.NUMBER,identify,Securing,,Generated ear-training interval,,high,Tagged
MI-S-771,CLIP-577311A94ECC,Melody,MEL.INTERVAL.QUALITY,Interval quality,MEL.INTERVAL.NUMBER,identify,Securing,,Generated ear-training interval,,high,Tagged
MI-S-772,CLIP-8A44A4F2C79F,Melody,MEL.INTERVAL.QUALITY,Interval quality,MEL.INTERVAL.NUMBER,identify,Securing,,Generated ear-training interval,,high,Tagged
MI-S-773,CLIP-2FDFE66B6323,Melody,MEL.INTERVAL.QUALITY,Interval quality,MEL.INTERVAL.NUMBER,identify,Securing,,Generated ear-training interval,,high,Tagged
MI-S-774,CLIP-BDFEED11FC28,Melody,MEL.INTERVAL.QUALITY,Interval quality,MEL.INTERVAL.NUMBER,identify,Securing,,Generated ear-training interval,,high,Tagged
MI-S-775,CLIP-BA43B42B25ED,Melody,MEL.INTERVAL.QUALITY,Interval quality,MEL.INTERVAL.NUMBER,identify,Securing,,Generated ear-training interval,,high,Tagged
MI-S-776,CLIP-35720CD161C2,Melody,MEL.INTERVAL.QUALITY,Interval quality,MEL.INTERVAL.NUMBER,identify,Securing,,Generated ear-training interval,,high,Tagged
MI-S-777,CLIP-6B89A21B0D72,Melody,MEL.INTERVAL.QUALITY,Interval quality,MEL.INTERVAL.NUMBER,identify,Securing,,Generated ear-training interval,,high,Tagged
MI-S-778,CLIP-BCF7E868BB27,Melody,MEL.INTERVAL.QUALITY,Interval quality,MEL.INTERVAL.NUMBER,identify,Securing,,Generated ear-training interval,,high,Tagged
MI-S-779,CLIP-DF485965F919,Melody,MEL.INTERVAL.QUALITY,Interval quality,MEL.INTERVAL.NUMBER,identify,Securing,,Generated ear-training interval,,high,Tagged
MI-S-780,CLIP-75C20F2E0764,Melody,MEL.INTERVAL.QUALITY,Interval quality,MEL.INTERVAL.NUMBER,identify,Securing,,Generated ear-training interval,,high,Tagged
MI-S-781,CLIP-406258F99D41,Melody,MEL.INTERVAL.QUALITY,Interval quality,MEL.INTERVAL.NUMBER,identify,Securing,,Generated ear-training interval,,high,Tagged
MI-S-782,CLIP-741D54F5D5EF,Melody,MEL.INTERVAL.QUALITY,Interval quality,MEL.INTERVAL.NUMBER,identify,Securing,,Generated ear-training interval,,high,Tagged
MI-S-783,CLIP-890F00F069F8,Melody,MEL.INTERVAL.QUALITY,Interval quality,MEL.INTERVAL.NUMBER,identify,Securing,,Generated ear-training interval,,high,Tagged
MI-S-784,CLIP-26ABA172BC96,Melody,MEL.INTERVAL.QUALITY,Interval quality,MEL.INTERVAL.NUMBER,identify,Securing,,Generated ear-training interval,,high,Tagged
MI-S-785,CLIP-054DB7A90916,Melody,MEL.INTERVAL.QUALITY,Interval quality,MEL.INTERVAL.NUMBER,identify,Securing,,Generated ear-training interval,,high,Tagged
MI-S-786,CLIP-2CD6E549BFF9,Melody,MEL.INTERVAL.QUALITY,Interval quality,MEL.INTERVAL.NUMBER,identify,Securing,,Generated ear-training interval,,high,Tagged
MI-S-787,CLIP-12FF0AC2CD96,Melody,MEL.INTERVAL.QUALITY,Interval quality,MEL.INTERVAL.NUMBER,identify,Securing,,Generated ear-training interval,,high,Tagged
MI-S-788,CLIP-5ACEF58F7A67,Melody,MEL.INTERVAL.QUALITY,Interval quality,MEL.INTERVAL.NUMBER,identify,Securing,,Generated ear-training interval,,high,Tagged
MI-S-789,CLIP-58ED23C72C9D,Melody,MEL.INTERVAL.QUALITY,Interval quality,MEL.INTERVAL.NUMBER,identify,Securing,,Generated ear-training interval,,high,Tagged
MI-S-790,CLIP-391DE188E382,Melody,MEL.INTERVAL.QUALITY,Interval quality,MEL.INTERVAL.NUMBER,identify,Securing,,Generated ear-training interval,,high,Tagged
MI-S-791,CLIP-2B1891BA07A3,Melody,MEL.INTERVAL.QUALITY,Interval quality,MEL.INTERVAL.NUMBER,identify,Securing,,Generated ear-training interval,,high,Tagged
MI-S-792,CLIP-FE5C07958BAC,Melody,MEL.INTERVAL.QUALITY,Interval quality,MEL.INTERVAL.NUMBER,identify,Securing,,Generated ear-training interval,,high,Tagged
MI-S-793,CLIP-B81225E38176,Melody,MEL.INTERVAL.QUALITY,Interval quality,MEL.INTERVAL.NUMBER,identify,Securing,,Generated ear-training interval,,high,Tagged
MI-S-794,CLIP-80BBC8C616E4,Melody,MEL.INTERVAL.QUALITY,Interval quality,MEL.INTERVAL.NUMBER,identify,Securing,,Generated ear-training interval,,high,Tagged
MI-S-795,CLIP-3F73207F8391,Melody,MEL.INTERVAL.QUALITY,Interval quality,MEL.INTERVAL.NUMBER,identify,Securing,,Generated ear-training interval,,high,Tagged
MI-S-796,CLIP-BC5E142510A4,Melody,MEL.INTERVAL.QUALITY,Interval quality,MEL.INTERVAL.NUMBER,identify,Securing,,Generated ear-training interval,,high,Tagged
MI-S-797,CLIP-694D92D20D44,Melody,MEL.INTERVAL.QUALITY,Interval quality,MEL.INTERVAL.NUMBER,identify,Securing,,Generated ear-training interval,,high,Tagged
MI-S-798,CLIP-0CD691FED62A,Melody,MEL.INTERVAL.QUALITY,Interval quality,MEL.INTERVAL.NUMBER,identify,Securing,,Generated ear-training interval,,high,Tagged
MI-S-799,CLIP-F754B6AF6E89,Melody,MEL.INTERVAL.QUALITY,Interval quality,MEL.INTERVAL.NUMBER,identify,Securing,,Generated ear-training interval,,high,Tagged
MI-S-800,CLIP-322AD3A66CD0,Melody,MEL.INTERVAL.QUALITY,Interval quality,MEL.INTERVAL.NUMBER,identify,Securing,,Generated ear-training interval,,high,Tagged
MI-S-801,CLIP-98CFB28AD36A,Melody,MEL.INTERVAL.QUALITY,Interval quality,MEL.INTERVAL.NUMBER,identify,Securing,,Generated ear-training interval,,high,Tagged
MI-S-802,CLIP-51FFEE4585B5,Melody,MEL.INTERVAL.QUALITY,Interval quality,MEL.INTERVAL.NUMBER,identify,Securing,,Generated ear-training interval,,high,Tagged
MI-S-803,CLIP-FF90A14BB915,Melody,MEL.INTERVAL.QUALITY,Interval quality,MEL.INTERVAL.NUMBER,identify,Securing,,Generated ear-training interval,,high,Tagged
MI-S-804,CLIP-799CF8808BFA,Melody,MEL.INTERVAL.QUALITY,Interval quality,MEL.INTERVAL.NUMBER,identify,Securing,,Generated ear-training interval,,high,Tagged
MI-S-805,CLIP-FDD0C4C55B18,Melody,MEL.INTERVAL.QUALITY,Interval quality,MEL.INTERVAL.NUMBER,identify,Securing,,Generated ear-training interval,,high,Tagged
MI-S-806,CLIP-DF4747CDC766,Melody,MEL.INTERVAL.QUALITY,Interval quality,MEL.INTERVAL.NUMBER,identify,Securing,,Generated ear-training interval,,high,Tagged
MI-S-807,CLIP-57D39FB99ACA,Melody,MEL.INTERVAL.QUALITY,Interval quality,MEL.INTERVAL.NUMBER,identify,Securing,,Generated ear-training interval,,high,Tagged
MI-S-808,CLIP-C1AC1004DE76,Melody,MEL.INTERVAL.QUALITY,Interval quality,MEL.INTERVAL.NUMBER,identify,Securing,,Generated ear-training interval,,high,Tagged
MI-S-809,CLIP-0231AEACBA0D,Melody,MEL.INTERVAL.QUALITY,Interval quality,MEL.INTERVAL.NUMBER,identify,Securing,,Generated ear-training interval,,high,Tagged
MI-S-810,CLIP-34D1760E6ECF,Melody,MEL.INTERVAL.QUALITY,Interval quality,MEL.INTERVAL.NUMBER,identify,Securing,,Generated ear-training interval,,high,Tagged
MI-S-811,CLIP-5C68D32AC90A,Melody,MEL.INTERVAL.QUALITY,Interval quality,MEL.INTERVAL.NUMBER,identify,Securing,,Generated ear-training interval,,high,Tagged
MI-S-812,CLIP-A145F7F5BBD3,Melody,MEL.INTERVAL.QUALITY,Interval quality,MEL.INTERVAL.NUMBER,identify,Securing,,Generated ear-training interval,,high,Tagged
MI-S-813,CLIP-4E49851F08A7,Melody,MEL.INTERVAL.QUALITY,Interval quality,MEL.INTERVAL.NUMBER,identify,Securing,,Generated ear-training interval,,high,Tagged
MI-S-814,CLIP-3C4FCDB588CA,Melody,MEL.INTERVAL.QUALITY,Interval quality,MEL.INTERVAL.NUMBER,identify,Securing,,Generated ear-training interval,,high,Tagged
MI-S-815,CLIP-1209E0D5E0E6,Melody,MEL.INTERVAL.QUALITY,Interval quality,MEL.INTERVAL.NUMBER,identify,Securing,,Generated ear-training interval,,high,Tagged
MI-S-816,CLIP-B779F5B7AACC,Melody,MEL.INTERVAL.QUALITY,Interval quality,MEL.INTERVAL.NUMBER,identify,Securing,,Generated ear-training interval,,high,Tagged
MI-S-817,CLIP-E31C5AAF1D15,Melody,MEL.INTERVAL.QUALITY,Interval quality,MEL.INTERVAL.NUMBER,identify,Securing,,Generated ear-training interval,,high,Tagged
MI-S-818,CLIP-140DCD4618BA,Melody,MEL.INTERVAL.QUALITY,Interval quality,MEL.INTERVAL.NUMBER,identify,Securing,,Generated ear-training interval,,high,Tagged
MI-S-819,CLIP-F529CDEECE30,Melody,MEL.INTERVAL.QUALITY,Interval quality,MEL.INTERVAL.NUMBER,identify,Securing,,Generated ear-training interval,,high,Tagged
MI-S-820,CLIP-730CD7F09941,Melody,MEL.INTERVAL.QUALITY,Interval quality,MEL.INTERVAL.NUMBER,identify,Securing,,Generated ear-training interval,,high,Tagged
MI-S-821,CLIP-3F823C7CC92C,Melody,MEL.INTERVAL.QUALITY,Interval quality,MEL.INTERVAL.NUMBER,identify,Securing,,Generated ear-training interval,,high,Tagged
MI-S-822,CLIP-11CEF2DB7633,Melody,MEL.INTERVAL.QUALITY,Interval quality,MEL.INTERVAL.NUMBER,identify,Securing,,Generated ear-training interval,,high,Tagged
MI-S-823,CLIP-D4FF548796CB,Melody,MEL.INTERVAL.QUALITY,Interval quality,MEL.INTERVAL.NUMBER,identify,Securing,,Generated ear-training interval,,high,Tagged
MI-S-824,CLIP-61DFFBA55ACC,Melody,MEL.INTERVAL.QUALITY,Interval quality,MEL.INTERVAL.NUMBER,identify,Securing,,Generated ear-training interval,,high,Tagged
MI-S-825,CLIP-B88AF984D267,Melody,MEL.INTERVAL.QUALITY,Interval quality,MEL.INTERVAL.NUMBER,identify,Securing,,Generated ear-training interval,,high,Tagged
MI-S-826,CLIP-A44F1BA7BBC8,Melody,MEL.INTERVAL.QUALITY,Interval quality,MEL.INTERVAL.NUMBER,identify,Securing,,Generated ear-training interval,,high,Tagged
MI-S-827,CLIP-2329CF8B1986,Melody,MEL.INTERVAL.QUALITY,Interval quality,MEL.INTERVAL.NUMBER,identify,Securing,,Generated ear-training interval,,high,Tagged
MI-S-828,CLIP-91552C18FA1A,Melody,MEL.INTERVAL.QUALITY,Interval quality,MEL.INTERVAL.NUMBER,identify,Securing,,Generated ear-training interval,,high,Tagged
MI-S-829,CLIP-0A2F7B29B712,Melody,MEL.INTERVAL.QUALITY,Interval quality,MEL.INTERVAL.NUMBER,identify,Securing,,Generated ear-training interval,,high,Tagged
MI-S-830,CLIP-106FD744539F,Melody,MEL.INTERVAL.QUALITY,Interval quality,MEL.INTERVAL.NUMBER,identify,Securing,,Generated ear-training interval,,high,Tagged
MI-S-831,CLIP-6A2DBC9520F9,Melody,MEL.INTERVAL.QUALITY,Interval quality,MEL.INTERVAL.NUMBER,identify,Securing,,Generated ear-training interval,,high,Tagged
MI-S-832,CLIP-7AB1C3EBC27B,Melody,MEL.INTERVAL.QUALITY,Interval quality,MEL.INTERVAL.NUMBER,identify,Securing,,Generated ear-training interval,,high,Tagged
MI-S-833,CLIP-369CA710A8B5,Melody,MEL.INTERVAL.QUALITY,Interval quality,MEL.INTERVAL.NUMBER,identify,Securing,,Generated ear-training interval,,high,Tagged
MI-S-834,CLIP-134AB31F66D1,Melody,MEL.INTERVAL.QUALITY,Interval quality,MEL.INTERVAL.NUMBER,identify,Securing,,Generated ear-training interval,,high,Tagged
MI-S-835,CLIP-81348CBD3138,Melody,MEL.INTERVAL.QUALITY,Interval quality,MEL.INTERVAL.NUMBER,identify,Securing,,Generated ear-training interval,,high,Tagged
MI-S-836,CLIP-AE64D52857C0,Melody,MEL.INTERVAL.QUALITY,Interval quality,MEL.INTERVAL.NUMBER,identify,Securing,,Generated ear-training interval,,high,Tagged
MI-S-837,CLIP-90B4A5F8F14E,Melody,MEL.INTERVAL.QUALITY,Interval quality,MEL.INTERVAL.NUMBER,identify,Securing,,Generated ear-training interval,,high,Tagged
MI-S-838,CLIP-6064A5FB19CA,Melody,MEL.INTERVAL.QUALITY,Interval quality,MEL.INTERVAL.NUMBER,identify,Securing,,Generated ear-training interval,,high,Tagged
MI-S-839,CLIP-76F3C12DA52A,Melody,MEL.INTERVAL.QUALITY,Interval quality,MEL.INTERVAL.NUMBER,identify,Securing,,Generated ear-training interval,,high,Tagged
MI-S-840,CLIP-7A107CA03634,Melody,MEL.INTERVAL.QUALITY,Interval quality,MEL.INTERVAL.NUMBER,identify,Securing,,Generated ear-training interval,,high,Tagged
MI-S-841,CLIP-E7287B317024,Melody,MEL.INTERVAL.QUALITY,Interval quality,MEL.INTERVAL.NUMBER,identify,Securing,,Generated ear-training interval,,high,Tagged
MI-S-842,CLIP-03D21D811CA5,Melody,MEL.INTERVAL.QUALITY,Interval quality,MEL.INTERVAL.NUMBER,identify,Securing,,Generated ear-training interval,,high,Tagged
MI-S-843,CLIP-2FDFE66B6323,Melody,MEL.INTERVAL.QUALITY,Interval quality,MEL.INTERVAL.NUMBER,identify,Securing,,Generated ear-training interval,,high,Tagged
MI-S-844,CLIP-6DBD07286367,Melody,MEL.INTERVAL.QUALITY,Interval quality,MEL.INTERVAL.NUMBER,identify,Securing,,Generated ear-training interval,,high,Tagged
MI-S-845,CLIP-935E38FF6084,Melody,MEL.INTERVAL.QUALITY,Interval quality,MEL.INTERVAL.NUMBER,identify,Securing,,Generated ear-training interval,,high,Tagged
MI-S-846,CLIP-3781A65DBAE6,Melody,MEL.INTERVAL.QUALITY,Interval quality,MEL.INTERVAL.NUMBER,identify,Securing,,Generated ear-training interval,,high,Tagged
MI-S-847,CLIP-75C20F2E0764,Melody,MEL.INTERVAL.QUALITY,Interval quality,MEL.INTERVAL.NUMBER,identify,Securing,,Generated ear-training interval,,high,Tagged
MI-S-848,CLIP-F6146156D9B4,Melody,MEL.INTERVAL.QUALITY,Interval quality,MEL.INTERVAL.NUMBER,identify,Securing,,Generated ear-training interval,,high,Tagged
MI-S-849,CLIP-C7FD37641601,Melody,MEL.INTERVAL.QUALITY,Interval quality,MEL.INTERVAL.NUMBER,identify,Securing,,Generated ear-training interval,,high,Tagged
MI-S-850,CLIP-D9882A9AA313,Melody,MEL.INTERVAL.QUALITY,Interval quality,MEL.INTERVAL.NUMBER,identify,Securing,,Generated ear-training interval,,high,Tagged
MI-S-851,CLIP-6235CE40C9F8,Melody,MEL.INTERVAL.QUALITY,Interval quality,MEL.INTERVAL.NUMBER,identify,Securing,,Generated ear-training interval,,high,Tagged
MI-S-852,CLIP-3F73207F8391,Melody,MEL.INTERVAL.QUALITY,Interval quality,MEL.INTERVAL.NUMBER,identify,Securing,,Generated ear-training interval,,high,Tagged
MI-S-853,CLIP-FF90A14BB915,Melody,MEL.INTERVAL.QUALITY,Interval quality,MEL.INTERVAL.NUMBER,identify,Securing,,Generated ear-training interval,,high,Tagged
MI-S-854,CLIP-5C68D32AC90A,Melody,MEL.INTERVAL.QUALITY,Interval quality,MEL.INTERVAL.NUMBER,identify,Securing,,Generated ear-training interval,,high,Tagged
MI-S-855,CLIP-BB57977AD8CF,Melody,MEL.INTERVAL.QUALITY,Interval quality,MEL.INTERVAL.NUMBER,identify,Securing,,Generated ear-training interval,,high,Tagged
MI-S-856,CLIP-140DCD4618BA,Melody,MEL.INTERVAL.QUALITY,Interval quality,MEL.INTERVAL.NUMBER,identify,Securing,,Generated ear-training interval,,high,Tagged
MI-S-857,CLIP-DC91802BD544,Melody,MEL.INTERVAL.QUALITY,Interval quality,MEL.INTERVAL.NUMBER,identify,Securing,,Generated ear-training interval,,high,Tagged
MI-S-858,CLIP-B29E32E68F19,Melody,MEL.INTERVAL.QUALITY,Interval quality,MEL.INTERVAL.NUMBER,identify,Securing,,Generated ear-training interval,,high,Tagged
MI-S-859,CLIP-A44F1BA7BBC8,Melody,MEL.INTERVAL.QUALITY,Interval quality,MEL.INTERVAL.NUMBER,identify,Securing,,Generated ear-training interval,,high,Tagged
MI-S-860,CLIP-D3AC0CA616A7,Melody,MEL.INTERVAL.QUALITY,Interval quality,MEL.INTERVAL.NUMBER,identify,Securing,,Generated ear-training interval,,high,Tagged
MI-S-861,CLIP-E163E290F8FE,Melody,MEL.INTERVAL.QUALITY,Interval quality,MEL.INTERVAL.NUMBER,identify,Securing,,Generated ear-training interval,,high,Tagged
MI-S-862,CLIP-173A56E80B11,Melody,MEL.INTERVAL.QUALITY,Interval quality,MEL.INTERVAL.NUMBER,identify,Securing,,Generated ear-training interval,,high,Tagged
MI-S-863,CLIP-369CA710A8B5,Melody,MEL.INTERVAL.QUALITY,Interval quality,MEL.INTERVAL.NUMBER,identify,Securing,,Generated ear-training interval,,high,Tagged
MI-S-864,CLIP-C607910D8898,Melody,MEL.INTERVAL.QUALITY,Interval quality,MEL.INTERVAL.NUMBER,identify,Securing,,Generated ear-training interval,,high,Tagged
MI-S-865,CLIP-8CFD9EEB0A97,Melody,MEL.INTERVAL.QUALITY,Interval quality,MEL.INTERVAL.NUMBER,identify,Securing,,Generated ear-training interval,,high,Tagged
MI-S-866,CLIP-1732766ED9CA,Melody,MEL.INTERVAL.QUALITY,Interval quality,MEL.INTERVAL.NUMBER,identify,Securing,,Generated ear-training interval,,high,Tagged
MI-S-867,CLIP-6064A5FB19CA,Melody,MEL.INTERVAL.QUALITY,Interval quality,MEL.INTERVAL.NUMBER,identify,Securing,,Generated ear-training interval,,high,Tagged
MI-S-868,CLIP-F6F70A991B33,Melody,MEL.INTERVAL.QUALITY,Interval quality,MEL.INTERVAL.NUMBER,identify,Securing,,Generated ear-training interval,,high,Tagged
MI-S-869,CLIP-6256AC151E95,Melody,MEL.INTERVAL.QUALITY,Interval quality,MEL.INTERVAL.NUMBER,identify,Securing,,Generated ear-training interval,,high,Tagged
MI-S-870,CLIP-577311A94ECC,Melody,MEL.INTERVAL.QUALITY,Interval quality,MEL.INTERVAL.NUMBER,identify,Securing,,Generated ear-training interval,,high,Tagged
MI-S-871,CLIP-211E587E6C05,Melody,MEL.INTERVAL.QUALITY,Interval quality,MEL.INTERVAL.NUMBER,identify,Securing,,Generated ear-training interval,,high,Tagged
MI-S-872,CLIP-8A44A4F2C79F,Melody,MEL.INTERVAL.QUALITY,Interval quality,MEL.INTERVAL.NUMBER,identify,Securing,,Generated ear-training interval,,high,Tagged
MI-S-873,CLIP-2FDFE66B6323,Melody,MEL.INTERVAL.QUALITY,Interval quality,MEL.INTERVAL.NUMBER,identify,Securing,,Generated ear-training interval,,high,Tagged
MI-S-874,CLIP-BDFEED11FC28,Melody,MEL.INTERVAL.QUALITY,Interval quality,MEL.INTERVAL.NUMBER,identify,Securing,,Generated ear-training interval,,high,Tagged
MI-S-875,CLIP-BA43B42B25ED,Melody,MEL.INTERVAL.QUALITY,Interval quality,MEL.INTERVAL.NUMBER,identify,Securing,,Generated ear-training interval,,high,Tagged
MI-S-876,CLIP-35720CD161C2,Melody,MEL.INTERVAL.QUALITY,Interval quality,MEL.INTERVAL.NUMBER,identify,Securing,,Generated ear-training interval,,high,Tagged
MI-S-877,CLIP-6B89A21B0D72,Melody,MEL.INTERVAL.QUALITY,Interval quality,MEL.INTERVAL.NUMBER,identify,Securing,,Generated ear-training interval,,high,Tagged
MI-S-878,CLIP-40174255572C,Melody,MEL.INTERVAL.QUALITY,Interval quality,MEL.INTERVAL.NUMBER,identify,Securing,,Generated ear-training interval,,high,Tagged
MI-S-879,CLIP-DF485965F919,Melody,MEL.INTERVAL.QUALITY,Interval quality,MEL.INTERVAL.NUMBER,identify,Securing,,Generated ear-training interval,,high,Tagged
MI-S-880,CLIP-75C20F2E0764,Melody,MEL.INTERVAL.QUALITY,Interval quality,MEL.INTERVAL.NUMBER,identify,Securing,,Generated ear-training interval,,high,Tagged
MI-S-881,CLIP-406258F99D41,Melody,MEL.INTERVAL.QUALITY,Interval quality,MEL.INTERVAL.NUMBER,identify,Securing,,Generated ear-training interval,,high,Tagged
MI-S-882,CLIP-741D54F5D5EF,Melody,MEL.INTERVAL.QUALITY,Interval quality,MEL.INTERVAL.NUMBER,identify,Securing,,Generated ear-training interval,,high,Tagged
MI-S-883,CLIP-890F00F069F8,Melody,MEL.INTERVAL.QUALITY,Interval quality,MEL.INTERVAL.NUMBER,identify,Securing,,Generated ear-training interval,,high,Tagged
MI-S-884,CLIP-26ABA172BC96,Melody,MEL.INTERVAL.QUALITY,Interval quality,MEL.INTERVAL.NUMBER,identify,Securing,,Generated ear-training interval,,high,Tagged
MI-S-885,CLIP-054DB7A90916,Melody,MEL.INTERVAL.QUALITY,Interval quality,MEL.INTERVAL.NUMBER,identify,Securing,,Generated ear-training interval,,high,Tagged
MI-S-886,CLIP-91DCB9FCDF66,Melody,MEL.INTERVAL.QUALITY,Interval quality,MEL.INTERVAL.NUMBER,identify,Securing,,Generated ear-training interval,,high,Tagged
MI-S-887,CLIP-12FF0AC2CD96,Melody,MEL.INTERVAL.QUALITY,Interval quality,MEL.INTERVAL.NUMBER,identify,Securing,,Generated ear-training interval,,high,Tagged
MI-S-888,CLIP-D9882A9AA313,Melody,MEL.INTERVAL.QUALITY,Interval quality,MEL.INTERVAL.NUMBER,identify,Securing,,Generated ear-training interval,,high,Tagged
MI-S-889,CLIP-1F2CE7B5C2FD,Melody,MEL.INTERVAL.QUALITY,Interval quality,MEL.INTERVAL.NUMBER,identify,Securing,,Generated ear-training interval,,high,Tagged
MI-S-890,CLIP-D899765CC2BE,Melody,MEL.INTERVAL.QUALITY,Interval quality,MEL.INTERVAL.NUMBER,identify,Securing,,Generated ear-training interval,,high,Tagged
MI-S-891,CLIP-8BD6BA2B1A8C,Melody,MEL.INTERVAL.QUALITY,Interval quality,MEL.INTERVAL.NUMBER,identify,Securing,,Generated ear-training interval,,high,Tagged
MI-S-892,CLIP-EE48C0DCBD3E,Melody,MEL.INTERVAL.QUALITY,Interval quality,MEL.INTERVAL.NUMBER,identify,Securing,,Generated ear-training interval,,high,Tagged
MI-S-893,CLIP-63F20BBFF32C,Melody,MEL.INTERVAL.QUALITY,Interval quality,MEL.INTERVAL.NUMBER,identify,Securing,,Generated ear-training interval,,high,Tagged
MI-S-894,CLIP-974420A59B4B,Melody,MEL.INTERVAL.QUALITY,Interval quality,MEL.INTERVAL.NUMBER,identify,Securing,,Generated ear-training interval,,high,Tagged
MI-S-895,CLIP-3F73207F8391,Melody,MEL.INTERVAL.QUALITY,Interval quality,MEL.INTERVAL.NUMBER,identify,Securing,,Generated ear-training interval,,high,Tagged
MI-S-896,CLIP-589AB5F213BA,Melody,MEL.INTERVAL.QUALITY,Interval quality,MEL.INTERVAL.NUMBER,identify,Securing,,Generated ear-training interval,,high,Tagged
MI-S-897,CLIP-694D92D20D44,Melody,MEL.INTERVAL.QUALITY,Interval quality,MEL.INTERVAL.NUMBER,identify,Securing,,Generated ear-training interval,,high,Tagged
MI-S-898,CLIP-0CD691FED62A,Melody,MEL.INTERVAL.QUALITY,Interval quality,MEL.INTERVAL.NUMBER,identify,Securing,,Generated ear-training interval,,high,Tagged
MI-S-899,CLIP-F754B6AF6E89,Melody,MEL.INTERVAL.QUALITY,Interval quality,MEL.INTERVAL.NUMBER,identify,Securing,,Generated ear-training interval,,high,Tagged
MI-S-900,CLIP-322AD3A66CD0,Melody,MEL.INTERVAL.QUALITY,Interval quality,MEL.INTERVAL.NUMBER,identify,Securing,,Generated ear-training interval,,high,Tagged
MI-S-901,CLIP-98CFB28AD36A,Melody,MEL.INTERVAL.QUALITY,Interval quality,MEL.INTERVAL.NUMBER,identify,Securing,,Generated ear-training interval,,high,Tagged
MI-S-902,CLIP-51FFEE4585B5,Melody,MEL.INTERVAL.QUALITY,Interval quality,MEL.INTERVAL.NUMBER,identify,Securing,,Generated ear-training interval,,high,Tagged
MM001-M,CLIP-C5CE5CD99BD5,Melody,MEL.DICTATION.PITCH,Melodic dictation pitch,,apply,Mastering,Classical,Sonata,,high,Tagged
MM002-M,CLIP-777ADE752C1B,Melody,MEL.DICTATION.PITCH,Melodic dictation pitch,,apply,Mastering,Classical,Sonata,,high,Tagged
MM002-S,CLIP-777ADE752C1B,Melody,MEL.DICTATION.PITCH,Melodic dictation pitch,,apply,Securing,Classical,Sonata,,high,Tagged
MM003-M,CLIP-09909E131C8A,Melody,MEL.DICTATION.PITCH,Melodic dictation pitch,,apply,Mastering,Classical,Sonata,,high,Tagged
MM003-S,CLIP-09909E131C8A,Melody,MEL.DICTATION.PITCH,Melodic dictation pitch,,apply,Securing,Classical,Sonata,,high,Tagged
MM004-F,CLIP-69C5DDBCA026,Melody,MEL.DICTATION.PITCH,Melodic dictation pitch,,apply,Foundation,Romantic,Character piece,,high,Tagged
MM004-M,CLIP-69C5DDBCA026,Melody,MEL.DICTATION.PITCH,Melodic dictation pitch,,apply,Mastering,Romantic,Character piece,,high,Tagged
MM004-S,CLIP-69C5DDBCA026,Melody,MEL.DICTATION.PITCH,Melodic dictation pitch,,apply,Securing,Romantic,Character piece,,high,Tagged
MM005-F,CLIP-0BB3C0D30090,Melody,MEL.DICTATION.PITCH,Melodic dictation pitch,,apply,Foundation,Romantic,,,medium,Review
MM005-M,CLIP-0BB3C0D30090,Melody,MEL.DICTATION.PITCH,Melodic dictation pitch,,apply,Mastering,Romantic,,,medium,Review
MM006-D,CLIP-0C3304CFE62F,Melody,MEL.DICTATION.PITCH,Melodic dictation pitch,,apply,Developing,Romantic,Character piece,,high,Tagged
MM006-F,CLIP-0C3304CFE62F,Melody,MEL.DICTATION.PITCH,Melodic dictation pitch,,apply,Foundation,Romantic,Character piece,,high,Tagged
MM006-M,CLIP-0C3304CFE62F,Melody,MEL.DICTATION.PITCH,Melodic dictation pitch,,apply,Mastering,Romantic,Character piece,,high,Tagged
MM006-S,CLIP-0C3304CFE62F,Melody,MEL.DICTATION.PITCH,Melodic dictation pitch,,apply,Securing,Romantic,Character piece,,high,Tagged
MM007-D,CLIP-6F1A9E41BEF0,Melody,MEL.DICTATION.PITCH,Melodic dictation pitch,,apply,Developing,Classical,,,medium,Review
MM007-F,CLIP-6F1A9E41BEF0,Melody,MEL.DICTATION.PITCH,Melodic dictation pitch,,apply,Foundation,Classical,,,medium,Review
MM007-M,CLIP-6F1A9E41BEF0,Melody,MEL.DICTATION.PITCH,Melodic dictation pitch,,apply,Mastering,Classical,,,medium,Review
MM007-S,CLIP-6F1A9E41BEF0,Melody,MEL.DICTATION.PITCH,Melodic dictation pitch,,apply,Securing,Classical,,,medium,Review
MM008-D,CLIP-68BF4D7DE7B6,Melody,MEL.DICTATION.PITCH,Melodic dictation pitch,,apply,Developing,Romantic,Suite,,high,Tagged
MM008-F,CLIP-68BF4D7DE7B6,Melody,MEL.DICTATION.PITCH,Melodic dictation pitch,,apply,Foundation,Romantic,Suite,,high,Tagged
MM008-M,CLIP-68BF4D7DE7B6,Melody,MEL.DICTATION.PITCH,Melodic dictation pitch,,apply,Mastering,Romantic,Suite,,high,Tagged
MM008-S,CLIP-68BF4D7DE7B6,Melody,MEL.DICTATION.PITCH,Melodic dictation pitch,,apply,Securing,Romantic,Suite,,high,Tagged
MM009-D,CLIP-C495715D0697,Melody,MEL.DICTATION.PITCH,Melodic dictation pitch,,apply,Developing,Classical,Concerto,,high,Tagged
MM009-M,CLIP-C495715D0697,Melody,MEL.DICTATION.PITCH,Melodic dictation pitch,,apply,Mastering,Classical,Concerto,,high,Tagged
MM009-S,CLIP-C495715D0697,Melody,MEL.DICTATION.PITCH,Melodic dictation pitch,,apply,Securing,Classical,Concerto,,high,Tagged
MM010-M,CLIP-7F56E263BAF9,Melody,MEL.DICTATION.PITCH,Melodic dictation pitch,,apply,Mastering,Classical,Sonata,,high,Tagged
MM010-S,CLIP-7F56E263BAF9,Melody,MEL.DICTATION.PITCH,Melodic dictation pitch,,apply,Securing,Classical,Sonata,,high,Tagged
MM011-D,CLIP-E31FBF63603D,Melody,MEL.DICTATION.PITCH,Melodic dictation pitch,,apply,Developing,Classical,Concerto,,high,Tagged
MM011-F,CLIP-E31FBF63603D,Melody,MEL.DICTATION.PITCH,Melodic dictation pitch,,apply,Foundation,Classical,Concerto,,high,Tagged
MM011-M,CLIP-E31FBF63603D,Melody,MEL.DICTATION.PITCH,Melodic dictation pitch,,apply,Mastering,Classical,Concerto,,high,Tagged
MM011-S,CLIP-E31FBF63603D,Melody,MEL.DICTATION.PITCH,Melodic dictation pitch,,apply,Securing,Classical,Concerto,,high,Tagged
MM012-M,CLIP-91DCEFDCA8D1,Melody,MEL.DICTATION.PITCH,Melodic dictation pitch,,apply,Mastering,Romantic,,,medium,Review
MM012-S,CLIP-91DCEFDCA8D1,Melody,MEL.DICTATION.PITCH,Melodic dictation pitch,,apply,Securing,Romantic,,,medium,Review
MM013-D,CLIP-E9076263DC43,Melody,MEL.DICTATION.PITCH,Melodic dictation pitch,,apply,Developing,Classical,Symphony,,high,Tagged
MM013-F,CLIP-E9076263DC43,Melody,MEL.DICTATION.PITCH,Melodic dictation pitch,,apply,Foundation,Classical,Symphony,,high,Tagged
MM013-M,CLIP-E9076263DC43,Melody,MEL.DICTATION.PITCH,Melodic dictation pitch,,apply,Mastering,Classical,Symphony,,high,Tagged
MM013-S,CLIP-E9076263DC43,Melody,MEL.DICTATION.PITCH,Melodic dictation pitch,,apply,Securing,Classical,Symphony,,high,Tagged
MM014-M,CLIP-E625D2DA795B,Melody,MEL.DICTATION.PITCH,Melodic dictation pitch,,apply,Mastering,Classical/Romantic transition,Symphony,,high,Tagged
MM015-M,CLIP-C2B9621C8A0C,Melody,MEL.DICTATION.PITCH,Melodic dictation pitch,,apply,Mastering,Classical/Romantic transition,Symphony,,high,Tagged
MMX001,CLIP-29124C7DADF3,Meter and rhythm,RHY.METRE,Metre classification,,identify,Foundation,,,,high,Review
MMX002,CLIP-F68147378C49,Meter and rhythm,RHY.METRE,Metre classification,,identify,Foundation,,,,high,Review
MMX003,CLIP-3E7A1A5AD123,Meter and rhythm,RHY.METRE,Metre classification,,identify,Foundation,,,,high,Review
MMX004,CLIP-79C31EDA9AEB,Meter and rhythm,RHY.METRE,Metre classification,,identify,Foundation,,,,high,Review
MMX005,CLIP-E569843CFFD7,Meter and rhythm,RHY.METRE,Metre classification,,identify,Foundation,,,,high,Review
MMX006,CLIP-B64DC5C2510C,Meter and rhythm,RHY.METRE,Metre classification,,identify,Foundation,,,,high,Review
MMX007,CLIP-9DC05B1C27FE,Meter and rhythm,RHY.METRE,Metre classification,,identify,Developing,,,,high,Review
MMX008,CLIP-FDBCF4855926,Meter and rhythm,RHY.METRE,Metre classification,,identify,Developing,,,,high,Review
MMX009,CLIP-9B7DC191D548,Meter and rhythm,RHY.METRE,Metre classification,,identify,Foundation,,,,high,Review
MMX010,CLIP-99D9878E6880,Meter and rhythm,RHY.METRE,Metre classification,,identify,Foundation,,,,high,Review
MMX011,CLIP-DA2CA9B21FF6,Meter and rhythm,RHY.METRE,Metre classification,,identify,Developing,,,,high,Review
MMX012,CLIP-8EA1B2CF1363,Meter and rhythm,RHY.METRE,Metre classification,,identify,Developing,,,,high,Review
MMX013,CLIP-D2434668EF51,Meter and rhythm,RHY.METRE,Metre classification,,identify,Developing,,,,high,Review
MMX014,CLIP-238F53CC5FBB,Meter and rhythm,RHY.METRE,Metre classification,,identify,Foundation,,,,high,Review
MMX015,CLIP-4B4FFFB4CD09,Meter and rhythm,RHY.METRE,Metre classification,RHY.TIME_SIGNATURE,identify,Foundation,,,,high,Review
MMX016,CLIP-7C3B0CFAF574,Meter and rhythm,RHY.METRE,Metre classification,,identify,Developing,,,,high,Review
MMX017,CLIP-9B1F20CC2E1B,Meter and rhythm,RHY.METRE,Metre classification,,identify,Foundation,,,,high,Review
MMX018,CLIP-7AD88A237659,Meter and rhythm,RHY.METRE,Metre classification,,identify,Securing,,,,high,Review
MMX019,CLIP-347F6711471E,Meter and rhythm,RHY.METRE,Metre classification,,identify,Developing,,,,high,Review
MMX020,CLIP-F0336BD4EB38,Meter and rhythm,RHY.METRE,Metre classification,,identify,Developing,,,,high,Review
MMX021,CLIP-8123B5AC6606,Meter and rhythm,RHY.METRE,Metre classification,,identify,Developing,,,,high,Review
MMX022,CLIP-0EA7FBE3D8A6,Meter and rhythm,RHY.METRE,Metre classification,,identify,Developing,,,,high,Review
MMX023,CLIP-A86FDE40919E,Meter and rhythm,RHY.METRE,Metre classification,,identify,Developing,,,,high,Review
MMX024,CLIP-557B6C58C628,Meter and rhythm,RHY.METRE,Metre classification,,identify,Developing,,,,high,Review
MMX025,CLIP-FD63EA6336BC,Meter and rhythm,RHY.METRE,Metre classification,,identify,Developing,,,,high,Review
MMX026,CLIP-0B6C91D57E2C,Meter and rhythm,RHY.METRE,Metre classification,,identify,Securing,,,,high,Review
MMX027,CLIP-A75AC93CE860,Meter and rhythm,RHY.METRE,Metre classification,,identify,Securing,,,,high,Review
MMX028,CLIP-F5567E465C94,Meter and rhythm,RHY.METRE,Metre classification,,identify,Developing,,,,high,Review
MMX029,CLIP-62BACE7D6718,Meter and rhythm,RHY.METRE,Metre classification,,identify,Mastering,,,,high,Review
MMX030,CLIP-1B33A5F2373F,Meter and rhythm,RHY.METRE,Metre classification,,identify,Mastering,,,,high,Review
MMX031,CLIP-29124C7DADF3,Meter and rhythm,RHY.METRE,Metre classification,RHY.TIME_SIGNATURE,identify,Securing,,,,high,Review
MMX032,CLIP-F68147378C49,Meter and rhythm,RHY.METRE,Metre classification,RHY.TIME_SIGNATURE,identify,Securing,,,,high,Review
MMX033,CLIP-3E7A1A5AD123,Meter and rhythm,RHY.METRE,Metre classification,,identify,Securing,,,,high,Review
MMX034,CLIP-79C31EDA9AEB,Meter and rhythm,RHY.METRE,Metre classification,,identify,Mastering,,,,high,Review
MMX035,CLIP-E569843CFFD7,Meter and rhythm,RHY.METRE,Metre classification,,identify,Mastering,,,,high,Review
MMX036,CLIP-B64DC5C2510C,Meter and rhythm,RHY.METRE,Metre classification,RHY.TIME_SIGNATURE,identify,Securing,,,,high,Review
MMX037,CLIP-9DC05B1C27FE,Meter and rhythm,RHY.METRE,Metre classification,RHY.TIME_SIGNATURE,identify,Securing,,,,high,Review
MMX038,CLIP-FDBCF4855926,Meter and rhythm,RHY.METRE,Metre classification,,identify,Securing,,,,high,Review
MMX039,CLIP-9B7DC191D548,Meter and rhythm,RHY.METRE,Metre classification,,identify,Mastering,,,,high,Review
MMX040,CLIP-99D9878E6880,Meter and rhythm,RHY.METRE,Metre classification,,identify,Mastering,,,,high,Review
MMX041,CLIP-DA2CA9B21FF6,Meter and rhythm,RHY.METRE,Metre classification,RHY.TIME_SIGNATURE,identify,Securing,,,,high,Review
MMX042,CLIP-8EA1B2CF1363,Meter and rhythm,RHY.METRE,Metre classification,RHY.TIME_SIGNATURE,identify,Securing,,,,high,Review
MMX043,CLIP-D2434668EF51,Meter and rhythm,RHY.METRE,Metre classification,,identify,Securing,,,,high,Review
MMX044,CLIP-238F53CC5FBB,Meter and rhythm,RHY.METRE,Metre classification,,identify,Mastering,,,,high,Review
MMX045,CLIP-4B4FFFB4CD09,Meter and rhythm,RHY.METRE,Metre classification,,identify,Mastering,,,,high,Review
MMX046,CLIP-7C3B0CFAF574,Meter and rhythm,RHY.METRE,Metre classification,RHY.TIME_SIGNATURE,identify,Securing,,,,high,Review
MMX047,CLIP-9B1F20CC2E1B,Meter and rhythm,RHY.METRE,Metre classification,RHY.TIME_SIGNATURE,identify,Securing,,,,high,Review
MMX048,CLIP-7AD88A237659,Meter and rhythm,RHY.METRE,Metre classification,,identify,Securing,,,,high,Review
MMX049,CLIP-347F6711471E,Meter and rhythm,RHY.METRE,Metre classification,,identify,Mastering,,,,high,Review
MMX050,CLIP-F0336BD4EB38,Meter and rhythm,RHY.METRE,Metre classification,,identify,Mastering,,,,high,Review
MMX051,CLIP-8123B5AC6606,Meter and rhythm,RHY.METRE,Metre classification,RHY.TIME_SIGNATURE,identify,Securing,,,,high,Review
MMX052,CLIP-0EA7FBE3D8A6,Meter and rhythm,RHY.METRE,Metre classification,RHY.TIME_SIGNATURE,identify,Securing,,,,high,Review
MMX053,CLIP-A86FDE40919E,Meter and rhythm,RHY.METRE,Metre classification,,identify,Securing,,,,high,Review
MMX054,CLIP-557B6C58C628,Meter and rhythm,RHY.METRE,Metre classification,,identify,Mastering,,,,high,Review
MMX055,CLIP-FD63EA6336BC,Meter and rhythm,RHY.METRE,Metre classification,,identify,Mastering,,,,high,Review
MMX056,CLIP-0B6C91D57E2C,Meter and rhythm,RHY.METRE,Metre classification,RHY.TIME_SIGNATURE,identify,Securing,,,,high,Review
MMX057,CLIP-A75AC93CE860,Meter and rhythm,RHY.METRE,Metre classification,RHY.TIME_SIGNATURE,identify,Securing,,,,high,Review
MMX058,CLIP-F5567E465C94,Meter and rhythm,RHY.METRE,Metre classification,,identify,Securing,,,,high,Review
MMX059,CLIP-62BACE7D6718,Meter and rhythm,RHY.METRE,Metre classification,,identify,Mastering,,,,high,Review
MMX060,CLIP-1B33A5F2373F,Meter and rhythm,RHY.METRE,Metre classification,,identify,Mastering,,,,high,Review
MMX061,CLIP-F8391FF107AE,Meter and rhythm,RHY.METRE,Metre classification,RHY.TIME_SIGNATURE,identify,Mastering,,,,high,Review
TT001,CLIP-1207535F7422,Texture,TEX.TYPE,Texture type,,identify,Foundation,,,,medium,Review
TT007,CLIP-63ADBD1F4739,Texture,TEX.TYPE,Texture type,,identify,Foundation,,Suite,,high,Review
TT008,CLIP-59AF0A59579B,Texture,TEX.TYPE,Texture type,,identify,Foundation,,,,medium,Review
TT009,CLIP-045162463AF0,Texture,TEX.TYPE,Texture type,TEX.ROLE,identify,Developing,,Sonata,,high,Review
TT010,CLIP-26956EAE642E,Texture,TEX.TYPE,Texture type,TEX.ROLE,identify,Foundation,,Prelude,,high,Review
TT011,CLIP-AB5C40466C16,Texture,TEX.TYPE,Texture type,,identify,Developing,,Fugue,,high,Review
TT012,CLIP-E1AE2514C0DA,Texture,TEX.TYPE,Texture type,,identify,Securing,,Concerto,,high,Review
TT013,CLIP-BD5F009F6AAB,Texture,TEX.TYPE,Texture type,,identify,Securing,,Fugue,,high,Review
TT014,CLIP-B8BFFCB2BF23,Texture,TEX.TYPE,Texture type,,identify,Mastering,,Concerto,,high,Review
TT015,CLIP-EEB3C3D7A1BC,Texture,TEX.TYPE,Texture type,,identify,Mastering,,,,medium,Review
TT016,CLIP-ACF52DDA860C,Texture,TEX.TYPE,Texture type,,identify,Securing,,Symphony,,high,Review
TT017,CLIP-7C1A1EAE77F3,Texture,TEX.TYPE,Texture type,TEX.ROLE,identify,Foundation,,Concerto,,high,Review
TT018,CLIP-AF716D4B93D4,Texture,TEX.TYPE,Texture type,,identify,Mastering,,Overture,,high,Review
TT019,CLIP-8AE8FD72E093,Texture,TEX.TYPE,Texture type,,identify,Mastering,,Fugue,,high,Review
TT020,CLIP-670012110D20,Texture,TEX.TYPE,Texture type,,identify,Securing,,Fugue,,high,Review
TT021,CLIP-75E4EE2A0477,Texture,TEX.TYPE,Texture type,,identify,Securing,,Fugue,,high,Review
TT022,CLIP-696651300B16,Texture,TEX.TYPE,Texture type,,identify,Securing,,Fugue,,high,Review
TT023,CLIP-00D0E3017BA2,Texture,TEX.TYPE,Texture type,,identify,Developing,,Fugue,,high,Review
TT024,CLIP-7A7904D88692,Texture,TEX.TYPE,Texture type,,identify,Securing,,Fugue,,high,Review
TT025,CLIP-47B122EC23DC,Texture,TEX.TYPE,Texture type,,identify,Securing,,Fugue,,high,Review
TT026,CLIP-6AB946BE1B1F,Texture,TEX.TYPE,Texture type,,identify,Mastering,,Fugue,,high,Review
TT027,CLIP-21531100A236,Texture,TEX.TYPE,Texture type,,identify,Mastering,,Fugue,,high,Review
TT028,CLIP-8D83A6ACE3AE,Texture,TEX.TYPE,Texture type,,identify,Mastering,,Fugue,,high,Review
TT029,CLIP-F10E183F15C6,Texture,TEX.TYPE,Texture type,,identify,Mastering,,Fugue,,high,Review
TT030,CLIP-5BC88E82E4CA,Texture,TEX.TYPE,Texture type,,identify,Mastering,,Fugue,,high,Review
TT032,CLIP-4396464E26E9,Texture,TEX.TYPE,Texture type,,identify,Mastering,,Fugue,,high,Review
TT033,CLIP-26C631BAA9EC,Texture,TEX.TYPE,Texture type,,identify,Mastering,,Fugue,,high,Review
TT034,CLIP-D20661F0ACC5,Texture,TEX.TYPE,Texture type,,identify,Securing,,Fugue,,high,Review
TT035,CLIP-CC892B388B4B,Texture,TEX.TYPE,Texture type,,identify,Securing,,Fugue,,high,Review
TT036,CLIP-A4931BDBBAB3,Texture,TEX.TYPE,Texture type,,identify,Securing,,Fugue,,high,Review
TT037,CLIP-4AB38AFAE388,Texture,TEX.TYPE,Texture type,TEX.ROLE,identify,Developing,,,,medium,Review
TT041,CLIP-EF3F6B275AFD,Texture,TEX.TYPE,Texture type,TEX.ROLE,identify,Foundation,,,,medium,Review
TT042,CLIP-CB221384081D,Texture,TEX.TYPE,Texture type,,identify,Mastering,,,,medium,Review
TT043,CLIP-3E4F16754582,Texture,TEX.TYPE,Texture type,,identify,Securing,,,,medium,Review
TT044,CLIP-CBEF9D8A2B41,Texture,TEX.TYPE,Texture type,TEX.ROLE,identify,Developing,,,,medium,Review
TT046,CLIP-15AB54CF50E8,Texture,TEX.TYPE,Texture type,TEX.ROLE,identify,Developing,,Suite,,high,Review
TT047,CLIP-AD837BF49E1C,Texture,TEX.TYPE,Texture type,,identify,Developing,,Fugue,,high,Review
TT048,CLIP-C5C5016961F3,Texture,TEX.TYPE,Texture type,,identify,Securing,,Fugue,,high,Review
TT049,CLIP-03745CFBFCF8,Texture,TEX.TYPE,Texture type,,identify,Foundation,,Suite,,high,Review
TT050,CLIP-47108A11ECD6,Texture,TEX.TYPE,Texture type,TEX.ROLE,identify,Foundation,,Symphony,,high,Review
TT051,CLIP-8DB5B07D9E7C,Texture,TEX.TYPE,Texture type,,identify,Foundation,,Fugue,,high,Review
TT052,CLIP-EF4DAB647981,Texture,TEX.TYPE,Texture type,,identify,Foundation,,Suite,,high,Review
TT053,CLIP-FF3375305586,Texture,TEX.TYPE,Texture type,TEX.ROLE,identify,Foundation,,Symphony,,high,Review
TT054,CLIP-3FBF373E58E8,Texture,TEX.TYPE,Texture type,,identify,Foundation,,Symphony,,high,Review
TT055,CLIP-9CB54CB87688,Texture,TEX.TYPE,Texture type,,identify,Foundation,,Suite,,high,Review
TT056,CLIP-2B9B42A266C6,Texture,TEX.TYPE,Texture type,TEX.ROLE,identify,Foundation,,Symphony,,high,Review
TT057,CLIP-51B6C75DC2BD,Texture,TEX.TYPE,Texture type,TEX.ROLE,identify,Foundation,,Symphony,,high,Review
TT058,CLIP-206AB2ADEA48,Texture,TEX.TYPE,Texture type,,identify,Foundation,,Suite,,high,Review
TT059,CLIP-CB8591C35B93,Texture,TEX.TYPE,Texture type,TEX.ROLE,identify,Developing,,Symphony,,high,Review
TT061,CLIP-EC862C13B7FA,Texture,TEX.TYPE,Texture type,TEX.ROLE,identify,Developing,,Symphony,,high,Review
TT062,CLIP-E482BBB56EA4,Texture,TEX.TYPE,Texture type,,identify,Developing,,Suite,,high,Review
TT063,CLIP-DCE3BF2B6AEB,Texture,TEX.TYPE,Texture type,,identify,Developing,,Chamber music,,high,Review
TT064,CLIP-7F3C6260AFEF,Texture,TEX.TYPE,Texture type,,identify,Developing,,Fugue,,high,Review
TT065,CLIP-9D1468F68B61,Texture,TEX.TYPE,Texture type,,identify,Foundation,,Suite,,high,Review
TT066,CLIP-FB1469276CB0,Texture,TEX.TYPE,Texture type,,identify,Securing,,Chamber music,,high,Review
TT067,CLIP-66B806EB191F,Texture,TEX.TYPE,Texture type,,identify,Developing,,Chamber music,,high,Review
TT068,CLIP-385B207ACD7E,Texture,TEX.TYPE,Texture type,,identify,Foundation,,,,medium,Review
TT069,CLIP-BB32E94197A6,Texture,TEX.TYPE,Texture type,,identify,Securing,,Chamber music,,high,Review
TT070,CLIP-F9ED192075A4,Texture,TEX.TYPE,Texture type,,identify,Securing,,Chamber music,,high,Review
TT071,CLIP-87E481200A13,Texture,TEX.TYPE,Texture type,,identify,Securing,,Suite,,high,Review
TT072,CLIP-E1478694EC6B,Texture,TEX.TYPE,Texture type,,identify,Securing,,Symphony,,high,Review
TT073,CLIP-5FBFC520757E,Texture,TEX.TYPE,Texture type,TEX.ROLE,identify,Developing,,Suite,,high,Review
TT075,CLIP-FE2C4EE35797,Texture,TEX.TYPE,Texture type,,identify,Foundation,,,,medium,Review
TT076,CLIP-6DC88C922F42,Texture,TEX.TYPE,Texture type,TEX.ROLE,identify,Developing,,Suite,,high,Review
TT077,CLIP-A58DF4BDB836,Texture,TEX.TYPE,Texture type,,identify,Mastering,,Fugue,,high,Review
TT078,CLIP-3085A65022C0,Texture,TEX.TYPE,Texture type,,identify,Foundation,,,,medium,Review
TT079,CLIP-23DE5D1E8029,Texture,TEX.TYPE,Texture type,TEX.ROLE,identify,Mastering,,Chamber music,,high,Review
TT080,CLIP-A0E13A5DCDD4,Texture,TEX.TYPE,Texture type,,identify,Developing,,Symphony,,high,Review
TT081,CLIP-B97F686F28C2,Texture,TEX.TYPE,Texture type,,identify,Foundation,,,,medium,Review
TT082,CLIP-23E2D8976E58,Texture,TEX.TYPE,Texture type,TEX.ROLE,identify,Mastering,,Chamber music,,high,Review
TT083,CLIP-695F200AB400,Texture,TEX.TYPE,Texture type,,identify,Mastering,,Concerto,,high,Review
TT084,CLIP-1CFDF15A817F,Texture,TEX.TYPE,Texture type,,identify,Developing,,Chamber music,,high,Review
TT085,CLIP-5C8A87DCD272,Texture,TEX.TYPE,Texture type,,identify,Mastering,,Symphony,,high,Review
TT086,CLIP-0473915DD375,Texture,TEX.TYPE,Texture type,TEX.ROLE,identify,Mastering,,Symphony,,high,Review
TT087,CLIP-95C9E9D5DB99,Texture,TEX.TYPE,Texture type,,identify,Foundation,,,,medium,Review
TT088,CLIP-0177F3A9F876,Texture,TEX.TYPE,Texture type,TEX.ROLE,identify,Mastering,,Symphony,,high,Review
TT089,CLIP-88A76ADC73FC,Texture,TEX.TYPE,Texture type,,identify,Mastering,,Fugue,,high,Review
TT090,CLIP-8CB61A1C170B,Texture,TEX.TYPE,Texture type,,identify,Developing,,,,medium,Review
TT091,CLIP-54CA39D22D73,Texture,TEX.TYPE,Texture type,TEX.ROLE,identify,Mastering,,Symphony,,high,Review
TT093,CLIP-2EB8FA03E4FF,Texture,TEX.TYPE,Texture type,TEX.ROLE,identify,Securing,,Symphony,,high,Review
TT095,CLIP-25A70E919D4B,Texture,TEX.TYPE,Texture type,,identify,Mastering,,Symphony,,high,Review
TT097,CLIP-7AE36AB5A4E3,Texture,TEX.TYPE,Texture type,TEX.ROLE,identify,Developing,,Symphony,,high,Review
TT098,CLIP-4D99BCB14373,Texture,TEX.TYPE,Texture type,TEX.ROLE,identify,Mastering,,Symphony,,high,Review
TT099,CLIP-75ECED611AA3,Texture,TEX.TYPE,Texture type,,identify,Securing,,,,medium,Review
TT100,CLIP-7167B298FD6F,Texture,TEX.TYPE,Texture type,,identify,Mastering,,,,medium,Review
TT101,CLIP-D4BF07B62FE0,Texture,TEX.TYPE,Texture type,,identify,Developing,,,,medium,Review
TT105,CLIP-AA8C43306878,Texture,TEX.TYPE,Texture type,TEX.ROLE,identify,Developing,,Character piece,,high,Review
TT108,CLIP-F499D6CB98C6,Texture,TEX.TYPE,Texture type,TEX.ROLE,identify,Developing,,,,medium,Review
TT109,CLIP-E0C299D7304A,Texture,TEX.TYPE,Texture type,TEX.ROLE,identify,Securing,,,,medium,Review
TT111,CLIP-313874FBC762,Texture,TEX.TYPE,Texture type,,identify,Foundation,,,,medium,Review
TT112,CLIP-0E46DFF9246C,Texture,TEX.TYPE,Texture type,,identify,Developing,,,,medium,Review
TT113,CLIP-E949F9538DDF,Texture,TEX.TYPE,Texture type,,identify,Developing,,,,medium,Review
TT114,CLIP-57DC7A06B8BF,Texture,TEX.TYPE,Texture type,,identify,Developing,,Song,,high,Review
TT115,CLIP-B7711479C1F3,Texture,TEX.TYPE,Texture type,,identify,Developing,,,,medium,Review
TT116,CLIP-2763CD0157D9,Texture,TEX.TYPE,Texture type,,identify,Developing,,,,medium,Review
TT117,CLIP-345313403B34,Texture,TEX.TYPE,Texture type,,identify,Developing,,,,medium,Review
TT118,CLIP-460D4D6F8C73,Texture,TEX.TYPE,Texture type,,identify,Developing,,Sonata,,high,Review
TT120,CLIP-CA59E7249F27,Texture,TEX.TYPE,Texture type,,identify,Securing,,Concerto,,high,Review
TT121,CLIP-F558E8B2949D,Texture,TEX.TYPE,Texture type,,identify,Securing,,,,medium,Review
TT122,CLIP-537A2D5CF5E5,Texture,TEX.TYPE,Texture type,,identify,Developing,,,,medium,Review
TT123,CLIP-1208B2F12CF9,Texture,TEX.TYPE,Texture type,,identify,Securing,,,,medium,Review
TT124,CLIP-8A9A68F102CF,Texture,TEX.TYPE,Texture type,,identify,Securing,,,,medium,Review
TT125,CLIP-1AA20868AD21,Texture,TEX.TYPE,Texture type,,identify,Securing,,,,medium,Review
TT127,CLIP-CA3E006D2492,Texture,TEX.TYPE,Texture type,,identify,Securing,,Fugue,,high,Review
TT128,CLIP-983F7369A058,Texture,TEX.TYPE,Texture type,,identify,Securing,,Fugue,,high,Review
TT130,CLIP-344A69365085,Texture,TEX.TYPE,Texture type,,identify,Mastering,,,,medium,Review
TT131,CLIP-D3937BA12DEA,Texture,TEX.TYPE,Texture type,,identify,Securing,,Sacred choral,,high,Review
TT132,CLIP-408AF91DE1FD,Texture,TEX.TYPE,Texture type,,identify,Securing,,Sacred choral,,high,Review
TT133,CLIP-67137DF9DBF8,Texture,TEX.TYPE,Texture type,,identify,Mastering,,,,medium,Review
TT134,CLIP-38BA71B3507B,Texture,TEX.TYPE,Texture type,,identify,Mastering,,Sacred choral,,high,Review
TT135,CLIP-BDA6789FF694,Texture,TEX.TYPE,Texture type,,identify,Securing,,,,medium,Review
TT136,CLIP-93D4FBD0B4EF,Texture,TEX.TYPE,Texture type,,identify,Securing,,,,medium,Review
TT139,CLIP-F8F00E9A4DCE,Texture,TEX.TYPE,Texture type,,identify,Foundation,,,,medium,Review
TT140,CLIP-3A5C04740CDB,Texture,TEX.TYPE,Texture type,,identify,Developing,,Song,,high,Review
EXL011-Q01,CLIP-EXL011,Instrumentation,INS.INDIVIDUAL,Individual instrument,MEL.DEVICE | CTX.GENRE,identify,Exam application,,,,high,Tagged
EXL011-Q02,CLIP-EXL011,Instrumentation,INS.INDIVIDUAL,Individual instrument,CTX.GENRE,identify,Exam application,,,,high,Tagged
EXL011-Q03,CLIP-EXL011,Instrumentation,INS.INDIVIDUAL,Individual instrument,,identify,Exam application,,,,high,Tagged
EXL011-Q04,CLIP-EXL011,Instrumentation,INS.INDIVIDUAL,Individual instrument,ART.TYPE | CTX.GENRE,identify,Exam application,,,,high,Tagged
EXL011-Q05,CLIP-EXL011,Meter and rhythm,RHY.DEVICE,Rhythmic device,RHY.METRE,identify,Exam application,,,,high,Tagged
EXL011-Q06,CLIP-EXL011,Melody,MEL.DEVICE,Melodic device,EXM.WRITTEN,identify,Exam application,,,,high,Tagged
EXL011-Q07,CLIP-EXL011,Texture,TEX.TYPE,Texture type,MEL.DEVICE | EXM.WRITTEN,apply,Exam application,,,,high,Tagged
EXL011-Q08,CLIP-EXL011,Meter and rhythm,RHY.DEVICE,Rhythmic device,,identify,Exam application,,,,high,Tagged
EXL011-Q09,CLIP-EXL011,Texture,TEX.TYPE,Texture type,EXM.WRITTEN,apply,Exam application,,,,high,Tagged
EXL011-Q10,CLIP-EXL011,Context and genre,CTX.GENRE,Genre and style,EXM.WRITTEN,apply,Exam application,,,,high,Tagged
EXL011-Q11,CLIP-EXL011,Context and genre,CTX.GENRE,Genre and style,,identify,Exam application,,,,high,Tagged
EXL012-Q01,CLIP-EXL012,Instrumentation,INS.INDIVIDUAL,Individual instrument,RHY.DEVICE,identify,Exam application,,,,high,Tagged
EXL012-Q02,CLIP-EXL012,Context and genre,CTX.TECHNOLOGY,Music technology,INS.INDIVIDUAL,identify,Exam application,,,,high,Tagged
EXL012-Q03,CLIP-EXL012,Dynamics and articulation,ART.TYPE,Articulation,,identify,Exam application,,,,high,Tagged
EXL012-Q04,CLIP-EXL012,Meter and rhythm,RHY.DEVICE,Rhythmic device,RHY.METRE,identify,Exam application,,,,high,Tagged
EXL012-Q05,CLIP-EXL012,Meter and rhythm,RHY.DEVICE,Rhythmic device,CTX.GENRE,identify,Exam application,,,,high,Tagged
EXL012-Q06,CLIP-EXL012,Melody,MEL.DEVICE,Melodic device,RHY.DEVICE | EXM.WRITTEN,apply,Exam application,,,,high,Tagged
EXL012-Q07,CLIP-EXL012,Texture,TEX.TYPE,Texture type,DYN.CHANGE | EXM.WRITTEN,apply,Exam application,,,,high,Tagged
EXL012-Q08,CLIP-EXL012,Texture,TEX.TYPE,Texture type,,identify,Exam application,,,,high,Tagged
EXL012-Q09,CLIP-EXL012,Texture,TEX.TYPE,Texture type,EXM.WRITTEN,apply,Exam application,,,,high,Tagged
EXL012-Q10,CLIP-EXL012,Context and genre,CTX.TECHNOLOGY,Music technology,EXM.WRITTEN,apply,Exam application,,,,high,Tagged
EXL012-Q11,CLIP-EXL012,Context and genre,CTX.GENRE,Genre and style,RHY.DEVICE | EXM.WRITTEN,apply,Exam application,,,,high,Tagged
EXL013-Q01,CLIP-EXL013,Context and genre,CTX.GENRE,Genre and style,CTX.PERIOD,identify,Exam application,,,,high,Tagged
EXL013-Q02,CLIP-EXL013,Instrumentation,INS.INDIVIDUAL,Individual instrument,CTX.GENRE,identify,Exam application,,,,high,Tagged
EXL013-Q03,CLIP-EXL013,Instrumentation,INS.FAMILY,Instrument family,,identify,Exam application,,,,high,Tagged
EXL013-Q04,CLIP-EXL013,Instrumentation,INS.INDIVIDUAL,Individual instrument,ART.TYPE,identify,Exam application,,,,high,Tagged
EXL013-Q05,CLIP-EXL013,Texture,TEX.TYPE,Texture type,EXM.WRITTEN,apply,Exam application,,,,high,Tagged
EXL013-Q06,CLIP-EXL013,Texture,TEX.TYPE,Texture type,,identify,Exam application,,,,high,Tagged
EXL013-Q07,CLIP-EXL013,Meter and rhythm,RHY.DEVICE,Rhythmic device,EXM.WRITTEN,apply,Exam application,,,,high,Tagged
EXL013-Q08,CLIP-EXL013,Instrumentation,INS.INDIVIDUAL,Individual instrument,,identify,Exam application,,,,high,Tagged
EXL013-Q09,CLIP-EXL013,Structure and form,STR.FORM,Form and structure,INS.INDIVIDUAL | EXM.WRITTEN,apply,Exam application,,,,high,Tagged
EXL013-Q10,CLIP-EXL013,Context and genre,CTX.GENRE,Genre and style,,identify,Exam application,,,,high,Tagged
EXL013-Q11,CLIP-EXL013,Context and genre,CTX.GENRE,Genre and style,CTX.PERIOD,identify,Exam application,,,,high,Tagged
EXL014-Q01,CLIP-EXL014,Context and genre,CTX.GENRE,Genre and style,INS.FAMILY,identify,Exam application,,,,high,Tagged
EXL014-Q02,CLIP-EXL014,Instrumentation,INS.FAMILY,Instrument family,CTX.GENRE,identify,Exam application,,,,high,Tagged
EXL014-Q03,CLIP-EXL014,Meter and rhythm,RHY.DEVICE,Rhythmic device,RHY.METRE,identify,Exam application,,,,high,Tagged
EXL014-Q04,CLIP-EXL014,Melody,MEL.DEVICE,Melodic device,RHY.DEVICE,identify,Exam application,,,,high,Tagged
EXL014-Q05,CLIP-EXL014,Texture,TEX.TYPE,Texture type,TEX.ROLE,identify,Exam application,,,,high,Tagged
EXL014-Q06,CLIP-EXL014,Texture,TEX.TYPE,Texture type,,identify,Exam application,,,,high,Tagged
EXL014-Q07,CLIP-EXL014,Context and genre,CTX.TECHNOLOGY,Music technology,CTX.GENRE,identify,Exam application,,,,high,Tagged
EXL014-Q08,CLIP-EXL014,Texture,TEX.TYPE,Texture type,DYN.CHANGE,identify,Exam application,,,,high,Tagged
EXL014-Q09,CLIP-EXL014,Context and genre,CTX.GENRE,Genre and style,RHY.PULSE,identify,Exam application,,,,high,Tagged
EXL014-Q10,CLIP-EXL014,Context and genre,CTX.GENRE,Genre and style,RHY.DEVICE,identify,Exam application,,,,high,Tagged
EXL014-Q11,CLIP-EXL014,Context and genre,CTX.GENRE,Genre and style,,identify,Exam application,,,,high,Tagged
EXL015-Q01,CLIP-EXL015,Context and genre,CTX.GENRE,Genre and style,,identify,Exam application,,,,high,Tagged
EXL015-Q02,CLIP-EXL015,Instrumentation,INS.INDIVIDUAL,Individual instrument,ART.TYPE,identify,Exam application,,,,high,Tagged
EXL015-Q03,CLIP-EXL015,Meter and rhythm,RHY.DEVICE,Rhythmic device,RHY.PULSE,identify,Exam application,,,,high,Tagged
EXL015-Q04,CLIP-EXL015,Context and genre,CTX.GENRE,Genre and style,HAR.TONALITY,identify,Exam application,,,,high,Tagged
EXL015-Q05,CLIP-EXL015,Texture,TEX.TYPE,Texture type,TEX.ROLE,identify,Exam application,,,,high,Tagged
EXL015-Q06,CLIP-EXL015,Instrumentation,INS.INDIVIDUAL,Individual instrument,INS.FAMILY,identify,Exam application,,,,high,Tagged
EXL015-Q07,CLIP-EXL015,Harmony and tonality,HAR.TONALITY,Tonality and key,TEX.ROLE,identify,Exam application,,,,high,Tagged
EXL015-Q08,CLIP-EXL015,Meter and rhythm,RHY.METRE,Metre classification,RHY.TIME_SIGNATURE,identify,Exam application,,,,high,Tagged
EXL015-Q09,CLIP-EXL015,Context and genre,CTX.GENRE,Genre and style,MEL.ORNAMENT,identify,Exam application,,,,high,Tagged
EXL015-Q10,CLIP-EXL015,Melody,MEL.ORNAMENT,Ornamentation,,identify,Exam application,,,,high,Tagged
EXL015-Q11,CLIP-EXL015,Context and genre,CTX.GENRE,Genre and style,,identify,Exam application,,,,high,Tagged
EXL016-Q01,CLIP-EXL016,Context and genre,CTX.GENRE,Genre and style,,identify,Exam application,,,,high,Tagged
EXL016-Q02,CLIP-EXL016,Instrumentation,INS.INDIVIDUAL,Individual instrument,INS.FAMILY,identify,Exam application,,,,high,Tagged
EXL016-Q03,CLIP-EXL016,Instrumentation,INS.INDIVIDUAL,Individual instrument,ART.TYPE,identify,Exam application,,,,high,Tagged
EXL016-Q04,CLIP-EXL016,Meter and rhythm,RHY.DEVICE,Rhythmic device,RHY.METRE,identify,Exam application,,,,high,Tagged
EXL016-Q05,CLIP-EXL016,Harmony and tonality,HAR.TONALITY,Tonality and key,TEX.ROLE,identify,Exam application,,,,high,Tagged
EXL016-Q06,CLIP-EXL016,Melody,MEL.ORNAMENT,Ornamentation,,identify,Exam application,,,,high,Tagged
EXL016-Q07,CLIP-EXL016,Texture,TEX.TYPE,Texture type,TEX.ROLE,identify,Exam application,,,,high,Tagged
EXL016-Q08,CLIP-EXL016,Instrumentation,INS.INDIVIDUAL,Individual instrument,INS.FAMILY,identify,Exam application,,,,high,Tagged
EXL016-Q09,CLIP-EXL016,Context and genre,CTX.GENRE,Genre and style,HAR.TONALITY,identify,Exam application,,,,high,Tagged
EXL016-Q10,CLIP-EXL016,Context and genre,CTX.GENRE,Genre and style,MEL.ORNAMENT,identify,Exam application,,,,high,Tagged
EXL016-Q11,CLIP-EXL016,Context and genre,CTX.GENRE,Genre and style,,identify,Exam application,,,,high,Tagged
EXL017-Q01,CLIP-EXL017,Context and genre,CTX.GENRE,Genre and style,,identify,Exam application,,,,high,Tagged
EXL017-Q02,CLIP-EXL017,Instrumentation,INS.FAMILY,Instrument family,CTX.GENRE,identify,Exam application,,,,high,Tagged
EXL017-Q03,CLIP-EXL017,Meter and rhythm,RHY.DEVICE,Rhythmic device,RHY.METRE,identify,Exam application,,,,high,Tagged
EXL017-Q04,CLIP-EXL017,Texture,TEX.TYPE,Texture type,TEX.ROLE,identify,Exam application,,,,high,Tagged
EXL017-Q05,CLIP-EXL017,Texture,TEX.TYPE,Texture type,RHY.DEVICE,identify,Exam application,,,,high,Tagged
EXL017-Q06,CLIP-EXL017,Instrumentation,INS.INDIVIDUAL,Individual instrument,ART.TYPE,identify,Exam application,,,,high,Tagged
EXL017-Q07,CLIP-EXL017,Instrumentation,INS.INDIVIDUAL,Individual instrument,INS.FAMILY,identify,Exam application,,,,high,Tagged
EXL017-Q08,CLIP-EXL017,Texture,TEX.TYPE,Texture type,DYN.CHANGE,identify,Exam application,,,,high,Tagged
EXL017-Q09,CLIP-EXL017,Meter and rhythm,RHY.METRE,Metre classification,RHY.TIME_SIGNATURE,identify,Exam application,,,,high,Tagged
EXL017-Q10,CLIP-EXL017,Context and genre,CTX.GENRE,Genre and style,RHY.DEVICE,identify,Exam application,,,,high,Tagged
EXL017-Q11,CLIP-EXL017,Context and genre,CTX.GENRE,Genre and style,,identify,Exam application,,,,high,Tagged
EXL018-Q01,CLIP-EXL018,Instrumentation,INS.INDIVIDUAL,Individual instrument,CTX.GENRE,identify,Exam application,,,,high,Tagged
EXL018-Q02,CLIP-EXL018,Meter and rhythm,RHY.DEVICE,Rhythmic device,CTX.GENRE,identify,Exam application,,,,high,Tagged
EXL018-Q03,CLIP-EXL018,Melody,MEL.DEVICE,Melodic device,RHY.DEVICE,identify,Exam application,,,,high,Tagged
EXL018-Q04,CLIP-EXL018,Meter and rhythm,RHY.METRE,Metre classification,RHY.DEVICE,identify,Exam application,,,,high,Tagged
EXL018-Q05,CLIP-EXL018,Meter and rhythm,RHY.PULSE,Pulse,INS.ROLE,identify,Exam application,,,,high,Tagged
EXL018-Q06,CLIP-EXL018,Texture,TEX.TYPE,Texture type,TEX.ROLE,identify,Exam application,,,,high,Tagged
EXL018-Q07,CLIP-EXL018,Texture,TEX.TYPE,Texture type,DYN.CHANGE,identify,Exam application,,,,high,Tagged
EXL018-Q08,CLIP-EXL018,Context and genre,CTX.GENRE,Genre and style,RHY.DEVICE,identify,Exam application,,,,high,Tagged
EXL018-Q09,CLIP-EXL018,Context and genre,CTX.GENRE,Genre and style,,identify,Exam application,,,,high,Tagged
EXL018-Q10,CLIP-EXL018,Context and genre,CTX.TECHNOLOGY,Music technology,CTX.GENRE,identify,Exam application,,,,high,Tagged
EXL018-Q11,CLIP-EXL018,Context and genre,CTX.GENRE,Genre and style,,identify,Exam application,,,,high,Tagged
EXL019-Q01,CLIP-EXL019,Context and genre,CTX.GENRE,Genre and style,,identify,Exam application,,,,high,Tagged
EXL019-Q02,CLIP-EXL019,Instrumentation,INS.INDIVIDUAL,Individual instrument,CTX.GENRE,identify,Exam application,,,,high,Tagged
EXL019-Q03,CLIP-EXL019,Instrumentation,INS.FAMILY,Instrument family,CTX.GENRE,identify,Exam application,,,,high,Tagged
EXL019-Q04,CLIP-EXL019,Instrumentation,INS.INDIVIDUAL,Individual instrument,ART.TYPE,identify,Exam application,,,,high,Tagged
EXL019-Q05,CLIP-EXL019,Texture,TEX.TYPE,Texture type,TEX.ROLE,identify,Exam application,,,,high,Tagged
EXL019-Q06,CLIP-EXL019,Context and genre,CTX.GENRE,Genre and style,HAR.TONALITY,identify,Exam application,,,,high,Tagged
EXL019-Q07,CLIP-EXL019,Melody,MEL.ORNAMENT,Ornamentation,MEL.DEVICE,identify,Exam application,,,,high,Tagged
EXL019-Q08,CLIP-EXL019,Meter and rhythm,RHY.TEMPO,Tempo,RHY.DEVICE,identify,Exam application,,,,high,Tagged
EXL019-Q09,CLIP-EXL019,Context and genre,CTX.GENRE,Genre and style,,identify,Exam application,,,,high,Tagged
EXL019-Q10,CLIP-EXL019,Context and genre,CTX.GENRE,Genre and style,MEL.ORNAMENT,identify,Exam application,,,,high,Tagged
EXL019-Q11,CLIP-EXL019,Context and genre,CTX.GENRE,Genre and style,,identify,Exam application,,,,high,Tagged
EXL020-Q01,CLIP-EXL020,Instrumentation,INS.INDIVIDUAL,Individual instrument,CTX.TECHNOLOGY,identify,Exam application,,,,high,Tagged
EXL020-Q02,CLIP-EXL020,Context and genre,CTX.TECHNOLOGY,Music technology,CTX.GENRE,identify,Exam application,,,,high,Tagged
EXL020-Q03,CLIP-EXL020,Melody,MEL.DEVICE,Melodic device,RHY.DEVICE,identify,Exam application,,,,high,Tagged
EXL020-Q04,CLIP-EXL020,Meter and rhythm,RHY.DEVICE,Rhythmic device,RHY.PULSE,identify,Exam application,,,,high,Tagged
EXL020-Q05,CLIP-EXL020,Texture,TEX.TYPE,Texture type,TEX.ROLE,identify,Exam application,,,,high,Tagged
EXL020-Q06,CLIP-EXL020,Texture,TEX.TYPE,Texture type,DYN.CHANGE,identify,Exam application,,,,high,Tagged
EXL020-Q07,CLIP-EXL020,Meter and rhythm,RHY.DEVICE,Rhythmic device,RHY.METRE,identify,Exam application,,,,high,Tagged
EXL020-Q08,CLIP-EXL020,Meter and rhythm,RHY.DEVICE,Rhythmic device,MEL.DEVICE,identify,Exam application,,,,high,Tagged
EXL020-Q09,CLIP-EXL020,Context and genre,CTX.GENRE,Genre and style,CTX.TECHNOLOGY,identify,Exam application,,,,high,Tagged
EXL020-Q10,CLIP-EXL020,Meter and rhythm,RHY.PULSE,Pulse,INS.ROLE,identify,Exam application,,,,high,Tagged
EXL020-Q11,CLIP-EXL020,Context and genre,CTX.GENRE,Genre and style,,identify,Exam application,,,,high,Tagged
EXL021-Q01,CLIP-EXL021,Instrumentation,INS.INDIVIDUAL,Individual instrument,CTX.GENRE,identify,Exam application,,,,high,Tagged
EXL021-Q02,CLIP-EXL021,Texture,TEX.TYPE,Texture type,TEX.ROLE,identify,Exam application,,,,high,Tagged
EXL021-Q03,CLIP-EXL021,Melody,MEL.DEVICE,Melodic device,HAR.CHORD,identify,Exam application,,,,high,Tagged
EXL021-Q04,CLIP-EXL021,Meter and rhythm,RHY.METRE,Metre classification,RHY.TIME_SIGNATURE,identify,Exam application,,,,high,Tagged
EXL021-Q05,CLIP-EXL021,Melody,MEL.DEVICE,Melodic device,MEL.DIRECTION,identify,Exam application,,,,high,Tagged
EXL021-Q06,CLIP-EXL021,Dynamics and articulation,DYN.LEVEL,Dynamic level,,identify,Exam application,,,,high,Tagged
EXL021-Q07,CLIP-EXL021,Texture,TEX.ROLE,Textural roles,HAR.CHORD,identify,Exam application,,,,high,Tagged
EXL021-Q08,CLIP-EXL021,Texture,TEX.TYPE,Texture type,DYN.CHANGE,identify,Exam application,,,,high,Tagged
EXL021-Q09,CLIP-EXL021,Context and genre,CTX.GENRE,Genre and style,MEL.DEVICE,identify,Exam application,,,,high,Tagged
EXL021-Q10,CLIP-EXL021,Meter and rhythm,RHY.PULSE,Pulse,INS.ROLE,identify,Exam application,,,,high,Tagged
EXL021-Q11,CLIP-EXL021,Context and genre,CTX.GENRE,Genre and style,,identify,Exam application,,,,high,Tagged
EXL022-Q01,CLIP-EXL022,Instrumentation,INS.FAMILY,Instrument family,CTX.TECHNOLOGY,identify,Exam application,,,,high,Tagged
EXL022-Q02,CLIP-EXL022,Context and genre,CTX.TECHNOLOGY,Music technology,CTX.GENRE,identify,Exam application,,,,high,Tagged
EXL022-Q03,CLIP-EXL022,Meter and rhythm,RHY.METRE,Metre classification,RHY.DEVICE,identify,Exam application,,,,high,Tagged
EXL022-Q04,CLIP-EXL022,Meter and rhythm,RHY.DEVICE,Rhythmic device,CTX.GENRE,identify,Exam application,,,,high,Tagged
EXL022-Q05,CLIP-EXL022,Melody,MEL.DEVICE,Melodic device,RHY.DEVICE,identify,Exam application,,,,high,Tagged
EXL022-Q06,CLIP-EXL022,Texture,TEX.TYPE,Texture type,TEX.ROLE,identify,Exam application,,,,high,Tagged
EXL022-Q07,CLIP-EXL022,Texture,TEX.TYPE,Texture type,,identify,Exam application,,,,high,Tagged
EXL022-Q08,CLIP-EXL022,Texture,TEX.TYPE,Texture type,DYN.CHANGE,identify,Exam application,,,,high,Tagged
EXL022-Q09,CLIP-EXL022,Context and genre,CTX.GENRE,Genre and style,RHY.PULSE,identify,Exam application,,,,high,Tagged
EXL022-Q10,CLIP-EXL022,Instrumentation,INS.INDIVIDUAL,Individual instrument,CTX.TECHNOLOGY,identify,Exam application,,,,high,Tagged
EXL022-Q11,CLIP-EXL022,Context and genre,CTX.GENRE,Genre and style,,identify,Exam application,,,,high,Tagged
EXL023-Q01,CLIP-EXL023,Context and genre,CTX.GENRE,Genre and style,,identify,Exam application,,,,high,Tagged
EXL023-Q02,CLIP-EXL023,Instrumentation,INS.INDIVIDUAL,Individual instrument,CTX.GENRE,identify,Exam application,,,,high,Tagged
EXL023-Q03,CLIP-EXL023,Instrumentation,INS.INDIVIDUAL,Individual instrument,ART.TYPE,identify,Exam application,,,,high,Tagged
EXL023-Q04,CLIP-EXL023,Context and genre,CTX.GENRE,Genre and style,HAR.TONALITY,identify,Exam application,,,,high,Tagged
EXL023-Q05,CLIP-EXL023,Melody,MEL.ORNAMENT,Ornamentation,MEL.DEVICE,identify,Exam application,,,,high,Tagged
EXL023-Q06,CLIP-EXL023,Texture,TEX.TYPE,Texture type,TEX.ROLE,identify,Exam application,,,,high,Tagged
EXL023-Q07,CLIP-EXL023,Instrumentation,INS.INDIVIDUAL,Individual instrument,TEX.ROLE,identify,Exam application,,,,high,Tagged
EXL023-Q08,CLIP-EXL023,Meter and rhythm,RHY.DEVICE,Rhythmic device,RHY.METRE,identify,Exam application,,,,high,Tagged
EXL023-Q09,CLIP-EXL023,Meter and rhythm,RHY.METRE,Metre classification,RHY.TIME_SIGNATURE,identify,Exam application,,,,high,Tagged
EXL023-Q10,CLIP-EXL023,Context and genre,CTX.GENRE,Genre and style,MEL.ORNAMENT,identify,Exam application,,,,high,Tagged
EXL023-Q11,CLIP-EXL023,Context and genre,CTX.GENRE,Genre and style,,identify,Exam application,,,,high,Tagged
EXL010-Q01,CLIP-EXL010,Instrumentation,INS.TECHNIQUE,Playing technique,ART.TYPE,identify,Exam application,,,,high,Tagged
EXL010-Q02,CLIP-EXL010,Instrumentation,INS.INDIVIDUAL,Individual instrument,INS.ROLE,identify,Exam application,,,,high,Tagged
EXL010-Q03,CLIP-EXL010,Instrumentation,INS.INDIVIDUAL,Individual instrument,NOT.SCORE_READING,identify,Exam application,,,,high,Tagged
EXL010-Q04,CLIP-EXL010,Harmony and tonality,HAR.TONALITY,Tonality and key,NOT.SCORE_READING,identify,Exam application,,,,high,Tagged
EXL010-Q05,CLIP-EXL010,Notation and exam application,EXM.WRITTEN,Written musical explanation,RHY.DEVICE | DYN.LEVEL,apply,Exam application,,,,high,Tagged
EXL010-Q06,CLIP-EXL010,Texture,TEX.TYPE,Texture type,TEX.ROLE,identify,Exam application,,,,high,Tagged
EXL010-Q07,CLIP-EXL010,Meter and rhythm,RHY.TEMPO,Tempo,,identify,Exam application,,,,high,Tagged
EXL010-Q08,CLIP-EXL010,Context and genre,CTX.PERIOD,Historical period,,identify,Exam application,,,,high,Tagged
EXL010-Q09,CLIP-EXL010,Context and genre,CTX.PERIOD,Historical period,CTX.GENRE,identify,Exam application,,,,high,Tagged
CC001,CLIP-B153DDB8C2C9,Harmony and tonality,HAR.CADENCE,Cadence,NOT.SCORE_READING,identify,Ungraded,,,,high,Review
CC002,CLIP-E2B367491DE5,Harmony and tonality,HAR.CADENCE,Cadence,NOT.SCORE_READING,identify,Ungraded,,,,high,Review
CC003,CLIP-BF7237A982E7,Harmony and tonality,HAR.CADENCE,Cadence,NOT.SCORE_READING,identify,Ungraded,,,,high,Review
CC004,CLIP-CD5B4B0418FC,Harmony and tonality,HAR.CADENCE,Cadence,NOT.SCORE_READING,identify,Ungraded,,,,high,Review
CC005,CLIP-7F82ACDB4444,Harmony and tonality,HAR.CADENCE,Cadence,NOT.SCORE_READING,identify,Ungraded,,,,high,Review
CC006,CLIP-C8B09435B14E,Harmony and tonality,HAR.CADENCE,Cadence,NOT.SCORE_READING,identify,Ungraded,,,,high,Review
CC007,CLIP-0091E9504940,Harmony and tonality,HAR.CADENCE,Cadence,NOT.SCORE_READING,identify,Ungraded,,,,high,Review
ENS001,CLIP-5858DB2FCBB2,Instrumentation,INS.ENSEMBLE,Ensemble and performing forces,,identify,Foundation,,,,high,Review
ENS002,CLIP-8048E8D744F7,Instrumentation,INS.ENSEMBLE,Ensemble and performing forces,,identify,Foundation,,,,high,Review
ENS003,CLIP-C796EC823B67,Instrumentation,INS.ENSEMBLE,Ensemble and performing forces,,identify,Developing,,,,high,Review
ENS004,CLIP-3AA325DED4FF,Instrumentation,INS.ENSEMBLE,Ensemble and performing forces,,identify,Developing,,,,high,Review
ENS005,CLIP-9D991E2E24FB,Instrumentation,INS.ENSEMBLE,Ensemble and performing forces,,identify,Developing,,,,high,Review
ENS006,CLIP-A2FE163FF2C6,Instrumentation,INS.ENSEMBLE,Ensemble and performing forces,,identify,Developing,,,,high,Review
ENS007,CLIP-1A1E27A51B2E,Instrumentation,INS.ENSEMBLE,Ensemble and performing forces,,identify,Developing,,,,high,Review
ENS008,CLIP-3407A91DEA46,Instrumentation,INS.ENSEMBLE,Ensemble and performing forces,,identify,Developing,,,,high,Review
ENS009,CLIP-7E49F426CDE6,Instrumentation,INS.ENSEMBLE,Ensemble and performing forces,,identify,Developing,,,,high,Review
ENS010,CLIP-F1E51972A233,Instrumentation,INS.ENSEMBLE,Ensemble and performing forces,,identify,Developing,,,,high,Review
ENS011,CLIP-C1E7B4C7D88B,Instrumentation,INS.ENSEMBLE,Ensemble and performing forces,,identify,Developing,,,,high,Review
ENS015,CLIP-6FDC6A4DF135,Instrumentation,INS.ENSEMBLE,Ensemble and performing forces,,identify,Developing,,,,high,Review
ENS016,CLIP-57EEBD13CB39,Instrumentation,INS.ENSEMBLE,Ensemble and performing forces,,identify,Developing,,,,high,Review
ENS018,CLIP-1C2D9CFC5B8B,Instrumentation,INS.ENSEMBLE,Ensemble and performing forces,,identify,Developing,,,,high,Review
ENS020,CLIP-DEBE8719E678,Instrumentation,INS.ENSEMBLE,Ensemble and performing forces,,identify,Developing,,,,high,Review
ENS021,CLIP-461324ABD76E,Instrumentation,INS.ENSEMBLE,Ensemble and performing forces,,identify,Developing,,,,high,Review
ENS022,CLIP-2760FE49AFB0,Instrumentation,INS.ENSEMBLE,Ensemble and performing forces,,identify,Developing,,,,high,Review
ENS023,CLIP-129FA08F02DA,Instrumentation,INS.ENSEMBLE,Ensemble and performing forces,,identify,Developing,,,,high,Review
ENS024,CLIP-8982E0459881,Instrumentation,INS.ENSEMBLE,Ensemble and performing forces,,identify,Developing,,,,high,Review
ENS025,CLIP-2731A928D114,Instrumentation,INS.ENSEMBLE,Ensemble and performing forces,,identify,Developing,,,,high,Review
ENS026,CLIP-9BC4D5CB523F,Instrumentation,INS.ENSEMBLE,Ensemble and performing forces,,identify,Developing,,,,high,Review
ENS027,CLIP-8C700BD40AF4,Instrumentation,INS.ENSEMBLE,Ensemble and performing forces,,identify,Developing,,,,high,Review
ENS028,CLIP-FA7E0DB57376,Instrumentation,INS.ENSEMBLE,Ensemble and performing forces,,identify,Developing,,,,high,Review
ENS029,CLIP-9098438F9B99,Instrumentation,INS.ENSEMBLE,Ensemble and performing forces,,identify,Developing,,,,high,Review
ENS030,CLIP-4B0B49FB83AA,Instrumentation,INS.ENSEMBLE,Ensemble and performing forces,,identify,Developing,,,,high,Review
ENS031,CLIP-5709623F4FEA,Instrumentation,INS.ENSEMBLE,Ensemble and performing forces,,identify,Developing,,,,high,Review
ENS032,CLIP-673A2CB5C7A5,Instrumentation,INS.ENSEMBLE,Ensemble and performing forces,,identify,Developing,,,,high,Review
ENS033,CLIP-CBB1216DBFBA,Instrumentation,INS.ENSEMBLE,Ensemble and performing forces,,identify,Developing,,,,high,Review
ENS034,CLIP-06B6EE95259E,Instrumentation,INS.ENSEMBLE,Ensemble and performing forces,,identify,Developing,,,,high,Review
ENS037,CLIP-3EE59C278A70,Instrumentation,INS.ENSEMBLE,Ensemble and performing forces,,identify,Developing,,,,high,Review
ENS038,CLIP-5A247FD98399,Instrumentation,INS.ENSEMBLE,Ensemble and performing forces,,identify,Developing,,,,high,Review
ENS040,CLIP-46AB1AC7035E,Instrumentation,INS.ENSEMBLE,Ensemble and performing forces,,identify,Developing,,,,high,Review
ENS042,CLIP-04BC830AEDD8,Instrumentation,INS.ENSEMBLE,Ensemble and performing forces,,identify,Developing,,,,high,Review
ENS043,CLIP-0E970C76DBBD,Instrumentation,INS.ENSEMBLE,Ensemble and performing forces,,identify,Developing,,,,high,Review
ENS044,CLIP-F6DBC3607B78,Instrumentation,INS.ENSEMBLE,Ensemble and performing forces,,identify,Developing,,,,high,Review
ENS046,CLIP-4B0C9B799477,Instrumentation,INS.ENSEMBLE,Ensemble and performing forces,,identify,Developing,,,,high,Review
ENS047,CLIP-A0AFA32FB68A,Instrumentation,INS.ENSEMBLE,Ensemble and performing forces,,identify,Developing,,,,high,Review
ENS048,CLIP-26165AC94A1A,Instrumentation,INS.ENSEMBLE,Ensemble and performing forces,,identify,Developing,,,,high,Review
ENS049,CLIP-A1F073E9B003,Instrumentation,INS.ENSEMBLE,Ensemble and performing forces,,identify,Developing,,,,high,Review
ENS050,CLIP-B5FB04CE9340,Instrumentation,INS.ENSEMBLE,Ensemble and performing forces,,identify,Developing,,,,high,Review
ENS051,CLIP-74540FE7EAE8,Instrumentation,INS.ENSEMBLE,Ensemble and performing forces,,identify,Developing,,,,high,Review
ENS052,CLIP-05BBF944AC0F,Instrumentation,INS.ENSEMBLE,Ensemble and performing forces,,identify,Developing,,,,high,Review
ENS053,CLIP-1613498B7911,Instrumentation,INS.ENSEMBLE,Ensemble and performing forces,,identify,Securing,,,,high,Review
ENS054,CLIP-E99232A3A315,Instrumentation,INS.ENSEMBLE,Ensemble and performing forces,,identify,Securing,,,,high,Review
ENS055,CLIP-27C3C75BC9B6,Instrumentation,INS.ENSEMBLE,Ensemble and performing forces,,identify,Securing,,,,high,Review
ENS056,CLIP-07EB59813228,Instrumentation,INS.ENSEMBLE,Ensemble and performing forces,,identify,Developing,,,,high,Review
ENS062,CLIP-17B0BA1B4216,Instrumentation,INS.ENSEMBLE,Ensemble and performing forces,,identify,Foundation,,,,high,Review
ENS063,CLIP-D6DCD188296D,Instrumentation,INS.ENSEMBLE,Ensemble and performing forces,,identify,Developing,,,,high,Review
ENS064,CLIP-CBFBF17E1145,Instrumentation,INS.ENSEMBLE,Ensemble and performing forces,,identify,Developing,,,,high,Review
ENS065,CLIP-B7BD47B63B19,Instrumentation,INS.ENSEMBLE,Ensemble and performing forces,,identify,Mastering,,,,high,Review
ENS066,CLIP-9E770F31EDD5,Instrumentation,INS.ENSEMBLE,Ensemble and performing forces,,identify,Securing,,,,high,Review
ENS067,CLIP-2BDA9D4373FB,Instrumentation,INS.ENSEMBLE,Ensemble and performing forces,,identify,Securing,,,,high,Review
ENS068,CLIP-3451CCCE2283,Instrumentation,INS.ENSEMBLE,Ensemble and performing forces,,identify,Mastering,,,,high,Review
ENS069,CLIP-C30503BEE572,Instrumentation,INS.ENSEMBLE,Ensemble and performing forces,,identify,Securing,,,,high,Review
ENS070,CLIP-251AF8C02083,Instrumentation,INS.ENSEMBLE,Ensemble and performing forces,,identify,Developing,,,,high,Review
ENS071,CLIP-B566009C28C4,Instrumentation,INS.ENSEMBLE,Ensemble and performing forces,,identify,Developing,,,,high,Review
ENS072,CLIP-35FB371CFA10,Instrumentation,INS.ENSEMBLE,Ensemble and performing forces,,identify,Developing,,,,high,Review
ENS073,CLIP-CD577AA01AF2,Instrumentation,INS.ENSEMBLE,Ensemble and performing forces,,identify,Securing,,,,high,Review
ENS074,CLIP-4F78DD6F4997,Instrumentation,INS.ENSEMBLE,Ensemble and performing forces,,identify,Securing,,,,high,Review
ENS075,CLIP-EB3B4E80A024,Instrumentation,INS.ENSEMBLE,Ensemble and performing forces,,identify,Developing,,,,high,Review
ENS076,CLIP-53DCA180C186,Instrumentation,INS.ENSEMBLE,Ensemble and performing forces,,identify,Developing,,,,high,Review
ENS057,CLIP-AA01F10590D2,Instrumentation,INS.ENSEMBLE,Ensemble and performing forces,,identify,Foundation,,,,high,Review
ENS058,CLIP-37DD4D248F05,Instrumentation,INS.ENSEMBLE,Ensemble and performing forces,,identify,Foundation,,,,high,Review
ENS059,CLIP-D237FA14F91F,Instrumentation,INS.ENSEMBLE,Ensemble and performing forces,,identify,Developing,,,,high,Review
ENS060,CLIP-C98DD1F1385B,Instrumentation,INS.ENSEMBLE,Ensemble and performing forces,,identify,Developing,,,,high,Review
ENS061,CLIP-A8605D6F8CE5,Instrumentation,INS.ENSEMBLE,Ensemble and performing forces,,identify,Developing,,,,high,Review
SS-BINARY-F,CLIP-D87E12BCF89C,Structure and form,STR.FORM,Form and structure,,identify,Foundation,,,,high,Review
SS-BINARY-D,CLIP-D87E12BCF89C,Structure and form,STR.FORM,Form and structure,,identify,Developing,,,,high,Review
SS-BINARY-S,CLIP-D87E12BCF89C,Structure and form,STR.FORM,Form and structure,,identify,Securing,,,,high,Review
SS-TERNARY-F,CLIP-E25C1F230727,Structure and form,STR.FORM,Form and structure,,identify,Foundation,,,,high,Review
SS-TERNARY-D,CLIP-E25C1F230727,Structure and form,STR.FORM,Form and structure,,identify,Developing,,,,high,Review
SS-TERNARY-S,CLIP-E25C1F230727,Structure and form,STR.FORM,Form and structure,,identify,Securing,,,,high,Review
SS-MINUET-F,CLIP-6E576ACE3A33,Structure and form,STR.FORM,Form and structure,,identify,Foundation,,,,high,Review
SS-MINUET-D,CLIP-6E576ACE3A33,Structure and form,STR.FORM,Form and structure,,identify,Developing,,,,high,Review
SS-MINUET-S,CLIP-6E576ACE3A33,Structure and form,STR.FORM,Form and structure,,identify,Securing,,,,high,Review
SS-RONDO-F,CLIP-E0D9577EA702,Structure and form,STR.FORM,Form and structure,,identify,Foundation,,,,high,Review
SS-RONDO-D,CLIP-E0D9577EA702,Structure and form,STR.FORM,Form and structure,,identify,Developing,,,,high,Review
SS-RONDO-S,CLIP-E0D9577EA702,Structure and form,STR.FORM,Form and structure,,identify,Securing,,,,high,Review
SS-RITORNELLO-F,CLIP-AC902AC71B0C,Structure and form,STR.FORM,Form and structure,,identify,Foundation,,,,high,Review
SS-RITORNELLO-D,CLIP-AC902AC71B0C,Structure and form,STR.FORM,Form and structure,,identify,Developing,,,,high,Review
SS-RITORNELLO-S,CLIP-AC902AC71B0C,Structure and form,STR.FORM,Form and structure,,identify,Securing,,,,high,Review
SS-THEMEVAR-F,CLIP-8E7E9AD2F47F,Structure and form,STR.FORM,Form and structure,,identify,Foundation,,,,high,Review
SS-THEMEVAR-D,CLIP-8E7E9AD2F47F,Structure and form,STR.FORM,Form and structure,,identify,Developing,,,,high,Review
SS-THEMEVAR-S,CLIP-8E7E9AD2F47F,Structure and form,STR.FORM,Form and structure,,identify,Securing,,,,high,Review
SS-SONATA-F,CLIP-98A61BB5B565,Structure and form,STR.FORM,Form and structure,,identify,Foundation,,,,high,Review
SS-SONATA-D,CLIP-98A61BB5B565,Structure and form,STR.FORM,Form and structure,,identify,Developing,,,,high,Review
SS-SONATA-S,CLIP-98A61BB5B565,Structure and form,STR.FORM,Form and structure,,identify,Securing,,,,high,Review
SS-STROPHIC-F,CLIP-C78F9A46FB0A,Structure and form,STR.FORM,Form and structure,,identify,Foundation,,,,high,Review
SS-STROPHIC-D,CLIP-C78F9A46FB0A,Structure and form,STR.FORM,Form and structure,,identify,Developing,,,,high,Review
SS-STROPHIC-S,CLIP-C78F9A46FB0A,Structure and form,STR.FORM,Form and structure,,identify,Securing,,,,high,Review
SS-THRUCOMP-F,CLIP-C5AAF1A798F6,Structure and form,STR.FORM,Form and structure,,identify,Foundation,,,,high,Review
SS-THRUCOMP-D,CLIP-C5AAF1A798F6,Structure and form,STR.FORM,Form and structure,,identify,Developing,,,,high,Review
SS-THRUCOMP-S,CLIP-C5AAF1A798F6,Structure and form,STR.FORM,Form and structure,,identify,Securing,,,,high,Review
SS-POPSTRUCT-F,CLIP-B31278C757E5,Structure and form,STR.FORM,Form and structure,CTX.GENRE,identify,Foundation,,,,high,Review
SS-POPSTRUCT-D,CLIP-B31278C757E5,Structure and form,STR.FORM,Form and structure,CTX.GENRE,identify,Developing,,,,high,Review
SS-POPSTRUCT-S,CLIP-B31278C757E5,Structure and form,STR.FORM,Form and structure,CTX.GENRE,identify,Securing,,,,high,Review
SS-EDMSTRUCT-F,CLIP-6BF20A7D7BBB,Structure and form,STR.FORM,Form and structure,CTX.GENRE,identify,Foundation,,,,high,Review
SS-EDMSTRUCT-D,CLIP-6BF20A7D7BBB,Structure and form,STR.FORM,Form and structure,CTX.GENRE,identify,Developing,,,,high,Review
SS-EDMSTRUCT-S,CLIP-6BF20A7D7BBB,Structure and form,STR.FORM,Form and structure,CTX.GENRE,identify,Securing,,,,high,Review
SS-RAGASTRUCT-F,CLIP-9A92AE5E22FA,Structure and form,STR.FORM,Form and structure,CTX.GENRE,identify,Foundation,,,,high,Review
SS-RAGASTRUCT-D,CLIP-9A92AE5E22FA,Structure and form,STR.FORM,Form and structure,CTX.GENRE,identify,Developing,,,,high,Review
SS-RAGASTRUCT-S,CLIP-9A92AE5E22FA,Structure and form,STR.FORM,Form and structure,CTX.GENRE,identify,Securing,,,,high,Review
SS-CADENZA-F,CLIP-46B56636111D,Structure and form,STR.FORM,Form and structure,,identify,Foundation,,,,high,Review
SS-CADENZA-D,CLIP-46B56636111D,Structure and form,STR.FORM,Form and structure,,identify,Developing,,,,high,Review
SS-CADENZA-S,CLIP-46B56636111D,Structure and form,STR.FORM,Form and structure,,identify,Securing,,,,high,Review
SS-CODA-F,CLIP-3DF9B81529C2,Structure and form,STR.FORM,Form and structure,,identify,Foundation,,,,high,Review
SS-CODA-D,CLIP-3DF9B81529C2,Structure and form,STR.FORM,Form and structure,,identify,Developing,,,,high,Review
SS-CODA-S,CLIP-3DF9B81529C2,Structure and form,STR.FORM,Form and structure,,identify,Securing,,,,high,Review
SS-EXPO-F,CLIP-6FEC7541E308,Structure and form,STR.FORM,Form and structure,,identify,Foundation,,,,high,Review
SS-EXPO-D,CLIP-6FEC7541E308,Structure and form,STR.FORM,Form and structure,,identify,Developing,,,,high,Review
SS-EXPO-S,CLIP-6FEC7541E308,Structure and form,STR.FORM,Form and structure,,identify,Securing,,,,high,Review
SS-DEV-F,CLIP-D7FA11A2B82D,Structure and form,STR.FORM,Form and structure,,identify,Foundation,,,,high,Review
SS-DEV-D,CLIP-D7FA11A2B82D,Structure and form,STR.FORM,Form and structure,,identify,Developing,,,,high,Review
SS-DEV-S,CLIP-D7FA11A2B82D,Structure and form,STR.FORM,Form and structure,,identify,Securing,,,,high,Review
SS-RECAP-F,CLIP-535F1D778F8F,Structure and form,STR.FORM,Form and structure,,identify,Foundation,,,,high,Review
SS-RECAP-D,CLIP-535F1D778F8F,Structure and form,STR.FORM,Form and structure,,identify,Developing,,,,high,Review
SS-RECAP-S,CLIP-535F1D778F8F,Structure and form,STR.FORM,Form and structure,,identify,Securing,,,,high,Review
SS-FIRSTSUB-F,CLIP-BF289F1688B5,Structure and form,STR.FORM,Form and structure,,identify,Foundation,,,,high,Review
SS-FIRSTSUB-D,CLIP-BF289F1688B5,Structure and form,STR.FORM,Form and structure,,identify,Developing,,,,high,Review
SS-FIRSTSUB-S,CLIP-BF289F1688B5,Structure and form,STR.FORM,Form and structure,,identify,Securing,,,,high,Review
SS-SECONDSUB-F,CLIP-DAE559FBE2B0,Structure and form,STR.FORM,Form and structure,,identify,Foundation,,,,high,Review
SS-SECONDSUB-D,CLIP-DAE559FBE2B0,Structure and form,STR.FORM,Form and structure,,identify,Developing,,,,high,Review
SS-SECONDSUB-S,CLIP-DAE559FBE2B0,Structure and form,STR.FORM,Form and structure,,identify,Securing,,,,high,Review
SS-CODETTA-F,CLIP-9FEC83A65FEB,Structure and form,STR.FORM,Form and structure,,identify,Foundation,,,,high,Review
SS-CODETTA-D,CLIP-9FEC83A65FEB,Structure and form,STR.FORM,Form and structure,,identify,Developing,,,,high,Review
SS-CODETTA-S,CLIP-9FEC83A65FEB,Structure and form,STR.FORM,Form and structure,,identify,Securing,,,,high,Review
SS-EPISODE-F,CLIP-424E2A9220AB,Structure and form,STR.FORM,Form and structure,,identify,Foundation,,,,high,Review
SS-EPISODE-D,CLIP-424E2A9220AB,Structure and form,STR.FORM,Form and structure,,identify,Developing,,,,high,Review
SS-EPISODE-S,CLIP-424E2A9220AB,Structure and form,STR.FORM,Form and structure,,identify,Securing,,,,high,Review
SS-CHORUS-F,CLIP-03C5BB3258BD,Structure and form,STR.FORM,Form and structure,CTX.GENRE,identify,Foundation,,,,high,Review
SS-CHORUS-D,CLIP-03C5BB3258BD,Structure and form,STR.FORM,Form and structure,CTX.GENRE,identify,Developing,,,,high,Review
SS-CHORUS-S,CLIP-03C5BB3258BD,Structure and form,STR.FORM,Form and structure,CTX.GENRE,identify,Securing,,,,high,Review
SS-BREAKDOWN-F,CLIP-E0A1DD16F013,Structure and form,STR.FORM,Form and structure,CTX.GENRE,identify,Foundation,,,,high,Review
SS-BREAKDOWN-D,CLIP-E0A1DD16F013,Structure and form,STR.FORM,Form and structure,CTX.GENRE,identify,Developing,,,,high,Review
SS-BREAKDOWN-S,CLIP-E0A1DD16F013,Structure and form,STR.FORM,Form and structure,CTX.GENRE,identify,Securing,,,,high,Review
SS-BUILDUP-F,CLIP-135BD7D164B0,Structure and form,STR.FORM,Form and structure,CTX.GENRE,identify,Foundation,,,,high,Review
SS-BUILDUP-D,CLIP-135BD7D164B0,Structure and form,STR.FORM,Form and structure,CTX.GENRE,identify,Developing,,,,high,Review
SS-BUILDUP-S,CLIP-135BD7D164B0,Structure and form,STR.FORM,Form and structure,CTX.GENRE,identify,Securing,,,,high,Review
SS-DROP-F,CLIP-0A700D244230,Structure and form,STR.FORM,Form and structure,CTX.GENRE,identify,Foundation,,,,high,Review
SS-DROP-D,CLIP-0A700D244230,Structure and form,STR.FORM,Form and structure,CTX.GENRE,identify,Developing,,,,high,Review
SS-DROP-S,CLIP-0A700D244230,Structure and form,STR.FORM,Form and structure,CTX.GENRE,identify,Securing,,,,high,Review
SS-ALAP-F,CLIP-0AFE64DB6648,Structure and form,STR.FORM,Form and structure,CTX.GENRE,identify,Foundation,,,,high,Review
SS-ALAP-D,CLIP-0AFE64DB6648,Structure and form,STR.FORM,Form and structure,CTX.GENRE,identify,Developing,,,,high,Review
SS-ALAP-S,CLIP-0AFE64DB6648,Structure and form,STR.FORM,Form and structure,CTX.GENRE,identify,Securing,,,,high,Review
SS-JOR-F,CLIP-2E14FE0FA150,Structure and form,STR.FORM,Form and structure,CTX.GENRE,identify,Foundation,,,,high,Review
SS-JOR-D,CLIP-2E14FE0FA150,Structure and form,STR.FORM,Form and structure,CTX.GENRE,identify,Developing,,,,high,Review
SS-JOR-S,CLIP-2E14FE0FA150,Structure and form,STR.FORM,Form and structure,CTX.GENRE,identify,Securing,,,,high,Review
SS-GAT-F,CLIP-564B627073DD,Structure and form,STR.FORM,Form and structure,CTX.GENRE,identify,Foundation,,,,high,Review
SS-GAT-D,CLIP-564B627073DD,Structure and form,STR.FORM,Form and structure,CTX.GENRE,identify,Developing,,,,high,Review
SS-GAT-S,CLIP-564B627073DD,Structure and form,STR.FORM,Form and structure,CTX.GENRE,identify,Securing,,,,high,Review
SS-JHALA-F,CLIP-3FD779F41C1E,Structure and form,STR.FORM,Form and structure,CTX.GENRE,identify,Foundation,,,,high,Review
SS-JHALA-D,CLIP-3FD779F41C1E,Structure and form,STR.FORM,Form and structure,CTX.GENRE,identify,Developing,,,,high,Review
SS-JHALA-S,CLIP-3FD779F41C1E,Structure and form,STR.FORM,Form and structure,CTX.GENRE,identify,Securing,,,,high,Review
ML-TEM-LARGO-F,CLIP-14183717EB75,Meter and rhythm,RHY.TEMPO,Tempo,,identify,Foundation,,,,high,Review
ML-TEM-LARGO-D,CLIP-14183717EB75,Meter and rhythm,RHY.TEMPO,Tempo,,identify,Developing,,,,high,Review
ML-TEM-LARGO-S,CLIP-14183717EB75,Meter and rhythm,RHY.TEMPO,Tempo,,identify,Securing,,,,high,Review
ML-TEM-ADAGIO-F,CLIP-6B5F6C4D8A91,Meter and rhythm,RHY.TEMPO,Tempo,,identify,Foundation,,,,high,Review
ML-TEM-ADAGIO-D,CLIP-6B5F6C4D8A91,Meter and rhythm,RHY.TEMPO,Tempo,,identify,Developing,,,,high,Review
ML-TEM-ADAGIO-S,CLIP-6B5F6C4D8A91,Meter and rhythm,RHY.TEMPO,Tempo,,identify,Securing,,,,high,Review
ML-TEM-ANDANTE-F,CLIP-45D363131DC4,Meter and rhythm,RHY.TEMPO,Tempo,,identify,Foundation,,,,high,Review
ML-TEM-ANDANTE-D,CLIP-45D363131DC4,Meter and rhythm,RHY.TEMPO,Tempo,,identify,Developing,,,,high,Review
ML-TEM-ANDANTE-S,CLIP-45D363131DC4,Meter and rhythm,RHY.TEMPO,Tempo,,identify,Securing,,,,high,Review
ML-TEM-MODERATO-F,CLIP-A5BFDCF4527B,Meter and rhythm,RHY.TEMPO,Tempo,,identify,Foundation,,,,high,Review
ML-TEM-MODERATO-D,CLIP-A5BFDCF4527B,Meter and rhythm,RHY.TEMPO,Tempo,,identify,Developing,,,,high,Review
ML-TEM-MODERATO-S,CLIP-A5BFDCF4527B,Meter and rhythm,RHY.TEMPO,Tempo,,identify,Securing,,,,high,Review
ML-TEM-ALLEGRETTO-D,CLIP-C1BFC1242BD1,Meter and rhythm,RHY.TEMPO,Tempo,,identify,Developing,,,,high,Review
ML-TEM-ALLEGRETTO-S,CLIP-C1BFC1242BD1,Meter and rhythm,RHY.TEMPO,Tempo,,identify,Securing,,,,high,Review
ML-TEM-ALLEGRO-F,CLIP-C23C5A480F28,Meter and rhythm,RHY.TEMPO,Tempo,,identify,Foundation,,,,high,Review
ML-TEM-ALLEGRO-D,CLIP-C23C5A480F28,Meter and rhythm,RHY.TEMPO,Tempo,,identify,Developing,,,,high,Review
ML-TEM-ALLEGRO-S,CLIP-C23C5A480F28,Meter and rhythm,RHY.TEMPO,Tempo,,identify,Securing,,,,high,Review
ML-TEM-VIVACE-D,CLIP-5590A541CBA6,Meter and rhythm,RHY.TEMPO,Tempo,,identify,Developing,,,,high,Review
ML-TEM-VIVACE-S,CLIP-5590A541CBA6,Meter and rhythm,RHY.TEMPO,Tempo,,identify,Securing,,,,high,Review
ML-TEM-PRESTO-D,CLIP-1E4AD889DAC0,Meter and rhythm,RHY.TEMPO,Tempo,,identify,Developing,,,,high,Review
ML-TEM-PRESTO-S,CLIP-1E4AD889DAC0,Meter and rhythm,RHY.TEMPO,Tempo,,identify,Securing,,,,high,Review
ML-TEM-PRESTISSIMO-S,CLIP-4B4F333ACA7A,Meter and rhythm,RHY.TEMPO,Tempo,,identify,Securing,,,,high,Review
ML-TEM-ACCEL-F,CLIP-7E933DED8D87,Meter and rhythm,RHY.TEMPO,Tempo,,identify,Foundation,,,,high,Review
ML-TEM-ACCEL-D,CLIP-7E933DED8D87,Meter and rhythm,RHY.TEMPO,Tempo,,identify,Developing,,,,high,Review
ML-TEM-ACCEL-S,CLIP-7E933DED8D87,Meter and rhythm,RHY.TEMPO,Tempo,,identify,Securing,,,,high,Review
ML-TEM-RALL-F,CLIP-6BAA810CD477,Meter and rhythm,RHY.TEMPO,Tempo,,identify,Foundation,,,,high,Review
ML-TEM-RALL-D,CLIP-6BAA810CD477,Meter and rhythm,RHY.TEMPO,Tempo,,identify,Developing,,,,high,Review
ML-TEM-RALL-S,CLIP-6BAA810CD477,Meter and rhythm,RHY.TEMPO,Tempo,,identify,Securing,,,,high,Review
ML-TEM-RUBATO-S,CLIP-41E64A759C0F,Meter and rhythm,RHY.TEMPO,Tempo,,identify,Securing,,,,high,Review
ML-DYN-PP-F,CLIP-104C6DC65687,Dynamics and articulation,DYN.LEVEL,Dynamic level,,identify,Foundation,,,,high,Review
ML-DYN-PP-D,CLIP-104C6DC65687,Dynamics and articulation,DYN.LEVEL,Dynamic level,,identify,Developing,,,,high,Review
ML-DYN-PP-S,CLIP-104C6DC65687,Dynamics and articulation,DYN.LEVEL,Dynamic level,,identify,Securing,,,,high,Review
ML-DYN-P-F,CLIP-65763266E1D1,Dynamics and articulation,DYN.LEVEL,Dynamic level,,identify,Foundation,,,,high,Review
ML-DYN-P-D,CLIP-65763266E1D1,Dynamics and articulation,DYN.LEVEL,Dynamic level,,identify,Developing,,,,high,Review
ML-DYN-P-S,CLIP-65763266E1D1,Dynamics and articulation,DYN.LEVEL,Dynamic level,,identify,Securing,,,,high,Review
ML-DYN-MP-F,CLIP-D0B0EF9FF771,Dynamics and articulation,DYN.LEVEL,Dynamic level,,identify,Foundation,,,,high,Review
ML-DYN-MP-D,CLIP-D0B0EF9FF771,Dynamics and articulation,DYN.LEVEL,Dynamic level,,identify,Developing,,,,high,Review
ML-DYN-MP-S,CLIP-D0B0EF9FF771,Dynamics and articulation,DYN.LEVEL,Dynamic level,,identify,Securing,,,,high,Review
ML-DYN-MF-F,CLIP-8C300341CAE2,Dynamics and articulation,DYN.LEVEL,Dynamic level,,identify,Foundation,,,,high,Review
ML-DYN-MF-D,CLIP-8C300341CAE2,Dynamics and articulation,DYN.LEVEL,Dynamic level,,identify,Developing,,,,high,Review
ML-DYN-MF-S,CLIP-8C300341CAE2,Dynamics and articulation,DYN.LEVEL,Dynamic level,,identify,Securing,,,,high,Review
ML-DYN-F-F,CLIP-2C473E2A2374,Dynamics and articulation,DYN.LEVEL,Dynamic level,,identify,Foundation,,,,high,Review
ML-DYN-F-D,CLIP-2C473E2A2374,Dynamics and articulation,DYN.LEVEL,Dynamic level,,identify,Developing,,,,high,Review
ML-DYN-F-S,CLIP-2C473E2A2374,Dynamics and articulation,DYN.LEVEL,Dynamic level,,identify,Securing,,,,high,Review
ML-DYN-FF-F,CLIP-8675F9F069EA,Dynamics and articulation,DYN.LEVEL,Dynamic level,,identify,Foundation,,,,high,Review
ML-DYN-FF-D,CLIP-8675F9F069EA,Dynamics and articulation,DYN.LEVEL,Dynamic level,,identify,Developing,,,,high,Review
ML-DYN-FF-S,CLIP-8675F9F069EA,Dynamics and articulation,DYN.LEVEL,Dynamic level,,identify,Securing,,,,high,Review
ML-DYN-CRESC-F,CLIP-FA9C44D4DC5C,Dynamics and articulation,DYN.CHANGE,Dynamic change,,identify,Foundation,,,,high,Review
ML-DYN-CRESC-D,CLIP-FA9C44D4DC5C,Dynamics and articulation,DYN.CHANGE,Dynamic change,,identify,Developing,,,,high,Review
ML-DYN-CRESC-S,CLIP-FA9C44D4DC5C,Dynamics and articulation,DYN.CHANGE,Dynamic change,,identify,Securing,,,,high,Review
ML-DYN-DIM-F,CLIP-4AC0793404E1,Dynamics and articulation,DYN.CHANGE,Dynamic change,,identify,Foundation,,,,high,Review
ML-DYN-DIM-D,CLIP-4AC0793404E1,Dynamics and articulation,DYN.CHANGE,Dynamic change,,identify,Developing,,,,high,Review
ML-DYN-DIM-S,CLIP-4AC0793404E1,Dynamics and articulation,DYN.CHANGE,Dynamic change,,identify,Securing,,,,high,Review
ML-ART-LEGATO-F,CLIP-31A7511F6462,Dynamics and articulation,ART.TYPE,Articulation,,identify,Foundation,,,,high,Review
ML-ART-LEGATO-D,CLIP-31A7511F6462,Dynamics and articulation,ART.TYPE,Articulation,,identify,Developing,,,,high,Review
ML-ART-LEGATO-S,CLIP-31A7511F6462,Dynamics and articulation,ART.TYPE,Articulation,,identify,Securing,,,,high,Review
ML-ART-STACCATO-F,CLIP-A0FBDCA2DBA5,Dynamics and articulation,ART.TYPE,Articulation,,identify,Foundation,,,,high,Review
ML-ART-STACCATO-D,CLIP-A0FBDCA2DBA5,Dynamics and articulation,ART.TYPE,Articulation,,identify,Developing,,,,high,Review
ML-ART-STACCATO-S,CLIP-A0FBDCA2DBA5,Dynamics and articulation,ART.TYPE,Articulation,,identify,Securing,,,,high,Review
ML-ART-ACCENT-D,CLIP-4F178EC27F1D,Dynamics and articulation,ART.TYPE,Articulation,,identify,Developing,,,,high,Review
ML-ART-ACCENT-S,CLIP-4F178EC27F1D,Dynamics and articulation,ART.TYPE,Articulation,,identify,Securing,,,,high,Review
ML-ART-SFZ-D,CLIP-D3E6D2DA99B4,Dynamics and articulation,ART.TYPE,Articulation,,identify,Developing,,,,high,Review
ML-ART-SFZ-S,CLIP-D3E6D2DA99B4,Dynamics and articulation,ART.TYPE,Articulation,,identify,Securing,,,,high,Review
ML-ORN-TRILL-D,CLIP-FBD796AAAAB1,Melody,MEL.ORNAMENT,Ornamentation,,identify,Developing,,,,high,Review
ML-ORN-TRILL-S,CLIP-FBD796AAAAB1,Melody,MEL.ORNAMENT,Ornamentation,,identify,Securing,,,,high,Review
ML-ORN-MORDENT-D,CLIP-749F5159F745,Melody,MEL.ORNAMENT,Ornamentation,,identify,Developing,,,,high,Review
ML-ORN-MORDENT-S,CLIP-749F5159F745,Melody,MEL.ORNAMENT,Ornamentation,,identify,Securing,,,,high,Review
ML-ORN-TURN-S,CLIP-A466E7F8A115,Melody,MEL.ORNAMENT,Ornamentation,,identify,Securing,,,,high,Review
ML-ORN-APPOG-S,CLIP-01411B21F136,Melody,MEL.ORNAMENT,Ornamentation,,identify,Securing,,,,high,Review
ML-ORN-ACCIA-S,CLIP-3CCCADF709D7,Melody,MEL.ORNAMENT,Ornamentation,,identify,Securing,,,,high,Review
ML-ORN-TRILL-NAME-F,CLIP-63DBD0A6AEA4,Melody,MEL.ORNAMENT,Ornamentation,NOT.SCORE_READING,identify,Foundation,,,,high,Review
ML-ORN-MORDENT-NAME-F,CLIP-AC7B189C967F,Melody,MEL.ORNAMENT,Ornamentation,NOT.SCORE_READING,identify,Foundation,,,,high,Review
ML-ORN-TURN-NAME-F,CLIP-F971B4282D92,Melody,MEL.ORNAMENT,Ornamentation,NOT.SCORE_READING,identify,Foundation,,,,high,Review
ML-ORN-APPOG-NAME-F,CLIP-1B813291C41E,Melody,MEL.ORNAMENT,Ornamentation,NOT.SCORE_READING,identify,Foundation,,,,high,Review
ML-ORN-ACCIA-NAME-F,CLIP-461EDB3CC7CE,Melody,MEL.ORNAMENT,Ornamentation,NOT.SCORE_READING,identify,Foundation,,,,high,Review
ML-ART-TENUTO-F,CLIP-EAB18C4D0B11,Dynamics and articulation,ART.TYPE,Articulation,,identify,Foundation,,,,high,Review
ML-ART-TENUTO-D,CLIP-EAB18C4D0B11,Dynamics and articulation,ART.TYPE,Articulation,,identify,Developing,,,,high,Review
ML-ART-TENUTO-S,CLIP-EAB18C4D0B11,Dynamics and articulation,ART.TYPE,Articulation,,identify,Securing,,,,high,Review
ML-ART-MARCATO-F,CLIP-6473A47197E9,Dynamics and articulation,ART.TYPE,Articulation,,identify,Foundation,,,,high,Review
ML-ART-MARCATO-D,CLIP-6473A47197E9,Dynamics and articulation,ART.TYPE,Articulation,,identify,Developing,,,,high,Review
ML-ART-MARCATO-S,CLIP-6473A47197E9,Dynamics and articulation,ART.TYPE,Articulation,,identify,Securing,,,,high,Review
ML-TEM-GRAVE-F,CLIP-321BBF43DFE9,Meter and rhythm,RHY.TEMPO,Tempo,,identify,Foundation,,,,high,Review
ML-TEM-GRAVE-D,CLIP-321BBF43DFE9,Meter and rhythm,RHY.TEMPO,Tempo,,identify,Developing,,,,high,Review
ML-TEM-GRAVE-S,CLIP-321BBF43DFE9,Meter and rhythm,RHY.TEMPO,Tempo,,identify,Securing,,,,high,Review
ML-TEM-LENTO-F,CLIP-7BD245542D39,Meter and rhythm,RHY.TEMPO,Tempo,,identify,Foundation,,,,high,Review
ML-TEM-LENTO-D,CLIP-7BD245542D39,Meter and rhythm,RHY.TEMPO,Tempo,,identify,Developing,,,,high,Review
ML-TEM-LENTO-S,CLIP-7BD245542D39,Meter and rhythm,RHY.TEMPO,Tempo,,identify,Securing,,,,high,Review
ML-ORN-PAUSE-F,CLIP-AE30B525C63D,Melody,MEL.ORNAMENT,Ornamentation,,identify,Foundation,,,,medium,Review
ML-ORN-PAUSE-D,CLIP-AE30B525C63D,Melody,MEL.ORNAMENT,Ornamentation,,identify,Developing,,,,medium,Review
ML-ORN-PAUSE-S,CLIP-AE30B525C63D,Melody,MEL.ORNAMENT,Ornamentation,,identify,Securing,,,,medium,Review
