question_id,concept_code,element,subskill,level,level_order,introduced_at_level,question_type,marks,shuffle_options,term,symbol_display,term_type,meaning,cie_status,cie_requirement,cambridge_source_page,source_url,prompt,options,correct_answer,accepted_answers,mark_scheme,feedback,common_confusions,visual_asset,visual_kind,requires_score_context,score_context_template,audio_required,eligible_modes,progress_skill_code,teacher_tags,status,notes,audio_file,force_text_options
SS-BINARY-F,STR-BINARY,Classical Forms,whole-piece-forms,Foundation,1,Foundation,multiple_choice,1,Yes,binary form,,whole_form,"a structure in two contrasting sections, A and B, usually each repeated",explicit,Recognise and describe standard musical structures/forms.,12,https://www.cambridgeinternational.org/Images/694052-2026-2028-syllabus.pdf,Which of these best represents binary form?,A – B | A – B – A | A – B – C | A – B – A – C,A – B,A – B,A – B. (1),"Correct — binary form has two sections, A and B, often each repeated (AABB), with B usually moving away from and then back toward the home key.",ternary|strophic,,text,No,,Yes,structure-spotter | practice-mode | progress-mode | teacher-mode | exam-lab,SS-FORM,structure-spotter | classical | foundation,active,,audio/SS-BINARY.mp3,
SS-BINARY-D,STR-BINARY,Classical Forms,whole-piece-forms,Developing,2,Foundation,multiple_choice_reverse,1,Yes,binary form,A – B,whole_form,"a structure in two contrasting sections, A and B, usually each repeated",explicit,Recognise and describe standard musical structures/forms.,12,https://www.cambridgeinternational.org/Images/694052-2026-2028-syllabus.pdf,Which structure or form is this?,Binary form | Ternary form | Rondo form | Theme and variations,binary form,binary form,binary form. (1),"Correct — two sections only, A then B, is binary form.",ternary|strophic,,pattern,No,,Yes,structure-spotter | practice-mode | progress-mode | teacher-mode | exam-lab,SS-FORM,structure-spotter | classical | developing,active,,audio/SS-BINARY.mp3,
SS-BINARY-S,STR-BINARY,Classical Forms,whole-piece-forms,Securing,3,Foundation,short_answer,1,No,binary form,A – B,whole_form,"a structure in two contrasting sections, A and B, usually each repeated",explicit,Recognise and describe standard musical structures/forms.,12,https://www.cambridgeinternational.org/Images/694052-2026-2028-syllabus.pdf,Describe this structure — what is it called?,,binary,binary|binary form|bianry|binery,1 mark for the correct term: binary.,"Binary form: two contrasting sections (A, B), each often repeated, common in Baroque dance movements.",ternary|strophic,,pattern,No,,Yes,structure-spotter | practice-mode | progress-mode | teacher-mode | exam-lab,SS-FORM,structure-spotter | classical | securing,active,,audio/SS-BINARY.mp3,
SS-BINARY-M,STR-BINARY,Classical Forms,whole-piece-forms,Mastering,4,Foundation,exam_style_short_answer,2,No,binary form,,whole_form,"a structure in two contrasting sections, A and B, usually each repeated",explicit,Recognise and describe standard musical structures/forms.,12,https://www.cambridgeinternational.org/Images/694052-2026-2028-syllabus.pdf,"Many Baroque dance movements (e.g. in a suite) are in binary form. Name ONE way the B section is typically related to the A section, and describe what happens harmonically at the end of the A section.",,B section develops/varies ideas from A; A section usually ends with a modulation to a related key (e.g. the dominant).,develops ideas from a|modulates to the dominant|related key,"1 mark for a valid relationship between A and B (e.g. B uses similar material, or contrasts in key); 1 mark for correctly describing the A section's harmonic goal (modulates away from the tonic, often to the dominant).","In binary form, the A section usually modulates away from the home key (often to the dominant), and B works with related material before the music returns home.",ternary|strophic,,text,No,,No,structure-spotter | practice-mode | progress-mode | teacher-mode | exam-lab,SS-FORM,structure-spotter | classical | mastering,dropped,,,
SS-TERNARY-F,STR-TERNARY,Classical Forms,whole-piece-forms,Foundation,1,Foundation,multiple_choice,1,Yes,ternary form,,whole_form,"a structure in three sections, where the third repeats or restates the first (A B A)",explicit,Recognise and describe standard musical structures/forms.,12,https://www.cambridgeinternational.org/Images/694052-2026-2028-syllabus.pdf,Which of these best represents ternary form?,A – B | A – B – A | A – B – C – A | A – A – A,A – B – A,A – B – A,A – B – A. (1),"Correct — ternary form is A B A: an opening section, a contrasting middle section, then a return of the opening.",binary|rondo|minuet and trio,,text,No,,Yes,structure-spotter | practice-mode | progress-mode | teacher-mode | exam-lab,SS-FORM,structure-spotter | classical | foundation,active,,audio/SS-TERNARY.mp3,
SS-TERNARY-D,STR-TERNARY,Classical Forms,whole-piece-forms,Developing,2,Foundation,multiple_choice_reverse,1,Yes,ternary form,A – B – A,whole_form,"a structure in three sections, where the third repeats or restates the first (A B A)",explicit,Recognise and describe standard musical structures/forms.,12,https://www.cambridgeinternational.org/Images/694052-2026-2028-syllabus.pdf,Which structure or form is this?,Ternary form | Binary form | Rondo form | Through-composed,ternary form,ternary form,ternary form. (1),"Correct — an opening idea, a contrasting middle, then the opening idea returning, is ternary form.",binary|rondo|minuet and trio,,pattern,No,,Yes,structure-spotter | practice-mode | progress-mode | teacher-mode | exam-lab,SS-FORM,structure-spotter | classical | developing,active,,audio/SS-TERNARY.mp3,
SS-TERNARY-S,STR-TERNARY,Classical Forms,whole-piece-forms,Securing,3,Foundation,short_answer,1,No,ternary form,A – B – A,whole_form,"a structure in three sections, where the third repeats or restates the first (A B A)",explicit,Recognise and describe standard musical structures/forms.,12,https://www.cambridgeinternational.org/Images/694052-2026-2028-syllabus.pdf,Describe this structure — what is it called?,,ternary,ternary|ternary form|trinary,1 mark for the correct term: ternary.,"Ternary form: three sections, A B A — the closing A can be an exact repeat or a varied return.",binary|rondo|minuet and trio,,pattern,No,,Yes,structure-spotter | practice-mode | progress-mode | teacher-mode | exam-lab,SS-FORM,structure-spotter | classical | securing,active,,audio/SS-TERNARY.mp3,
SS-TERNARY-M,STR-TERNARY,Classical Forms,whole-piece-forms,Mastering,4,Foundation,exam_style_short_answer,2,No,ternary form,,whole_form,"a structure in three sections, where the third repeats or restates the first (A B A)",explicit,Recognise and describe standard musical structures/forms.,12,https://www.cambridgeinternational.org/Images/694052-2026-2028-syllabus.pdf,"Ternary form (A B A) is used across many genres and eras. Describe ONE way the returning A section might differ from the opening A section, and explain why a composer might choose to vary it rather than repeat it exactly.",,"The return may be varied/ornamented, in a different register, or reorchestrated; composers vary it to avoid monotony or to bring the material to a satisfying conclusion.",varied|ornamented|different instrumentation|avoid repetition being dull,"1 mark for a valid way the return can differ (varied, ornamented, reorchestrated, extended); 1 mark for a valid musical reason (keeps interest, provides new perspective on the material, allows a satisfying close).",A varied return (sometimes called A′) keeps ternary form's recognisable shape while avoiding a note-for-note repeat feeling static.,binary|rondo|minuet and trio,,text,No,,No,structure-spotter | practice-mode | progress-mode | teacher-mode | exam-lab,SS-FORM,structure-spotter | classical | mastering,dropped,,,
SS-MINUET-F,STR-MINUET,Classical Forms,whole-piece-forms,Foundation,1,Foundation,multiple_choice,1,Yes,minuet and trio,,whole_form,"a Classical-era dance movement in triple time: a minuet, then a contrasting trio (often with fewer instruments), then the minuet repeats",explicit,Recognise and describe standard musical structures/forms.,12,https://www.cambridgeinternational.org/Images/694052-2026-2028-syllabus.pdf,Which of these best represents minuet and trio?,Minuet – Trio – Minuet | Minuet – Minuet – Trio | Trio – Minuet – Trio | Minuet – Trio – Coda,Minuet – Trio – Minuet,Minuet – Trio – Minuet,Minuet – Trio – Minuet. (1),"Correct — minuet and trio is a real-world example of ternary form: Minuet, then a contrasting Trio (traditionally scored for fewer players), then the Minuet returns.",ternary|scherzo,,text,No,,Yes,structure-spotter | practice-mode | progress-mode | teacher-mode | exam-lab,SS-FORM,structure-spotter | classical | foundation,active,,audio/SS-MINUET-TRIO.mp3,
SS-MINUET-D,STR-MINUET,Classical Forms,whole-piece-forms,Developing,2,Foundation,multiple_choice_reverse,1,Yes,minuet and trio,Minuet – Trio – Minuet,whole_form,"a Classical-era dance movement in triple time: a minuet, then a contrasting trio (often with fewer instruments), then the minuet repeats",explicit,Recognise and describe standard musical structures/forms.,12,https://www.cambridgeinternational.org/Images/694052-2026-2028-syllabus.pdf,Which structure or form is this?,Minuet and trio | Rondo form | Theme and variations | Ternary form,minuet and trio,minuet and trio,minuet and trio. (1),Correct — a stately triple-time dance movement returning after a contrasting trio section is minuet and trio.,ternary|scherzo,,pattern,No,,Yes,structure-spotter | practice-mode | progress-mode | teacher-mode | exam-lab,SS-FORM,structure-spotter | classical | developing,active,,audio/SS-MINUET-TRIO.mp3,
SS-MINUET-S,STR-MINUET,Classical Forms,whole-piece-forms,Securing,3,Foundation,short_answer,1,No,minuet and trio,Minuet – Trio – Minuet,whole_form,"a Classical-era dance movement in triple time: a minuet, then a contrasting trio (often with fewer instruments), then the minuet repeats",explicit,Recognise and describe standard musical structures/forms.,12,https://www.cambridgeinternational.org/Images/694052-2026-2028-syllabus.pdf,Describe this structure — what is it called?,,minuet and trio,minuet and trio|minuet & trio|minuet-trio-minuet,1 mark for the correct term: minuet and trio.,"Minuet and trio: a triple-metre Classical dance form, often the third movement of a symphony or quartet.",ternary|scherzo,,pattern,No,,Yes,structure-spotter | practice-mode | progress-mode | teacher-mode | exam-lab,SS-FORM,structure-spotter | classical | securing,active,,audio/SS-MINUET-TRIO.mp3,
SS-MINUET-M,STR-MINUET,Classical Forms,whole-piece-forms,Mastering,4,Foundation,exam_style_short_answer,2,No,minuet and trio,,whole_form,"a Classical-era dance movement in triple time: a minuet, then a contrasting trio (often with fewer instruments), then the minuet repeats",explicit,Recognise and describe standard musical structures/forms.,12,https://www.cambridgeinternational.org/Images/694052-2026-2028-syllabus.pdf,"Minuet and trio movements are almost always in triple metre. Name the metre you would expect, and describe ONE typical difference in texture or scoring between the minuet and the trio sections.",,Triple (usually 3/4); the trio is often more lightly scored (fewer instruments/simpler texture) than the minuet.,3/4|simple triple|lighter texture|fewer instruments,1 mark for identifying triple metre (3/4); 1 mark for a valid textural/scoring contrast between minuet and trio.,"Minuet and trio movements are conventionally in 3/4, with the trio often lighter in texture — historically sometimes played by just three instruments, hence the name.",ternary|scherzo,,text,No,,No,structure-spotter | practice-mode | progress-mode | teacher-mode | exam-lab,SS-FORM,structure-spotter | classical | mastering,dropped,,,
SS-RONDO-F,STR-RONDO,Classical Forms,whole-piece-forms,Foundation,1,Foundation,multiple_choice,1,Yes,rondo form,,whole_form,"a structure where a main theme (A) keeps returning between contrasting episodes (B, C, etc.)",explicit,Recognise and describe standard musical structures/forms.,12,https://www.cambridgeinternational.org/Images/694052-2026-2028-syllabus.pdf,Which of these best represents rondo form?,A – B – A – C – A | A – B – A | A – B – C – D | A – A – A – A,A – B – A – C – A,A – B – A – C – A,A – B – A – C – A. (1),"Correct — rondo form keeps returning to its main theme (A) between different contrasting episodes (B, C…).",ritornello form|theme and variations,,text,No,,Yes,structure-spotter | practice-mode | progress-mode | teacher-mode | exam-lab,SS-FORM,structure-spotter | classical | foundation,active,,audio/SS-RONDO.mp3,
SS-RONDO-D,STR-RONDO,Classical Forms,whole-piece-forms,Developing,2,Foundation,multiple_choice_reverse,1,Yes,rondo form,A – B – A – C – A,whole_form,"a structure where a main theme (A) keeps returning between contrasting episodes (B, C, etc.)",explicit,Recognise and describe standard musical structures/forms.,12,https://www.cambridgeinternational.org/Images/694052-2026-2028-syllabus.pdf,Which structure or form is this?,Rondo form | Ternary form | Theme and variations | Strophic,rondo form,rondo form,rondo form. (1),Correct — a recurring main theme separated by different contrasting episodes is rondo form.,ritornello form|theme and variations,,pattern,No,,Yes,structure-spotter | practice-mode | progress-mode | teacher-mode | exam-lab,SS-FORM,structure-spotter | classical | developing,active,,audio/SS-RONDO.mp3,
SS-RONDO-S,STR-RONDO,Classical Forms,whole-piece-forms,Securing,3,Foundation,short_answer,1,No,rondo form,A – B – A – C – A,whole_form,"a structure where a main theme (A) keeps returning between contrasting episodes (B, C, etc.)",explicit,Recognise and describe standard musical structures/forms.,12,https://www.cambridgeinternational.org/Images/694052-2026-2028-syllabus.pdf,Describe this structure — what is it called?,,rondo,rondo|rondo form|rondeau,1 mark for the correct term: rondo.,"Rondo form: a recurring 'A' theme alternates with contrasting episodes (B, C, etc.), e.g. A B A C A.",ritornello form|theme and variations,,pattern,No,,Yes,structure-spotter | practice-mode | progress-mode | teacher-mode | exam-lab,SS-FORM,structure-spotter | classical | securing,active,,audio/SS-RONDO.mp3,
SS-RONDO-M,STR-RONDO,Classical Forms,whole-piece-forms,Mastering,4,Foundation,exam_style_short_answer,2,No,rondo form,,whole_form,"a structure where a main theme (A) keeps returning between contrasting episodes (B, C, etc.)",explicit,Recognise and describe standard musical structures/forms.,12,https://www.cambridgeinternational.org/Images/694052-2026-2028-syllabus.pdf,Rondo form and ritornello form both involve a recurring idea separated by contrasting sections. Explain ONE key difference between them.,,"In rondo form the main theme (A) usually returns complete and unchanged in the home key each time; in ritornello form the ritornello often returns only partially or in different keys between episodes, and is typically for a full ensemble contrasted with soloist(s) in the episodes.",ritornello returns partially|different keys|solo vs tutti contrast|concerto texture,1 mark for a valid structural difference (e.g. ritornello returns can be partial/in different keys vs rondo's fuller returns); 1 mark for a valid textural/genre difference (ritornello form is associated with Baroque concertos and a solo/tutti contrast).,"Rondo form is common in Classical-era finales; ritornello form is the Baroque concerto's own version of the same 'returning idea' principle, but built around alternating soloist and full ensemble.",ritornello form|theme and variations,,text,No,,No,structure-spotter | practice-mode | progress-mode | teacher-mode | exam-lab,SS-FORM,structure-spotter | classical | mastering,dropped,,,
SS-RITORNELLO-F,STR-RITORNELLO,Classical Forms,whole-piece-forms,Foundation,1,Foundation,multiple_choice,1,Yes,ritornello form,,whole_form,a Baroque concerto structure where a recurring tutti passage (the ritornello) alternates with solo episodes,explicit,Recognise and describe standard musical structures/forms.,12,https://www.cambridgeinternational.org/Images/694052-2026-2028-syllabus.pdf,Which of these best represents ritornello form?,Ritornello – Episode – Ritornello – Episode – Ritornello | A – B – A | Episode – Ritornello – Episode | Ritornello – Ritornello – Episode,Ritornello – Episode – Ritornello – Episode – Ritornello,Ritornello – Episode – Ritornello – Episode – Ritornello,Ritornello – Episode – Ritornello – Episode – Ritornello. (1),"Correct — ritornello form alternates a returning full-ensemble passage (the ritornello) with contrasting solo episodes, typical of Baroque concertos such as Vivaldi's.",rondo form|episode,,text,No,,Yes,structure-spotter | practice-mode | progress-mode | teacher-mode | exam-lab,SS-FORM,structure-spotter | classical | foundation,active,,audio/SS-RITORNELLO.mp3,
SS-RITORNELLO-D,STR-RITORNELLO,Classical Forms,whole-piece-forms,Developing,2,Foundation,multiple_choice_reverse,1,Yes,ritornello form,Ritornello – Episode – Ritornello – Episode – Ritornello,whole_form,a Baroque concerto structure where a recurring tutti passage (the ritornello) alternates with solo episodes,explicit,Recognise and describe standard musical structures/forms.,12,https://www.cambridgeinternational.org/Images/694052-2026-2028-syllabus.pdf,Which structure or form is this?,Ritornello form | Rondo form | Binary form | Sonata form,ritornello form,ritornello form,ritornello form. (1),Correct — a recurring tutti passage alternating with solo episodes is ritornello form.,rondo form|episode,,pattern,No,,Yes,structure-spotter | practice-mode | progress-mode | teacher-mode | exam-lab,SS-FORM,structure-spotter | classical | developing,active,,audio/SS-RITORNELLO.mp3,
SS-RITORNELLO-S,STR-RITORNELLO,Classical Forms,whole-piece-forms,Securing,3,Foundation,short_answer,1,No,ritornello form,Ritornello – Episode – Ritornello – Episode – Ritornello,whole_form,a Baroque concerto structure where a recurring tutti passage (the ritornello) alternates with solo episodes,explicit,Recognise and describe standard musical structures/forms.,12,https://www.cambridgeinternational.org/Images/694052-2026-2028-syllabus.pdf,Describe this structure — what is it called?,,ritornello form,ritornello form|ritornello|retornello,1 mark for the correct term: ritornello form.,"Ritornello form: the structure of a Baroque concerto movement, alternating tutti ritornellos with solo episodes.",rondo form|episode,,pattern,No,,Yes,structure-spotter | practice-mode | progress-mode | teacher-mode | exam-lab,SS-FORM,structure-spotter | classical | securing,active,,audio/SS-RITORNELLO.mp3,
SS-RITORNELLO-M,STR-RITORNELLO,Classical Forms,whole-piece-forms,Mastering,4,Foundation,exam_style_short_answer,2,No,ritornello form,,whole_form,a Baroque concerto structure where a recurring tutti passage (the ritornello) alternates with solo episodes,explicit,Recognise and describe standard musical structures/forms.,12,https://www.cambridgeinternational.org/Images/694052-2026-2028-syllabus.pdf,"Vivaldi's Spring (Violin Concerto in E major, from The Four Seasons) uses ritornello form. Describe what happens musically each time the ritornello returns, and state which group of performers usually plays it.",,"The ritornello returns, sometimes shortened or in a different key, framing the movement; it is played by the full ensemble/orchestra (tutti), contrasted with the solo violin in the episodes.",tutti|full orchestra|shortened return|different key,"1 mark for describing the ritornello's return (may be shortened/varied/in a new key); 1 mark for correctly identifying it as the tutti/full-ensemble music, contrasted with the soloist's episodes.","In Vivaldi's Spring, the opening ritornello returns several times — sometimes complete, sometimes just a fragment — played by the full string orchestra, while the solo violin has its own episodes in between.",rondo form|episode,,text,No,,No,structure-spotter | practice-mode | progress-mode | teacher-mode | exam-lab,SS-FORM,structure-spotter | classical | mastering,dropped,,,
SS-THEMEVAR-F,STR-THEMEVAR,Classical Forms,whole-piece-forms,Foundation,1,Foundation,multiple_choice,1,Yes,theme and variations,,whole_form,"a structure that states a theme, then repeats it several times with the melody, harmony, rhythm or texture changed each time",explicit,Recognise and describe standard musical structures/forms.,12,https://www.cambridgeinternational.org/Images/694052-2026-2028-syllabus.pdf,Which of these best represents theme and variations?,Theme – Variation 1 – Variation 2 – Variation 3… | A – B – A – C – A | A – B | Theme – Theme – Theme,Theme – Variation 1 – Variation 2 – Variation 3…,Theme – Variation 1 – Variation 2 – Variation 3…,Theme – Variation 1 – Variation 2 – Variation 3…. (1),"Correct — theme and variations states a melody, then reworks it repeatedly — changing rhythm, harmony, key, texture or ornamentation each time while keeping it recognisable.",rondo form|ground bass,,text,No,,Yes,structure-spotter | practice-mode | progress-mode | teacher-mode | exam-lab,SS-FORM,structure-spotter | classical | foundation,active,,audio/SS-THEME-VARIATIONS.mp3,
SS-THEMEVAR-D,STR-THEMEVAR,Classical Forms,whole-piece-forms,Developing,2,Foundation,multiple_choice_reverse,1,Yes,theme and variations,Theme – Variation 1 – Variation 2 – Variation 3…,whole_form,"a structure that states a theme, then repeats it several times with the melody, harmony, rhythm or texture changed each time",explicit,Recognise and describe standard musical structures/forms.,12,https://www.cambridgeinternational.org/Images/694052-2026-2028-syllabus.pdf,Which structure or form is this?,Theme and variations | Rondo form | Strophic | Through-composed,theme and variations,theme and variations,theme and variations. (1),Correct — a theme followed by a series of reworkings of it is theme and variations.,rondo form|ground bass,,pattern,No,,Yes,structure-spotter | practice-mode | progress-mode | teacher-mode | exam-lab,SS-FORM,structure-spotter | classical | developing,active,,audio/SS-THEME-VARIATIONS.mp3,
SS-THEMEVAR-S,STR-THEMEVAR,Classical Forms,whole-piece-forms,Securing,3,Foundation,short_answer,1,No,theme and variations,Theme – Variation 1 – Variation 2 – Variation 3…,whole_form,"a structure that states a theme, then repeats it several times with the melody, harmony, rhythm or texture changed each time",explicit,Recognise and describe standard musical structures/forms.,12,https://www.cambridgeinternational.org/Images/694052-2026-2028-syllabus.pdf,Describe this structure — what is it called?,,theme and variations,theme and variations|theme & variations|variation form,1 mark for the correct term: theme and variations.,"Theme and variations: a theme is stated, then varied repeatedly (rhythm, harmony, texture, ornamentation, etc.).",rondo form|ground bass,,pattern,No,,Yes,structure-spotter | practice-mode | progress-mode | teacher-mode | exam-lab,SS-FORM,structure-spotter | classical | securing,active,,audio/SS-THEME-VARIATIONS.mp3,
SS-THEMEVAR-M,STR-THEMEVAR,Classical Forms,whole-piece-forms,Mastering,4,Foundation,exam_style_short_answer,2,No,theme and variations,,whole_form,"a structure that states a theme, then repeats it several times with the melody, harmony, rhythm or texture changed each time",explicit,Recognise and describe standard musical structures/forms.,12,https://www.cambridgeinternational.org/Images/694052-2026-2028-syllabus.pdf,"Bach's Goldberg Variations, BWV 988, is a large-scale theme and variations built on the Aria's 32-bar harmonic bass line. Name TWO different musical elements a variation could change while keeping that underlying structure recognisable.",,"Any two of: melody, rhythm, key/mode (major/minor), tempo, texture, ornamentation, instrumentation.",melody|rhythm|key|mode|tempo|texture|ornamentation,"1 mark for each valid element that can be varied (max 2): melody, rhythm, key/mode, tempo, texture, or ornamentation.","In the Goldberg Variations, each variation keeps the same underlying harmonic/bass pattern but freely varies melody, rhythm, key (some variations shift to minor), tempo, texture and ornamentation.",rondo form|ground bass,,text,No,,No,structure-spotter | practice-mode | progress-mode | teacher-mode | exam-lab,SS-FORM,structure-spotter | classical | mastering,dropped,,,
SS-SONATA-F,STR-SONATA,Classical Forms,whole-piece-forms,Foundation,1,Foundation,multiple_choice,1,Yes,sonata form,,whole_form,"a large-scale Classical-era structure in three main stages: exposition (themes presented), development (themes reworked/explored), recapitulation (themes return in the home key)",explicit,Recognise and describe standard musical structures/forms.,12,https://www.cambridgeinternational.org/Images/694052-2026-2028-syllabus.pdf,Which of these best represents sonata form?,Exposition – Development – Recapitulation | A – B – A – C – A | Theme – Variation 1 – Variation 2 | Ritornello – Episode – Ritornello,Exposition – Development – Recapitulation,Exposition – Development – Recapitulation,Exposition – Development – Recapitulation. (1),"Correct — sonata form has three main stages: an exposition presenting the main themes, a development exploring/reworking them, and a recapitulation bringing them back in the home key.",ternary|rondo form,,text,No,,Yes,structure-spotter | practice-mode | progress-mode | teacher-mode | exam-lab,SS-FORM,structure-spotter | classical | foundation,active,,audio/SS-SONATA-FORM.mp3,
SS-SONATA-D,STR-SONATA,Classical Forms,whole-piece-forms,Developing,2,Foundation,multiple_choice_reverse,1,Yes,sonata form,Exposition – Development – Recapitulation,whole_form,"a large-scale Classical-era structure in three main stages: exposition (themes presented), development (themes reworked/explored), recapitulation (themes return in the home key)",explicit,Recognise and describe standard musical structures/forms.,12,https://www.cambridgeinternational.org/Images/694052-2026-2028-syllabus.pdf,Which structure or form is this?,Sonata form | Rondo form | Ternary form | Ritornello form,sonata form,sonata form,sonata form. (1),"Correct — themes presented, then developed, then recapitulated in the home key, is sonata form.",ternary|rondo form,,pattern,No,,Yes,structure-spotter | practice-mode | progress-mode | teacher-mode | exam-lab,SS-FORM,structure-spotter | classical | developing,active,,audio/SS-SONATA-FORM.mp3,
SS-SONATA-S,STR-SONATA,Classical Forms,whole-piece-forms,Securing,3,Foundation,short_answer,1,No,sonata form,Exposition – Development – Recapitulation,whole_form,"a large-scale Classical-era structure in three main stages: exposition (themes presented), development (themes reworked/explored), recapitulation (themes return in the home key)",explicit,Recognise and describe standard musical structures/forms.,12,https://www.cambridgeinternational.org/Images/694052-2026-2028-syllabus.pdf,Describe this structure — what is it called?,,sonata form,sonata form|sonata-allegro form,1 mark for the correct term: sonata form.,"Sonata form: Exposition (themes presented) → Development (themes reworked) → Recapitulation (themes return in the tonic), often with a coda.",ternary|rondo form,,pattern,No,,Yes,structure-spotter | practice-mode | progress-mode | teacher-mode | exam-lab,SS-FORM,structure-spotter | classical | securing,active,,audio/SS-SONATA-FORM.mp3,
SS-SONATA-M,STR-SONATA,Classical Forms,whole-piece-forms,Mastering,4,Foundation,exam_style_short_answer,2,No,sonata form,,whole_form,"a large-scale Classical-era structure in three main stages: exposition (themes presented), development (themes reworked/explored), recapitulation (themes return in the home key)",explicit,Recognise and describe standard musical structures/forms.,12,https://www.cambridgeinternational.org/Images/694052-2026-2028-syllabus.pdf,"In a Classical-era sonata-form exposition, the first subject and second subject are normally in different keys. Name the usual key relationship between them, and state what typically happens to that key relationship when the same material returns in the recapitulation.",,"The second subject is usually in the dominant (or relative major, if the first subject is in minor); in the recapitulation, the second subject normally returns in the tonic (same key as the first subject).",dominant key|relative major|both in tonic on return|home key,"1 mark for correctly stating the exposition's key relationship (second subject in the dominant, or relative major from a minor tonic); 1 mark for correctly stating that both subjects return in the tonic in the recapitulation.","The exposition's move away from the tonic (to the dominant, or relative major) creates harmonic tension that the recapitulation resolves by bringing the second subject back in the tonic — the large-scale 'story' sonata form tells.",ternary|rondo form,,text,No,,No,structure-spotter | practice-mode | progress-mode | teacher-mode | exam-lab,SS-FORM,structure-spotter | classical | mastering,dropped,,,
SS-STROPHIC-F,STR-STROPHIC,Classical Forms,whole-piece-forms,Foundation,1,Foundation,multiple_choice,1,Yes,strophic form,,whole_form,a song structure where every verse of the text is set to the same repeated melody and accompaniment,explicit,Recognise and describe standard musical structures/forms.,12,https://www.cambridgeinternational.org/Images/694052-2026-2028-syllabus.pdf,Which of these best represents strophic form?,A – A – A – A | A – B – C – D | A – B – A | A – B,A – A – A – A,A – A – A – A,A – A – A – A. (1),"Correct — strophic form repeats exactly the same music for every verse of the text, so the melody never changes even though the words do.",through-composed|verse,,text,No,,Yes,structure-spotter | practice-mode | progress-mode | teacher-mode | exam-lab,SS-FORM,structure-spotter | classical | foundation,active,,audio/SS-STROPHIC.mp3,
SS-STROPHIC-D,STR-STROPHIC,Classical Forms,whole-piece-forms,Developing,2,Foundation,multiple_choice_reverse,1,Yes,strophic form,A – A – A – A,whole_form,a song structure where every verse of the text is set to the same repeated melody and accompaniment,explicit,Recognise and describe standard musical structures/forms.,12,https://www.cambridgeinternational.org/Images/694052-2026-2028-syllabus.pdf,Which structure or form is this?,Strophic form | Through-composed | Theme and variations | Rondo form,strophic form,strophic form,strophic form. (1),Correct — the same melody repeating for every new verse of text is strophic form.,through-composed|verse,,pattern,No,,Yes,structure-spotter | practice-mode | progress-mode | teacher-mode | exam-lab,SS-FORM,structure-spotter | classical | developing,active,,audio/SS-STROPHIC.mp3,
SS-STROPHIC-S,STR-STROPHIC,Classical Forms,whole-piece-forms,Securing,3,Foundation,short_answer,1,No,strophic form,A – A – A – A,whole_form,a song structure where every verse of the text is set to the same repeated melody and accompaniment,explicit,Recognise and describe standard musical structures/forms.,12,https://www.cambridgeinternational.org/Images/694052-2026-2028-syllabus.pdf,Describe this structure — what is it called?,,strophic,strophic|strophic form,1 mark for the correct term: strophic.,Strophic form: each verse is set to identical (or near-identical) music — common in folk songs and hymns.,through-composed|verse,,pattern,No,,Yes,structure-spotter | practice-mode | progress-mode | teacher-mode | exam-lab,SS-FORM,structure-spotter | classical | securing,active,,audio/SS-STROPHIC.mp3,
SS-STROPHIC-M,STR-STROPHIC,Classical Forms,whole-piece-forms,Mastering,4,Foundation,exam_style_short_answer,2,No,strophic form,,whole_form,a song structure where every verse of the text is set to the same repeated melody and accompaniment,explicit,Recognise and describe standard musical structures/forms.,12,https://www.cambridgeinternational.org/Images/694052-2026-2028-syllabus.pdf,"Art songs (Lieder) are often either strophic or through-composed. Explain why a composer might choose strophic form for a poem with a simple, repeating emotional mood, and why they might avoid it for a poem whose narrative changes dramatically.",,"Strophic form suits a simple, unchanging mood because one melody/accompaniment can represent every verse naturally; a dramatically changing narrative needs music that can change to match each new idea or emotion, which strophic form (same music each time) cannot easily do.",mood stays the same|music cannot reflect changing narrative|repetition suits simple text,"1 mark for a valid reason strophic form suits a simple/repeating mood (efficient, reinforces unity, suits folk-like or hymn-like texts); 1 mark for a valid reason it's unsuited to a changing narrative (same music can't reflect changing events/emotions verse to verse).","Schubert's Winterreise and similar song cycles mix strophic songs (for simpler, unified texts) with through-composed ones (where the story's twists need constantly changing music).",through-composed|verse,,text,No,,No,structure-spotter | practice-mode | progress-mode | teacher-mode | exam-lab,SS-FORM,structure-spotter | classical | mastering,dropped,,,
SS-THRUCOMP-F,STR-THRUCOMP,Classical Forms,whole-piece-forms,Foundation,1,Foundation,multiple_choice,1,Yes,through-composed form,,whole_form,"a song structure where the music continually changes and never repeats, responding freely to the developing text",explicit,Recognise and describe standard musical structures/forms.,12,https://www.cambridgeinternational.org/Images/694052-2026-2028-syllabus.pdf,Which of these best represents through-composed form?,A – B – C – D | A – A – A – A | A – B – A | A – B,A – B – C – D,A – B – C – D,A – B – C – D. (1),"Correct — through-composed music keeps changing rather than repeating, so it can follow every twist of a developing story or text.",strophic|sonata form,,text,No,,Yes,structure-spotter | practice-mode | progress-mode | teacher-mode | exam-lab,SS-FORM,structure-spotter | classical | foundation,active,,audio/SS-THROUGH-COMPOSED.mp3,
SS-THRUCOMP-D,STR-THRUCOMP,Classical Forms,whole-piece-forms,Developing,2,Foundation,multiple_choice_reverse,1,Yes,through-composed form,A – B – C – D,whole_form,"a song structure where the music continually changes and never repeats, responding freely to the developing text",explicit,Recognise and describe standard musical structures/forms.,12,https://www.cambridgeinternational.org/Images/694052-2026-2028-syllabus.pdf,Which structure or form is this?,Through-composed | Strophic form | Ternary form | Binary form,through-composed form,through-composed form,through-composed form. (1),Correct — continuously new music that never repeats a previous section is through-composed.,strophic|sonata form,,pattern,No,,Yes,structure-spotter | practice-mode | progress-mode | teacher-mode | exam-lab,SS-FORM,structure-spotter | classical | developing,active,,audio/SS-THROUGH-COMPOSED.mp3,
SS-THRUCOMP-S,STR-THRUCOMP,Classical Forms,whole-piece-forms,Securing,3,Foundation,short_answer,1,No,through-composed form,A – B – C – D,whole_form,"a song structure where the music continually changes and never repeats, responding freely to the developing text",explicit,Recognise and describe standard musical structures/forms.,12,https://www.cambridgeinternational.org/Images/694052-2026-2028-syllabus.pdf,Describe this structure — what is it called?,,through-composed,through-composed|through composed|durchkomponiert,1 mark for the correct term: through-composed.,"Through-composed: the music is continuously new throughout, not built from repeated sections — common in art songs with a developing narrative.",strophic|sonata form,,pattern,No,,Yes,structure-spotter | practice-mode | progress-mode | teacher-mode | exam-lab,SS-FORM,structure-spotter | classical | securing,active,,audio/SS-THROUGH-COMPOSED.mp3,
SS-THRUCOMP-M,STR-THRUCOMP,Classical Forms,whole-piece-forms,Mastering,4,Foundation,exam_style_short_answer,2,No,through-composed form,,whole_form,"a song structure where the music continually changes and never repeats, responding freely to the developing text",explicit,Recognise and describe standard musical structures/forms.,12,https://www.cambridgeinternational.org/Images/694052-2026-2028-syllabus.pdf,Schubert's Erlkönig is a famous through-composed art song. Explain how through-composed form lets the music respond to the poem's narrative in a way strophic form could not.,,"Because the music never has to repeat, it can change character for each new character/event in the poem (e.g. different music for the narrator, father, child and Erlking), tracking the drama as it unfolds — something a single repeating strophic melody cannot do.",different music for each character|tracks the drama|music changes with the story,"1 mark for recognising the music can change freely to match each new dramatic moment/character; 1 mark for a specific, valid example or explanation of why this suits a narrative poem like Erlkönig.","In Erlkönig, Schubert gives the narrator, father, child and Erlking each their own distinct musical character — only possible because the through-composed structure never has to reuse earlier music.",strophic|sonata form,,text,No,,No,structure-spotter | practice-mode | progress-mode | teacher-mode | exam-lab,SS-FORM,structure-spotter | classical | mastering,dropped,,,
SS-POPSTRUCT-F,STR-POPSTRUCT,Popular & EDM,song-structure,Foundation,1,Foundation,multiple_choice,1,Yes,popular song structure,,whole_form,the common intro-verse-chorus-verse-chorus-bridge-chorus-outro pattern used in most popular songs,explicit,Recognise and describe standard musical structures/forms.,12,https://www.cambridgeinternational.org/Images/694052-2026-2028-syllabus.pdf,Which of these best represents popular song structure?,Intro – Verse – Chorus – Verse – Chorus – Bridge – Chorus – Outro | Ritornello – Episode – Ritornello | Exposition – Development – Recapitulation | Alāp – Jōr – Gat – Jhālā,Intro – Verse – Chorus – Verse – Chorus – Bridge – Chorus – Outro,Intro – Verse – Chorus – Verse – Chorus – Bridge – Chorus – Outro,Intro – Verse – Chorus – Verse – Chorus – Bridge – Chorus – Outro. (1),"Correct — most popular songs use some version of intro – verse – chorus – verse – chorus – bridge – chorus – outro, often summarised as an ABABCB pattern.",strophic|through-composed,,text,No,,Yes,structure-spotter | practice-mode | progress-mode | teacher-mode | exam-lab,SS-POP,structure-spotter | popular | foundation,active,,audio/SS-POPULAR-SONG.mp3,
SS-POPSTRUCT-D,STR-POPSTRUCT,Popular & EDM,song-structure,Developing,2,Foundation,multiple_choice_reverse,1,Yes,popular song structure,Intro – Verse – Chorus – Verse – Chorus – Bridge – Chorus – Outro,whole_form,the common intro-verse-chorus-verse-chorus-bridge-chorus-outro pattern used in most popular songs,explicit,Recognise and describe standard musical structures/forms.,12,https://www.cambridgeinternational.org/Images/694052-2026-2028-syllabus.pdf,Which structure or form is this?,A typical popular song structure | Ternary form | Ritornello form | Raga performance structure,popular song structure,popular song structure,popular song structure. (1),Correct — that intro/verse/chorus/verse/chorus/bridge/chorus/outro pattern is the most common popular song structure.,strophic|through-composed,,pattern,No,,Yes,structure-spotter | practice-mode | progress-mode | teacher-mode | exam-lab,SS-POP,structure-spotter | popular | developing,active,,audio/SS-POPULAR-SONG.mp3,
SS-POPSTRUCT-S,STR-POPSTRUCT,Popular & EDM,song-structure,Securing,3,Foundation,short_answer,1,No,popular song structure,Intro – Verse – Chorus – Verse – Chorus – Bridge – Chorus – Outro,whole_form,the common intro-verse-chorus-verse-chorus-bridge-chorus-outro pattern used in most popular songs,explicit,Recognise and describe standard musical structures/forms.,12,https://www.cambridgeinternational.org/Images/694052-2026-2028-syllabus.pdf,Describe this structure — what is it called?,,verse-chorus form,verse-chorus form|verse chorus structure|pop song structure,1 mark for the correct term: verse-chorus form.,"A typical popular song structure: intro, verse, chorus, verse, chorus, bridge (middle eight), chorus, outro — often described as ABABCB.",strophic|through-composed,,pattern,No,,Yes,structure-spotter | practice-mode | progress-mode | teacher-mode | exam-lab,SS-POP,structure-spotter | popular | securing,active,,audio/SS-POPULAR-SONG.mp3,
SS-POPSTRUCT-M,STR-POPSTRUCT,Popular & EDM,song-structure,Mastering,4,Foundation,exam_style_short_answer,2,No,popular song structure,,whole_form,the common intro-verse-chorus-verse-chorus-bridge-chorus-outro pattern used in most popular songs,explicit,Recognise and describe standard musical structures/forms.,12,https://www.cambridgeinternational.org/Images/694052-2026-2028-syllabus.pdf,"The most common popular song structure is often summarised as ABABCB. Explain what the letters A, B and C represent in this pattern.",,"A = verse, B = chorus, C = bridge (middle eight) — so the pattern is verse, chorus, verse, chorus, bridge, chorus.",A is verse|B is chorus|C is bridge|middle eight,1 mark for correctly identifying A = verse and B = chorus; 1 mark for correctly identifying C = bridge/middle eight.,"ABABCB maps directly onto verse-chorus-verse-chorus-bridge-chorus — not every song follows it exactly, but it's the most common underlying shape in popular music.",strophic|through-composed,,text,No,,No,structure-spotter | practice-mode | progress-mode | teacher-mode | exam-lab,SS-POP,structure-spotter | popular | mastering,dropped,,,
SS-EDMSTRUCT-F,STR-EDMSTRUCT,Popular & EDM,song-structure,Foundation,1,Foundation,multiple_choice,1,Yes,EDM track structure,,whole_form,the common intro-build-drop-breakdown-build-drop-outro pattern used in electronic dance music tracks,explicit,Recognise and describe standard musical structures/forms.,12,https://www.cambridgeinternational.org/Images/694052-2026-2028-syllabus.pdf,Which of these best represents EDM track structure?,Intro – Build – Drop – Breakdown – Build – Drop – Outro | Intro – Verse – Chorus – Verse – Chorus – Outro | Exposition – Development – Recapitulation | A – B – A,Intro – Build – Drop – Breakdown – Build – Drop – Outro,Intro – Build – Drop – Breakdown – Build – Drop – Outro,Intro – Build – Drop – Breakdown – Build – Drop – Outro. (1),"Correct — a typical EDM track runs intro – build (pre-chorus) – drop (chorus) – breakdown (bridge) – build – drop – outro, built to control the energy on a dancefloor.",popular song structure,,text,No,,Yes,structure-spotter | practice-mode | progress-mode | teacher-mode | exam-lab,SS-POP,structure-spotter | popular | foundation,active,,audio/SS-EDM-STRUCTURE.mp3,
SS-EDMSTRUCT-D,STR-EDMSTRUCT,Popular & EDM,song-structure,Developing,2,Foundation,multiple_choice_reverse,1,Yes,EDM track structure,Intro – Build – Drop – Breakdown – Build – Drop – Outro,whole_form,the common intro-build-drop-breakdown-build-drop-outro pattern used in electronic dance music tracks,explicit,Recognise and describe standard musical structures/forms.,12,https://www.cambridgeinternational.org/Images/694052-2026-2028-syllabus.pdf,Which structure or form is this?,A typical EDM track structure | Rondo form | Popular song structure | Ritornello form,EDM track structure,EDM track structure,EDM track structure. (1),Correct — that intro/build/drop/breakdown/build/drop/outro pattern is a typical EDM track structure.,popular song structure,,pattern,No,,Yes,structure-spotter | practice-mode | progress-mode | teacher-mode | exam-lab,SS-POP,structure-spotter | popular | developing,active,,audio/SS-EDM-STRUCTURE.mp3,
SS-EDMSTRUCT-S,STR-EDMSTRUCT,Popular & EDM,song-structure,Securing,3,Foundation,short_answer,1,No,EDM track structure,Intro – Build – Drop – Breakdown – Build – Drop – Outro,whole_form,the common intro-build-drop-breakdown-build-drop-outro pattern used in electronic dance music tracks,explicit,Recognise and describe standard musical structures/forms.,12,https://www.cambridgeinternational.org/Images/694052-2026-2028-syllabus.pdf,Describe this structure — what is it called?,,edm structure,edm structure|edm track structure,1 mark for the correct term: edm structure.,"A typical EDM structure: intro, build (pre-chorus), drop (chorus), breakdown (bridge), build, drop, outro.",popular song structure,,pattern,No,,Yes,structure-spotter | practice-mode | progress-mode | teacher-mode | exam-lab,SS-POP,structure-spotter | popular | securing,active,,audio/SS-EDM-STRUCTURE.mp3,
SS-EDMSTRUCT-M,STR-EDMSTRUCT,Popular & EDM,song-structure,Mastering,4,Foundation,exam_style_short_answer,2,No,EDM track structure,,whole_form,the common intro-build-drop-breakdown-build-drop-outro pattern used in electronic dance music tracks,explicit,Recognise and describe standard musical structures/forms.,12,https://www.cambridgeinternational.org/Images/694052-2026-2028-syllabus.pdf,"In EDM structure, the 'build' and the 'drop' serve different functions. Describe what happens musically in each, and explain why they are usually placed next to each other.",,"The build increases tension (rising pitch/filter sweeps, thinning texture, rising energy, often removing the bass/kick); the drop is the release — full texture, bass and beat return at once. They sit together because the build's tension is designed to be released by the drop.",rising tension|filter sweep|release of energy|full texture returns,"1 mark for describing the build (rising tension/energy, thinning texture); 1 mark for describing the drop (full texture/beat returns, release of tension) or explaining the tension-release relationship between them.",The build's rising tension (often stripping away the bass and adding rising effects) exists specifically to make the drop's full-texture release feel powerful — the whole point of the pairing.,popular song structure,,text,No,,No,structure-spotter | practice-mode | progress-mode | teacher-mode | exam-lab,SS-POP,structure-spotter | popular | mastering,dropped,,,
SS-RAGASTRUCT-F,STR-RAGASTRUCT,World Structures,raga-structure,Foundation,1,Foundation,multiple_choice,1,Yes,raga performance structure,,whole_form,"the traditional structure of a Hindustani raga performance: a slow, unmetred, freely improvised opening, gradually moving into faster, metred, rhythmic sections",explicit,Recognise and describe standard musical structures/forms.,12,https://www.cambridgeinternational.org/Images/694052-2026-2028-syllabus.pdf,Which of these best represents raga performance structure?,Ālāp – Jōr – Gat – Jhālā | Intro – Verse – Chorus – Outro | Exposition – Development – Recapitulation | A – B – A – C – A,Ālāp – Jōr – Gat – Jhālā,Ālāp – Jōr – Gat – Jhālā,Ālāp – Jōr – Gat – Jhālā. (1),"Correct — a Hindustani raga performance traditionally moves through ālāp (slow, unmetred, improvised), jōr (a pulsed continuation), gat (a fixed metred composition with tabla), and jhālā (a fast, climactic closing section).",ālāp|jhālā,,text,No,,Yes,structure-spotter | practice-mode | progress-mode | teacher-mode | exam-lab,SS-WORLD,structure-spotter | world | foundation,active,,audio/SS-RAGA-PERFORMANCE.mp3,
SS-RAGASTRUCT-D,STR-RAGASTRUCT,World Structures,raga-structure,Developing,2,Foundation,multiple_choice_reverse,1,Yes,raga performance structure,Ālāp – Jōr – Gat – Jhālā,whole_form,"the traditional structure of a Hindustani raga performance: a slow, unmetred, freely improvised opening, gradually moving into faster, metred, rhythmic sections",explicit,Recognise and describe standard musical structures/forms.,12,https://www.cambridgeinternational.org/Images/694052-2026-2028-syllabus.pdf,Which structure or form is this?,Raga performance structure | Sonata form | EDM track structure | Rondo form,raga performance structure,raga performance structure,raga performance structure. (1),"Correct — ālāp, jōr, gat, then jhālā is the traditional shape of a raga performance.",ālāp|jhālā,,pattern,No,,Yes,structure-spotter | practice-mode | progress-mode | teacher-mode | exam-lab,SS-WORLD,structure-spotter | world | developing,active,,audio/SS-RAGA-PERFORMANCE.mp3,
SS-RAGASTRUCT-S,STR-RAGASTRUCT,World Structures,raga-structure,Securing,3,Foundation,short_answer,1,No,raga performance structure,Ālāp – Jōr – Gat – Jhālā,whole_form,"the traditional structure of a Hindustani raga performance: a slow, unmetred, freely improvised opening, gradually moving into faster, metred, rhythmic sections",explicit,Recognise and describe standard musical structures/forms.,12,https://www.cambridgeinternational.org/Images/694052-2026-2028-syllabus.pdf,Describe this structure — what is it called?,,raga performance structure,raga performance structure|raga structure,1 mark for the correct term: raga performance structure.,"Raga performance structure: ālāp (unmetred opening) → jōr (pulsed) → gat (metred, with tabla) → jhālā (fast climax).",ālāp|jhālā,,pattern,No,,Yes,structure-spotter | practice-mode | progress-mode | teacher-mode | exam-lab,SS-WORLD,structure-spotter | world | securing,active,,audio/SS-RAGA-PERFORMANCE.mp3,
SS-RAGASTRUCT-M,STR-RAGASTRUCT,World Structures,raga-structure,Mastering,4,Foundation,exam_style_short_answer,2,No,raga performance structure,,whole_form,"the traditional structure of a Hindustani raga performance: a slow, unmetred, freely improvised opening, gradually moving into faster, metred, rhythmic sections",explicit,Recognise and describe standard musical structures/forms.,12,https://www.cambridgeinternational.org/Images/694052-2026-2028-syllabus.pdf,"Describe how the sense of pulse changes across the course of a raga performance, from the ālāp through to the jhālā.",,"The ālāp is slow and completely unmetred/free of pulse; the jōr introduces a steady pulse without percussion; the gat adds a fixed metre with tabla accompaniment; the jhālā is fast and rhythmically intense, building to a climax.",unmetred to metred|pulse gradually established|tabla enters at the gat|accelerates toward the end,1 mark for correctly describing the ālāp as free/unmetred; 1 mark for describing the gradual introduction of pulse/metre (jōr) and tabla/fixed metre (gat) building to the fast jhālā.,"The whole performance is a single arc from complete rhythmic freedom (ālāp) to tightly metred, tabla-driven excitement (jhālā) — the soloist gradually 'reveals' the raga's rhythmic possibilities.",ālāp|jhālā,,text,No,,No,structure-spotter | practice-mode | progress-mode | teacher-mode | exam-lab,SS-WORLD,structure-spotter | world | mastering,dropped,,,
SS-INTRO-F,STR-INTRO,Classical Forms,named-sections,Foundation,1,Foundation,multiple_choice,1,Yes,introduction,,named_section,an opening section that sets up the music before the main theme or main structure begins,explicit,Recognise and use correct terminology for structural sections and devices.,12,https://www.cambridgeinternational.org/Images/694052-2026-2028-syllabus.pdf,What does ‘introduction’ mean in musical structure?,an opening section that sets up the music before the main theme or main structure begins | a short unaccompanied solo passage near the end of a movement | the closing section that rounds a piece off | a contrasting middle section of a piece,an opening section that sets up the music before the main theme or main structure begins,an opening section that sets up the music before the main theme or main structure begins,an opening section that sets up the music before the main theme or main structure begins. (1),Correct — an introduction is an opening section that prepares the listener before the main material/theme begins.,coda|exposition,,text,No,,No,structure-spotter | practice-mode | progress-mode | teacher-mode | exam-lab,SS-SECTION,structure-spotter | classical | foundation,dropped,,,
SS-INTRO-D,STR-INTRO,Classical Forms,named-sections,Developing,2,Foundation,multiple_choice_reverse,1,Yes,introduction,,named_section,an opening section that sets up the music before the main theme or main structure begins,explicit,Recognise and use correct terminology for structural sections and devices.,12,https://www.cambridgeinternational.org/Images/694052-2026-2028-syllabus.pdf,Which structural term means: an opening section that sets up the music before the main theme or main structure begins?,Introduction | Coda | Cadenza | Codetta,introduction,introduction,introduction. (1),Correct — an opening section that sets up the music to come is an introduction.,coda|exposition,,text,No,,No,structure-spotter | practice-mode | progress-mode | teacher-mode | exam-lab,SS-SECTION,structure-spotter | classical | developing,dropped,,,
SS-INTRO-S,STR-INTRO,Classical Forms,named-sections,Securing,3,Foundation,short_answer,1,No,introduction,,named_section,an opening section that sets up the music before the main theme or main structure begins,explicit,Recognise and use correct terminology for structural sections and devices.,12,https://www.cambridgeinternational.org/Images/694052-2026-2028-syllabus.pdf,Give the structural term that means: an opening section that sets up the music before the main theme or main structure begins.,,introduction,introduction|intro|introdution,1 mark for the correct term: introduction.,Introduction: an opening section before the main theme/structure begins.,coda|exposition,,text,No,,No,structure-spotter | practice-mode | progress-mode | teacher-mode | exam-lab,SS-SECTION,structure-spotter | classical | securing,dropped,,,
SS-INTRO-M,STR-INTRO,Classical Forms,named-sections,Mastering,4,Foundation,exam_style_short_answer,2,No,introduction,,named_section,an opening section that sets up the music before the main theme or main structure begins,explicit,Recognise and use correct terminology for structural sections and devices.,12,https://www.cambridgeinternational.org/Images/694052-2026-2028-syllabus.pdf,"Mozart's String Quartet K. 465 is nicknamed the 'Dissonance' Quartet because of its introduction. Explain what an introduction's musical role typically is, and give one reason this particular introduction was considered unusual.",,"An introduction typically prepares the listener/sets the mood before the main Allegro material begins; K. 465's introduction was unusual because of its dense chromatic harmony/dissonance, which was startling for its time.",prepares the listener|sets the mood|unusually dissonant|chromatic harmony,1 mark for correctly describing an introduction's general role (prepares/sets up the main music); 1 mark for a valid specific reason K. 465's introduction was unusual (its chromaticism/dissonance).,Introductions usually establish key and mood simply — K. 465's is famous precisely because its harmony is so unstable and dissonant compared to a typical Classical opening.,coda|exposition,,text,No,,No,structure-spotter | practice-mode | progress-mode | teacher-mode | exam-lab,SS-SECTION,structure-spotter | classical | mastering,dropped,,,
SS-CADENZA-F,STR-CADENZA,Classical Forms,named-sections,Foundation,1,Foundation,multiple_choice,1,Yes,cadenza,,named_section,"a virtuosic, often unaccompanied passage for the soloist, traditionally near the end of a concerto movement",explicit,Recognise and use correct terminology for structural sections and devices.,12,https://www.cambridgeinternational.org/Images/694052-2026-2028-syllabus.pdf,What does ‘cadenza’ mean in musical structure?,"a virtuosic, often unaccompanied passage for the soloist, traditionally near the end of a concerto movement | a recurring theme that alternates with contrasting episodes | the opening section of a movement | a passage where two melodic ideas overlap in imitation","a virtuosic, often unaccompanied passage for the soloist, traditionally near the end of a concerto movement","a virtuosic, often unaccompanied passage for the soloist, traditionally near the end of a concerto movement","a virtuosic, often unaccompanied passage for the soloist, traditionally near the end of a concerto movement. (1)","Correct — a cadenza is a virtuosic, often improvised or unaccompanied passage that showcases the soloist, traditionally placed near the end of a concerto movement.",coda|development,,text,No,,Yes,structure-spotter | practice-mode | progress-mode | teacher-mode | exam-lab,SS-SECTION,structure-spotter | classical | foundation,active,,audio/SS-CADENZA.mp3,
SS-CADENZA-D,STR-CADENZA,Classical Forms,named-sections,Developing,2,Foundation,multiple_choice_reverse,1,Yes,cadenza,,named_section,"a virtuosic, often unaccompanied passage for the soloist, traditionally near the end of a concerto movement",explicit,Recognise and use correct terminology for structural sections and devices.,12,https://www.cambridgeinternational.org/Images/694052-2026-2028-syllabus.pdf,"Which structural term means: a virtuosic, often unaccompanied passage for the soloist, traditionally near the end of a concerto movement?",Cadenza | Introduction | Development | Coda,cadenza,cadenza,cadenza. (1),"Correct — a virtuosic solo passage, often unaccompanied, near a concerto movement's end, is a cadenza.",coda|development,,text,No,,Yes,structure-spotter | practice-mode | progress-mode | teacher-mode | exam-lab,SS-SECTION,structure-spotter | classical | developing,active,,audio/SS-CADENZA.mp3,
SS-CADENZA-S,STR-CADENZA,Classical Forms,named-sections,Securing,3,Foundation,short_answer,1,No,cadenza,,named_section,"a virtuosic, often unaccompanied passage for the soloist, traditionally near the end of a concerto movement",explicit,Recognise and use correct terminology for structural sections and devices.,12,https://www.cambridgeinternational.org/Images/694052-2026-2028-syllabus.pdf,"Give the structural term that means: a virtuosic, often unaccompanied passage for the soloist, traditionally near the end of a concerto movement.",,cadenza,cadenza|cadenzas,1 mark for the correct term: cadenza.,"Cadenza: a virtuosic (often unaccompanied) solo passage, traditionally near the end of a concerto movement.",coda|development,,text,No,,Yes,structure-spotter | practice-mode | progress-mode | teacher-mode | exam-lab,SS-SECTION,structure-spotter | classical | securing,active,,audio/SS-CADENZA.mp3,
SS-CADENZA-M,STR-CADENZA,Classical Forms,named-sections,Mastering,4,Foundation,exam_style_short_answer,2,No,cadenza,,named_section,"a virtuosic, often unaccompanied passage for the soloist, traditionally near the end of a concerto movement",explicit,Recognise and use correct terminology for structural sections and devices.,12,https://www.cambridgeinternational.org/Images/694052-2026-2028-syllabus.pdf,"Explain the traditional purpose of a cadenza in a Classical concerto, and state ONE way cadenzas could be created historically.",,"It gives the soloist a chance to display virtuosity/technical skill, often reworking the movement's themes freely, before the orchestra returns to close the movement; historically cadenzas were often improvised by the soloist on the spot (or later, composed in advance).",showcase virtuosity|improvised by the soloist|composed in advance|display technical skill,"1 mark for correctly describing the cadenza's purpose (soloist virtuosity/display, often based on the movement's themes); 1 mark for a valid historical creation method (improvised live, or later composed/written out in advance).","Classical-era cadenzas were traditionally improvised live by the soloist, working the movement's own themes into a dazzling, unaccompanied display — later composers (including some cadenzas by Beethoven and others) began writing them out in full.",coda|development,,text,No,,No,structure-spotter | practice-mode | progress-mode | teacher-mode | exam-lab,SS-SECTION,structure-spotter | classical | mastering,dropped,,,
SS-CODA-F,STR-CODA,Classical Forms,named-sections,Foundation,1,Foundation,multiple_choice,1,Yes,coda,,named_section,"a closing section added to round a piece or movement off, after its main structure has finished",explicit,Recognise and use correct terminology for structural sections and devices.,12,https://www.cambridgeinternational.org/Images/694052-2026-2028-syllabus.pdf,What does ‘coda’ mean in musical structure?,"a closing section added to round a piece or movement off, after its main structure has finished | an opening section before the main theme begins | a short link passage that changes key | a small extra closing passage within an exposition, after the second subject","a closing section added to round a piece or movement off, after its main structure has finished","a closing section added to round a piece or movement off, after its main structure has finished","a closing section added to round a piece or movement off, after its main structure has finished. (1)","Correct — a coda is a closing section, added after the main structure of a piece or movement to bring it to a satisfying end.",codetta|introduction,,text,No,,Yes,structure-spotter | practice-mode | progress-mode | teacher-mode | exam-lab,SS-SECTION,structure-spotter | classical | foundation,active,,audio/SS-CODA.mp3,
SS-CODA-D,STR-CODA,Classical Forms,named-sections,Developing,2,Foundation,multiple_choice_reverse,1,Yes,coda,,named_section,"a closing section added to round a piece or movement off, after its main structure has finished",explicit,Recognise and use correct terminology for structural sections and devices.,12,https://www.cambridgeinternational.org/Images/694052-2026-2028-syllabus.pdf,"Which structural term means: a closing section added to round a piece or movement off, after its main structure has finished?",Coda | Introduction | Transition | Codetta,coda,coda,coda. (1),"Correct — a rounding-off closing section, added after the main structure finishes, is a coda.",codetta|introduction,,text,No,,Yes,structure-spotter | practice-mode | progress-mode | teacher-mode | exam-lab,SS-SECTION,structure-spotter | classical | developing,active,,audio/SS-CODA.mp3,
SS-CODA-S,STR-CODA,Classical Forms,named-sections,Securing,3,Foundation,short_answer,1,No,coda,,named_section,"a closing section added to round a piece or movement off, after its main structure has finished",explicit,Recognise and use correct terminology for structural sections and devices.,12,https://www.cambridgeinternational.org/Images/694052-2026-2028-syllabus.pdf,"Give the structural term that means: a closing section added to round a piece or movement off, after its main structure has finished.",,coda,coda|codas,1 mark for the correct term: coda.,Coda: a closing section that rounds a piece or movement off after its main structure is complete.,codetta|introduction,,text,No,,Yes,structure-spotter | practice-mode | progress-mode | teacher-mode | exam-lab,SS-SECTION,structure-spotter | classical | securing,active,,audio/SS-CODA.mp3,
SS-CODA-M,STR-CODA,Classical Forms,named-sections,Mastering,4,Foundation,exam_style_short_answer,2,No,coda,,named_section,"a closing section added to round a piece or movement off, after its main structure has finished",explicit,Recognise and use correct terminology for structural sections and devices.,12,https://www.cambridgeinternational.org/Images/694052-2026-2028-syllabus.pdf,Explain the difference between a coda and a codetta in terms of where each occurs and its scale.,,"A codetta is a small closing passage within the exposition of a sonata-form movement (after the second subject, before the exposition repeats/moves to the development); a coda is a larger closing section at the very end of the whole movement, after the recapitulation.",codetta ends the exposition|coda ends the movement|codetta is smaller|coda is at the very end,"1 mark for correctly locating the codetta (closes the exposition, before development); 1 mark for correctly locating the coda (closes the whole movement, after the recapitulation) and/or noting the coda is usually larger-scale.","Both round things off, but at different scales: a codetta closes just the exposition, while a coda closes the entire movement, sometimes at real length (Beethoven's codas are famously substantial).",codetta|introduction,,text,No,,No,structure-spotter | practice-mode | progress-mode | teacher-mode | exam-lab,SS-SECTION,structure-spotter | classical | mastering,dropped,,,
SS-EXPO-F,STR-EXPO,Classical Forms,named-sections,Foundation,1,Foundation,multiple_choice,1,Yes,exposition,,named_section,"the opening section of a sonata-form movement, where the main themes (first and second subjects) are first presented",explicit,Recognise and use correct terminology for structural sections and devices.,12,https://www.cambridgeinternational.org/Images/694052-2026-2028-syllabus.pdf,What does ‘exposition’ mean in musical structure?,"the opening section of a sonata-form movement, where the main themes (first and second subjects) are first presented | the section where the main themes are reworked, fragmented and explored, often through many keys | the section where the main themes return, now both in the home key | a short passage that modulates from one key area to another","the opening section of a sonata-form movement, where the main themes (first and second subjects) are first presented","the opening section of a sonata-form movement, where the main themes (first and second subjects) are first presented","the opening section of a sonata-form movement, where the main themes (first and second subjects) are first presented. (1)","Correct — the exposition is sonata form's opening section, presenting the first subject (in the tonic) and second subject (usually in the dominant).",development|recapitulation,,text,No,,Yes,structure-spotter | practice-mode | progress-mode | teacher-mode | exam-lab,SS-SECTION,structure-spotter | classical | foundation,active,,audio/SS-SONATA-FORM.mp3,
SS-EXPO-D,STR-EXPO,Classical Forms,named-sections,Developing,2,Foundation,multiple_choice_reverse,1,Yes,exposition,,named_section,"the opening section of a sonata-form movement, where the main themes (first and second subjects) are first presented",explicit,Recognise and use correct terminology for structural sections and devices.,12,https://www.cambridgeinternational.org/Images/694052-2026-2028-syllabus.pdf,"Which structural term means: the opening section of a sonata-form movement, where the main themes (first and second subjects) are first presented?",Exposition | Development | Recapitulation | Transition,exposition,exposition,exposition. (1),"Correct — the section that first presents the main themes, including first and second subjects, is the exposition.",development|recapitulation,,text,No,,Yes,structure-spotter | practice-mode | progress-mode | teacher-mode | exam-lab,SS-SECTION,structure-spotter | classical | developing,active,,audio/SS-SONATA-FORM.mp3,
SS-EXPO-S,STR-EXPO,Classical Forms,named-sections,Securing,3,Foundation,short_answer,1,No,exposition,,named_section,"the opening section of a sonata-form movement, where the main themes (first and second subjects) are first presented",explicit,Recognise and use correct terminology for structural sections and devices.,12,https://www.cambridgeinternational.org/Images/694052-2026-2028-syllabus.pdf,"Give the structural term that means: the opening section of a sonata-form movement, where the main themes (first and second subjects) are first presented.",,exposition,exposition|expositions|exposistion,1 mark for the correct term: exposition.,"Exposition: sonata form's opening section, presenting the first subject and second subject (usually in the dominant key).",development|recapitulation,,text,No,,Yes,structure-spotter | practice-mode | progress-mode | teacher-mode | exam-lab,SS-SECTION,structure-spotter | classical | securing,active,,audio/SS-SONATA-FORM.mp3,
SS-EXPO-M,STR-EXPO,Classical Forms,named-sections,Mastering,4,Foundation,exam_style_short_answer,2,No,exposition,,named_section,"the opening section of a sonata-form movement, where the main themes (first and second subjects) are first presented",explicit,Recognise and use correct terminology for structural sections and devices.,12,https://www.cambridgeinternational.org/Images/694052-2026-2028-syllabus.pdf,"In a sonata-form exposition, name the two main thematic areas in the order they occur, and state the usual key relationship between them.",,"First subject (in the tonic), then second subject (usually in the dominant key, or the relative major if the movement is in a minor key).",first subject then second subject|tonic then dominant|relative major,"1 mark for correctly naming first subject then second subject in order; 1 mark for the correct key relationship (tonic to dominant, or relative major from a minor tonic).",The exposition's job is to lay out two contrasting ideas in two different keys — that key contrast is exactly what the recapitulation later resolves.,development|recapitulation,,text,No,,No,structure-spotter | practice-mode | progress-mode | teacher-mode | exam-lab,SS-SECTION,structure-spotter | classical | mastering,dropped,,,
SS-DEV-F,STR-DEV,Classical Forms,named-sections,Foundation,1,Foundation,multiple_choice,1,Yes,development,,named_section,"the middle section of a sonata-form movement, where themes from the exposition are reworked, fragmented and explored through changing keys",explicit,Recognise and use correct terminology for structural sections and devices.,12,https://www.cambridgeinternational.org/Images/694052-2026-2028-syllabus.pdf,What does ‘development’ mean in musical structure?,"the middle section of a sonata-form movement, where themes from the exposition are reworked, fragmented and explored through changing keys | the opening section where the main themes are first presented | the closing section where themes return in the home key | a virtuosic unaccompanied solo passage","the middle section of a sonata-form movement, where themes from the exposition are reworked, fragmented and explored through changing keys","the middle section of a sonata-form movement, where themes from the exposition are reworked, fragmented and explored through changing keys","the middle section of a sonata-form movement, where themes from the exposition are reworked, fragmented and explored through changing keys. (1)","Correct — the development reworks and explores ideas from the exposition, often fragmenting them and passing through several different keys, before the recapitulation.",exposition|recapitulation,,text,No,,Yes,structure-spotter | practice-mode | progress-mode | teacher-mode | exam-lab,SS-SECTION,structure-spotter | classical | foundation,active,,audio/SS-DEVELOPMENT.mp3,
SS-DEV-D,STR-DEV,Classical Forms,named-sections,Developing,2,Foundation,multiple_choice_reverse,1,Yes,development,,named_section,"the middle section of a sonata-form movement, where themes from the exposition are reworked, fragmented and explored through changing keys",explicit,Recognise and use correct terminology for structural sections and devices.,12,https://www.cambridgeinternational.org/Images/694052-2026-2028-syllabus.pdf,"Which structural term means: the middle section of a sonata-form movement, where themes from the exposition are reworked, fragmented and explored through changing keys?",Development | Exposition | Recapitulation | Coda,development,development,development. (1),Correct — the section that reworks and explores earlier themes through changing keys is the development.,exposition|recapitulation,,text,No,,Yes,structure-spotter | practice-mode | progress-mode | teacher-mode | exam-lab,SS-SECTION,structure-spotter | classical | developing,active,,audio/SS-DEVELOPMENT.mp3,
SS-DEV-S,STR-DEV,Classical Forms,named-sections,Securing,3,Foundation,short_answer,1,No,development,,named_section,"the middle section of a sonata-form movement, where themes from the exposition are reworked, fragmented and explored through changing keys",explicit,Recognise and use correct terminology for structural sections and devices.,12,https://www.cambridgeinternational.org/Images/694052-2026-2028-syllabus.pdf,"Give the structural term that means: the middle section of a sonata-form movement, where themes from the exposition are reworked, fragmented and explored through changing keys.",,development,development|developement,1 mark for the correct term: development.,"Development: sonata form's middle section, exploring/reworking exposition themes through changing keys.",exposition|recapitulation,,text,No,,Yes,structure-spotter | practice-mode | progress-mode | teacher-mode | exam-lab,SS-SECTION,structure-spotter | classical | securing,active,,audio/SS-DEVELOPMENT.mp3,
SS-DEV-M,STR-DEV,Classical Forms,named-sections,Mastering,4,Foundation,exam_style_short_answer,2,No,development,,named_section,"the middle section of a sonata-form movement, where themes from the exposition are reworked, fragmented and explored through changing keys",explicit,Recognise and use correct terminology for structural sections and devices.,12,https://www.cambridgeinternational.org/Images/694052-2026-2028-syllabus.pdf,Describe TWO compositional techniques a composer might use on exposition themes during a sonata-form development section.,,"Any two of: fragmentation (breaking themes into small motifs), sequence, modulation through several keys, changes of texture/register, combining themes together (e.g. in counterpoint).",fragmentation|sequence|modulation|change of texture|combining themes,"1 mark for each valid technique named (max 2): fragmentation, sequence, modulation/changing keys, texture change, or combining themes contrapuntally.","Development sections are often the most harmonically unstable, fastest-changing part of a movement — composers fragment and recombine the exposition's themes, moving restlessly through keys, before the recapitulation settles everything back in the tonic.",exposition|recapitulation,,text,No,,No,structure-spotter | practice-mode | progress-mode | teacher-mode | exam-lab,SS-SECTION,structure-spotter | classical | mastering,dropped,,,
SS-RECAP-F,STR-RECAP,Classical Forms,named-sections,Foundation,1,Foundation,multiple_choice,1,Yes,recapitulation,,named_section,"the final main section of a sonata-form movement, where the exposition's themes return, both now in the home key",explicit,Recognise and use correct terminology for structural sections and devices.,12,https://www.cambridgeinternational.org/Images/694052-2026-2028-syllabus.pdf,What does ‘recapitulation’ mean in musical structure?,"the final main section of a sonata-form movement, where the exposition's themes return, both now in the home key | the opening section presenting the main themes for the first time | the middle section reworking themes through changing keys | a closing section added after the main structure is finished","the final main section of a sonata-form movement, where the exposition's themes return, both now in the home key","the final main section of a sonata-form movement, where the exposition's themes return, both now in the home key","the final main section of a sonata-form movement, where the exposition's themes return, both now in the home key. (1)","Correct — the recapitulation brings back the exposition's themes, but now both the first AND second subject appear in the home (tonic) key, resolving the earlier key contrast.",exposition|development,,text,No,,Yes,structure-spotter | practice-mode | progress-mode | teacher-mode | exam-lab,SS-SECTION,structure-spotter | classical | foundation,active,,audio/SS-RECAPITULATION.mp3,
SS-RECAP-D,STR-RECAP,Classical Forms,named-sections,Developing,2,Foundation,multiple_choice_reverse,1,Yes,recapitulation,,named_section,"the final main section of a sonata-form movement, where the exposition's themes return, both now in the home key",explicit,Recognise and use correct terminology for structural sections and devices.,12,https://www.cambridgeinternational.org/Images/694052-2026-2028-syllabus.pdf,"Which structural term means: the final main section of a sonata-form movement, where the exposition's themes return, both now in the home key?",Recapitulation | Exposition | Development | Coda,recapitulation,recapitulation,recapitulation. (1),Correct — the section where both main themes return in the tonic key is the recapitulation.,exposition|development,,text,No,,Yes,structure-spotter | practice-mode | progress-mode | teacher-mode | exam-lab,SS-SECTION,structure-spotter | classical | developing,active,,audio/SS-RECAPITULATION.mp3,
SS-RECAP-S,STR-RECAP,Classical Forms,named-sections,Securing,3,Foundation,short_answer,1,No,recapitulation,,named_section,"the final main section of a sonata-form movement, where the exposition's themes return, both now in the home key",explicit,Recognise and use correct terminology for structural sections and devices.,12,https://www.cambridgeinternational.org/Images/694052-2026-2028-syllabus.pdf,"Give the structural term that means: the final main section of a sonata-form movement, where the exposition's themes return, both now in the home key.",,recapitulation,recapitulation|recap|recapitualtion,1 mark for the correct term: recapitulation.,"Recapitulation: sonata form's closing main section, restating exposition themes with both now in the tonic key.",exposition|development,,text,No,,Yes,structure-spotter | practice-mode | progress-mode | teacher-mode | exam-lab,SS-SECTION,structure-spotter | classical | securing,active,,audio/SS-RECAPITULATION.mp3,
SS-RECAP-M,STR-RECAP,Classical Forms,named-sections,Mastering,4,Foundation,exam_style_short_answer,2,No,recapitulation,,named_section,"the final main section of a sonata-form movement, where the exposition's themes return, both now in the home key",explicit,Recognise and use correct terminology for structural sections and devices.,12,https://www.cambridgeinternational.org/Images/694052-2026-2028-syllabus.pdf,"Explain why the second subject's key in the recapitulation is significant, compared to its key in the exposition.",,"In the exposition the second subject is away from the tonic (usually the dominant); in the recapitulation it returns in the tonic, resolving the harmonic tension/contrast set up earlier in the movement.",resolves the earlier key contrast|both subjects now in tonic|harmonic resolution,1 mark for correctly contrasting the second subject's exposition key (dominant/away from tonic) with its recapitulation key (tonic); 1 mark for explaining this as harmonic resolution of the movement's large-scale tension.,Bringing the second subject 'home' to the tonic in the recapitulation is the harmonic payoff sonata form has been building toward since the exposition first moved away from it.,exposition|development,,text,No,,No,structure-spotter | practice-mode | progress-mode | teacher-mode | exam-lab,SS-SECTION,structure-spotter | classical | mastering,dropped,,,
SS-FIRSTSUB-F,STR-FIRSTSUB,Classical Forms,named-sections,Foundation,1,Foundation,multiple_choice,1,Yes,first subject,,named_section,"the first main theme presented in a sonata-form exposition, stated in the home (tonic) key",explicit,Recognise and use correct terminology for structural sections and devices.,12,https://www.cambridgeinternational.org/Images/694052-2026-2028-syllabus.pdf,What does ‘first subject’ mean in musical structure?,"the first main theme presented in a sonata-form exposition, stated in the home (tonic) key | the second main theme in a sonata-form exposition, usually in the dominant key | a short passage that modulates between two theme areas | a brief closing idea at the end of the exposition","the first main theme presented in a sonata-form exposition, stated in the home (tonic) key","the first main theme presented in a sonata-form exposition, stated in the home (tonic) key","the first main theme presented in a sonata-form exposition, stated in the home (tonic) key. (1)","Correct — the first subject is the opening main theme of a sonata-form exposition, stated in the tonic (home) key.",second subject|exposition,,text,No,,Yes,structure-spotter | practice-mode | progress-mode | teacher-mode | exam-lab,SS-SECTION,structure-spotter | classical | foundation,active,,audio/SS-SONATA-FORM.mp3,
SS-FIRSTSUB-D,STR-FIRSTSUB,Classical Forms,named-sections,Developing,2,Foundation,multiple_choice_reverse,1,Yes,first subject,,named_section,"the first main theme presented in a sonata-form exposition, stated in the home (tonic) key",explicit,Recognise and use correct terminology for structural sections and devices.,12,https://www.cambridgeinternational.org/Images/694052-2026-2028-syllabus.pdf,"Which structural term means: the first main theme presented in a sonata-form exposition, stated in the home (tonic) key?",First subject | Second subject | Transition | Codetta,first subject,first subject,first subject. (1),"Correct — the opening main theme of an exposition, in the tonic key, is the first subject.",second subject|exposition,,text,No,,Yes,structure-spotter | practice-mode | progress-mode | teacher-mode | exam-lab,SS-SECTION,structure-spotter | classical | developing,active,,audio/SS-SONATA-FORM.mp3,
SS-FIRSTSUB-S,STR-FIRSTSUB,Classical Forms,named-sections,Securing,3,Foundation,short_answer,1,No,first subject,,named_section,"the first main theme presented in a sonata-form exposition, stated in the home (tonic) key",explicit,Recognise and use correct terminology for structural sections and devices.,12,https://www.cambridgeinternational.org/Images/694052-2026-2028-syllabus.pdf,"Give the structural term that means: the first main theme presented in a sonata-form exposition, stated in the home (tonic) key.",,first subject,first subject|first theme|1st subject,1 mark for the correct term: first subject.,"First subject: the opening theme of a sonata-form exposition, in the home (tonic) key.",second subject|exposition,,text,No,,Yes,structure-spotter | practice-mode | progress-mode | teacher-mode | exam-lab,SS-SECTION,structure-spotter | classical | securing,active,,audio/SS-SONATA-FORM.mp3,
SS-FIRSTSUB-M,STR-FIRSTSUB,Classical Forms,named-sections,Mastering,4,Foundation,exam_style_short_answer,2,No,first subject,,named_section,"the first main theme presented in a sonata-form exposition, stated in the home (tonic) key",explicit,Recognise and use correct terminology for structural sections and devices.,12,https://www.cambridgeinternational.org/Images/694052-2026-2028-syllabus.pdf,"State the key the first subject is normally presented in, and explain why this matters for the movement's overall harmonic plan.",,"The first subject is presented in the tonic (home key); this matters because it establishes the 'home' the movement will eventually return to, giving the later modulation to the second subject (and the recapitulation's return) their harmonic meaning.",tonic|home key|establishes the key centre,1 mark for correctly stating the tonic/home key; 1 mark for a valid explanation of why establishing this key matters for the movement's structure.,Everything in sonata form is measured against the first subject's home key — it's the harmonic anchor the whole movement eventually returns to.,second subject|exposition,,text,No,,No,structure-spotter | practice-mode | progress-mode | teacher-mode | exam-lab,SS-SECTION,structure-spotter | classical | mastering,dropped,,,
SS-SECONDSUB-F,STR-SECONDSUB,Classical Forms,named-sections,Foundation,1,Foundation,multiple_choice,1,Yes,second subject,,named_section,"the second main theme in a sonata-form exposition, contrasting with the first subject and stated in a different key (usually the dominant)",explicit,Recognise and use correct terminology for structural sections and devices.,12,https://www.cambridgeinternational.org/Images/694052-2026-2028-syllabus.pdf,What does ‘second subject’ mean in musical structure?,"the second main theme in a sonata-form exposition, contrasting with the first subject and stated in a different key (usually the dominant) | the opening main theme of an exposition, in the tonic key | a passage linking the first and second subjects, often modulating | a short closing idea rounding off the exposition","the second main theme in a sonata-form exposition, contrasting with the first subject and stated in a different key (usually the dominant)","the second main theme in a sonata-form exposition, contrasting with the first subject and stated in a different key (usually the dominant)","the second main theme in a sonata-form exposition, contrasting with the first subject and stated in a different key (usually the dominant). (1)","Correct — the second subject is the exposition's second main theme, contrasting in character with the first subject and stated in a different key (usually the dominant).",first subject|transition,,text,No,,Yes,structure-spotter | practice-mode | progress-mode | teacher-mode | exam-lab,SS-SECTION,structure-spotter | classical | foundation,active,,audio/SS-SECOND-SUBJECT.mp3,
SS-SECONDSUB-D,STR-SECONDSUB,Classical Forms,named-sections,Developing,2,Foundation,multiple_choice_reverse,1,Yes,second subject,,named_section,"the second main theme in a sonata-form exposition, contrasting with the first subject and stated in a different key (usually the dominant)",explicit,Recognise and use correct terminology for structural sections and devices.,12,https://www.cambridgeinternational.org/Images/694052-2026-2028-syllabus.pdf,"Which structural term means: the second main theme in a sonata-form exposition, contrasting with the first subject and stated in a different key (usually the dominant)?",Second subject | First subject | Transition | Codetta,second subject,second subject,second subject. (1),"Correct — the exposition's contrasting second theme, usually in the dominant key, is the second subject.",first subject|transition,,text,No,,Yes,structure-spotter | practice-mode | progress-mode | teacher-mode | exam-lab,SS-SECTION,structure-spotter | classical | developing,active,,audio/SS-SECOND-SUBJECT.mp3,
SS-SECONDSUB-S,STR-SECONDSUB,Classical Forms,named-sections,Securing,3,Foundation,short_answer,1,No,second subject,,named_section,"the second main theme in a sonata-form exposition, contrasting with the first subject and stated in a different key (usually the dominant)",explicit,Recognise and use correct terminology for structural sections and devices.,12,https://www.cambridgeinternational.org/Images/694052-2026-2028-syllabus.pdf,"Give the structural term that means: the second main theme in a sonata-form exposition, contrasting with the first subject and stated in a different key (usually the dominant).",,second subject,second subject|second theme|2nd subject,1 mark for the correct term: second subject.,"Second subject: the exposition's contrasting second theme, usually in the dominant key.",first subject|transition,,text,No,,Yes,structure-spotter | practice-mode | progress-mode | teacher-mode | exam-lab,SS-SECTION,structure-spotter | classical | securing,active,,audio/SS-SECOND-SUBJECT.mp3,
SS-SECONDSUB-M,STR-SECONDSUB,Classical Forms,named-sections,Mastering,4,Foundation,exam_style_short_answer,2,No,second subject,,named_section,"the second main theme in a sonata-form exposition, contrasting with the first subject and stated in a different key (usually the dominant)",explicit,Recognise and use correct terminology for structural sections and devices.,12,https://www.cambridgeinternational.org/Images/694052-2026-2028-syllabus.pdf,"Describe ONE typical way the second subject contrasts with the first subject, beyond key.",,"Any valid contrast: e.g. more lyrical/legato vs the first subject's more rhythmic/energetic character, different instrumentation, softer dynamic, different texture.",more lyrical|contrasting character|different texture|softer dynamic,"1 mark for identifying a valid non-key contrast (character, texture, dynamic, or instrumentation); 1 mark for a clear explanation of that contrast.","Beyond the key change, composers often give the second subject a different personality entirely — frequently more lyrical or gentle against a more assertive first subject — to make the exposition's two ideas feel genuinely distinct.",first subject|transition,,text,No,,No,structure-spotter | practice-mode | progress-mode | teacher-mode | exam-lab,SS-SECTION,structure-spotter | classical | mastering,dropped,,,
SS-TRANS-F,STR-TRANS,Classical Forms,named-sections,Foundation,1,Foundation,multiple_choice,1,Yes,transition,,named_section,"a passage in a sonata-form exposition that links the first subject to the second subject, usually modulating to the new key",explicit,Recognise and use correct terminology for structural sections and devices.,12,https://www.cambridgeinternational.org/Images/694052-2026-2028-syllabus.pdf,What does ‘transition’ mean in musical structure?,"a passage in a sonata-form exposition that links the first subject to the second subject, usually modulating to the new key | the opening main theme, stated in the tonic | the contrasting second main theme, in a new key | a short closing passage at the end of the exposition","a passage in a sonata-form exposition that links the first subject to the second subject, usually modulating to the new key","a passage in a sonata-form exposition that links the first subject to the second subject, usually modulating to the new key","a passage in a sonata-form exposition that links the first subject to the second subject, usually modulating to the new key. (1)","Correct — the transition links the first and second subjects, doing the harmonic work of modulating from the tonic toward the second subject's new key.",first subject|second subject|codetta,,text,No,,No,structure-spotter | practice-mode | progress-mode | teacher-mode | exam-lab,SS-SECTION,structure-spotter | classical | foundation,dropped,,,
SS-TRANS-D,STR-TRANS,Classical Forms,named-sections,Developing,2,Foundation,multiple_choice_reverse,1,Yes,transition,,named_section,"a passage in a sonata-form exposition that links the first subject to the second subject, usually modulating to the new key",explicit,Recognise and use correct terminology for structural sections and devices.,12,https://www.cambridgeinternational.org/Images/694052-2026-2028-syllabus.pdf,"Which structural term means: a passage in a sonata-form exposition that links the first subject to the second subject, usually modulating to the new key?",Transition | First subject | Second subject | Codetta,transition,transition,transition. (1),Correct — the modulating link passage between the first and second subjects is the transition.,first subject|second subject|codetta,,text,No,,No,structure-spotter | practice-mode | progress-mode | teacher-mode | exam-lab,SS-SECTION,structure-spotter | classical | developing,dropped,,,
SS-TRANS-S,STR-TRANS,Classical Forms,named-sections,Securing,3,Foundation,short_answer,1,No,transition,,named_section,"a passage in a sonata-form exposition that links the first subject to the second subject, usually modulating to the new key",explicit,Recognise and use correct terminology for structural sections and devices.,12,https://www.cambridgeinternational.org/Images/694052-2026-2028-syllabus.pdf,"Give the structural term that means: a passage in a sonata-form exposition that links the first subject to the second subject, usually modulating to the new key.",,transition,transition|bridge passage,1 mark for the correct term: transition.,"Transition: the passage linking first and second subjects, modulating toward the second subject's key.",first subject|second subject|codetta,,text,No,,No,structure-spotter | practice-mode | progress-mode | teacher-mode | exam-lab,SS-SECTION,structure-spotter | classical | securing,dropped,,,
SS-TRANS-M,STR-TRANS,Classical Forms,named-sections,Mastering,4,Foundation,exam_style_short_answer,2,No,transition,,named_section,"a passage in a sonata-form exposition that links the first subject to the second subject, usually modulating to the new key",explicit,Recognise and use correct terminology for structural sections and devices.,12,https://www.cambridgeinternational.org/Images/694052-2026-2028-syllabus.pdf,Explain the harmonic job the transition does within a sonata-form exposition.,,"It modulates the music from the first subject's tonic key toward the second subject's new key (usually the dominant), preparing the ear for the change of key area.",modulates to the new key|prepares the dominant|bridges the two keys,"2 marks for a clear, accurate explanation that the transition's role is to modulate from the tonic toward the second subject's key (usually the dominant); 1 mark for a partial/vaguer version of this.","Without the transition's modulation, the jump from the first subject's key straight to the second subject's would feel abrupt — it's the harmonic bridge that makes the change of key feel prepared.",first subject|second subject|codetta,,text,No,,No,structure-spotter | practice-mode | progress-mode | teacher-mode | exam-lab,SS-SECTION,structure-spotter | classical | mastering,dropped,,,
SS-CODETTA-F,STR-CODETTA,Classical Forms,named-sections,Foundation,1,Foundation,multiple_choice,1,Yes,codetta,,named_section,"a small closing passage that rounds off a sonata-form exposition, after the second subject",explicit,Recognise and use correct terminology for structural sections and devices.,12,https://www.cambridgeinternational.org/Images/694052-2026-2028-syllabus.pdf,What does ‘codetta’ mean in musical structure?,"a small closing passage that rounds off a sonata-form exposition, after the second subject | a large closing section rounding off the entire movement | the opening theme of the exposition | the modulating link between the first and second subjects","a small closing passage that rounds off a sonata-form exposition, after the second subject","a small closing passage that rounds off a sonata-form exposition, after the second subject","a small closing passage that rounds off a sonata-form exposition, after the second subject. (1)","Correct — a codetta is a small closing passage that rounds off the exposition, after the second subject, before the exposition repeats or the development begins.",coda|second subject,,text,No,,Yes,structure-spotter | practice-mode | progress-mode | teacher-mode | exam-lab,SS-SECTION,structure-spotter | classical | foundation,active,,audio/SS-CODETTA.mp3,
SS-CODETTA-D,STR-CODETTA,Classical Forms,named-sections,Developing,2,Foundation,multiple_choice_reverse,1,Yes,codetta,,named_section,"a small closing passage that rounds off a sonata-form exposition, after the second subject",explicit,Recognise and use correct terminology for structural sections and devices.,12,https://www.cambridgeinternational.org/Images/694052-2026-2028-syllabus.pdf,"Which structural term means: a small closing passage that rounds off a sonata-form exposition, after the second subject?",Codetta | Coda | First subject | Transition,codetta,codetta,codetta. (1),"Correct — the small closing passage that rounds off an exposition, after the second subject, is the codetta.",coda|second subject,,text,No,,Yes,structure-spotter | practice-mode | progress-mode | teacher-mode | exam-lab,SS-SECTION,structure-spotter | classical | developing,active,,audio/SS-CODETTA.mp3,
SS-CODETTA-S,STR-CODETTA,Classical Forms,named-sections,Securing,3,Foundation,short_answer,1,No,codetta,,named_section,"a small closing passage that rounds off a sonata-form exposition, after the second subject",explicit,Recognise and use correct terminology for structural sections and devices.,12,https://www.cambridgeinternational.org/Images/694052-2026-2028-syllabus.pdf,"Give the structural term that means: a small closing passage that rounds off a sonata-form exposition, after the second subject.",,codetta,codetta|codettas,1 mark for the correct term: codetta.,"Codetta: a small closing passage ending the exposition, after the second subject.",coda|second subject,,text,No,,Yes,structure-spotter | practice-mode | progress-mode | teacher-mode | exam-lab,SS-SECTION,structure-spotter | classical | securing,active,,audio/SS-CODETTA.mp3,
SS-CODETTA-M,STR-CODETTA,Classical Forms,named-sections,Mastering,4,Foundation,exam_style_short_answer,2,No,codetta,,named_section,"a small closing passage that rounds off a sonata-form exposition, after the second subject",explicit,Recognise and use correct terminology for structural sections and devices.,12,https://www.cambridgeinternational.org/Images/694052-2026-2028-syllabus.pdf,Explain how a codetta differs from a coda in scale and position within a sonata-form movement.,,"A codetta is smaller-scale and occurs at the end of the exposition (after the second subject); a coda is usually larger and occurs at the very end of the whole movement, after the recapitulation.",codetta is smaller and earlier|coda is larger and at the very end,"1 mark for correctly locating the codetta (end of the exposition); 1 mark for a valid scale/position contrast with the coda (larger, at the end of the whole movement).","Think of the codetta as the exposition's own small full stop, and the coda as the whole movement's much bigger one.",coda|second subject,,text,No,,No,structure-spotter | practice-mode | progress-mode | teacher-mode | exam-lab,SS-SECTION,structure-spotter | classical | mastering,dropped,,,
SS-EPISODE-F,STR-EPISODE,Classical Forms,named-sections,Foundation,1,Foundation,multiple_choice,1,Yes,episode,,named_section,"a contrasting section that sits between returns of a recurring main idea, e.g. between ritornellos in ritornello form or between A sections in rondo form",explicit,Recognise and use correct terminology for structural sections and devices.,12,https://www.cambridgeinternational.org/Images/694052-2026-2028-syllabus.pdf,What does ‘episode’ mean in musical structure?,"a contrasting section that sits between returns of a recurring main idea, e.g. between ritornellos in ritornello form or between A sections in rondo form | the recurring main idea itself, played by the full ensemble | the opening section before the main theme begins | a virtuosic unaccompanied solo passage","a contrasting section that sits between returns of a recurring main idea, e.g. between ritornellos in ritornello form or between A sections in rondo form","a contrasting section that sits between returns of a recurring main idea, e.g. between ritornellos in ritornello form or between A sections in rondo form","a contrasting section that sits between returns of a recurring main idea, e.g. between ritornellos in ritornello form or between A sections in rondo form. (1)","Correct — an episode is a contrasting section that sits between returns of a recurring idea, such as a soloist's material between ritornellos, or a rondo's B/C sections between returns of A.",ritornello|ritornello form,,text,No,,Yes,structure-spotter | practice-mode | progress-mode | teacher-mode | exam-lab,SS-SECTION,structure-spotter | classical | foundation,active,,audio/SS-EPISODE.mp3,
SS-EPISODE-D,STR-EPISODE,Classical Forms,named-sections,Developing,2,Foundation,multiple_choice_reverse,1,Yes,episode,,named_section,"a contrasting section that sits between returns of a recurring main idea, e.g. between ritornellos in ritornello form or between A sections in rondo form",explicit,Recognise and use correct terminology for structural sections and devices.,12,https://www.cambridgeinternational.org/Images/694052-2026-2028-syllabus.pdf,"Which structural term means: a contrasting section that sits between returns of a recurring main idea, e.g. between ritornellos in ritornello form or between A sections in rondo form?",Episode | Ritornello | Introduction | Cadenza,episode,episode,episode. (1),Correct — a contrasting section between returns of a recurring main idea is an episode.,ritornello|ritornello form,,text,No,,Yes,structure-spotter | practice-mode | progress-mode | teacher-mode | exam-lab,SS-SECTION,structure-spotter | classical | developing,active,,audio/SS-EPISODE.mp3,
SS-EPISODE-S,STR-EPISODE,Classical Forms,named-sections,Securing,3,Foundation,short_answer,1,No,episode,,named_section,"a contrasting section that sits between returns of a recurring main idea, e.g. between ritornellos in ritornello form or between A sections in rondo form",explicit,Recognise and use correct terminology for structural sections and devices.,12,https://www.cambridgeinternational.org/Images/694052-2026-2028-syllabus.pdf,"Give the structural term that means: a contrasting section that sits between returns of a recurring main idea, e.g. between ritornellos in ritornello form or between A sections in rondo form.",,episode,episode|episodes,1 mark for the correct term: episode.,Episode: a contrasting section between returns of a recurring idea (e.g. in ritornello form or rondo form).,ritornello|ritornello form,,text,No,,Yes,structure-spotter | practice-mode | progress-mode | teacher-mode | exam-lab,SS-SECTION,structure-spotter | classical | securing,active,,audio/SS-EPISODE.mp3,
SS-EPISODE-M,STR-EPISODE,Classical Forms,named-sections,Mastering,4,Foundation,exam_style_short_answer,2,No,episode,,named_section,"a contrasting section that sits between returns of a recurring main idea, e.g. between ritornellos in ritornello form or between A sections in rondo form",explicit,Recognise and use correct terminology for structural sections and devices.,12,https://www.cambridgeinternational.org/Images/694052-2026-2028-syllabus.pdf,"In a Baroque concerto's ritornello form, describe ONE typical difference between the episodes and the ritornello itself, in terms of who plays and what happens to the key.",,"Episodes typically feature the soloist(s) (rather than the full tutti ensemble of the ritornello) and often modulate through new keys, whereas the ritornello tends to return in stable, often more closely related keys.",soloist plays the episode|episodes modulate|ritornello is tutti,1 mark for correctly identifying the episode as soloist-led (vs the ritornello's tutti); 1 mark for a valid harmonic contrast (episodes often modulate/explore new keys).,"Episodes are where the soloist gets to shine and the harmony gets to wander — the ritornello's job, each time it returns, is to bring things back to solid ground.",ritornello|ritornello form,,text,No,,No,structure-spotter | practice-mode | progress-mode | teacher-mode | exam-lab,SS-SECTION,structure-spotter | classical | mastering,dropped,,,
SS-CALLRESPONSE-F,STR-CALLRESPONSE,Popular & EDM,named-sections,Foundation,1,Foundation,multiple_choice,1,Yes,call and response,,named_section,"a musical device where one phrase (the call), often from a soloist or leader, is answered by a second phrase (the response), often from a group",explicit,Recognise and use correct terminology for structural sections and devices.,12,https://www.cambridgeinternational.org/Images/694052-2026-2028-syllabus.pdf,What does ‘call and response’ mean in musical structure?,"a musical device where one phrase (the call), often from a soloist or leader, is answered by a second phrase (the response), often from a group | a structure where a main theme keeps returning between contrasting episodes | a passage where a soloist performs a virtuosic unaccompanied display | a technique where the same melody is repeated exactly by every performer at once","a musical device where one phrase (the call), often from a soloist or leader, is answered by a second phrase (the response), often from a group","a musical device where one phrase (the call), often from a soloist or leader, is answered by a second phrase (the response), often from a group","a musical device where one phrase (the call), often from a soloist or leader, is answered by a second phrase (the response), often from a group. (1)","Correct — call and response is a 'question and answer' device: one voice/instrument (the call) is answered by another (the response), common in gospel, blues, work songs and many world-music traditions.",imitation|unison,,text,No,,No,structure-spotter | practice-mode | progress-mode | teacher-mode | exam-lab,SS-DEVICE,structure-spotter | popular | foundation,dropped,,,
SS-CALLRESPONSE-D,STR-CALLRESPONSE,Popular & EDM,named-sections,Developing,2,Foundation,multiple_choice_reverse,1,Yes,call and response,,named_section,"a musical device where one phrase (the call), often from a soloist or leader, is answered by a second phrase (the response), often from a group",explicit,Recognise and use correct terminology for structural sections and devices.,12,https://www.cambridgeinternational.org/Images/694052-2026-2028-syllabus.pdf,"Which structural term means: a musical device where one phrase (the call), often from a soloist or leader, is answered by a second phrase (the response), often from a group?",Call and response | Rondo form | Cadenza | Unison,call and response,call and response,call and response. (1),Correct — a leader's phrase answered by a group's phrase is call and response.,imitation|unison,,text,No,,No,structure-spotter | practice-mode | progress-mode | teacher-mode | exam-lab,SS-DEVICE,structure-spotter | popular | developing,dropped,,,
SS-CALLRESPONSE-S,STR-CALLRESPONSE,Popular & EDM,named-sections,Securing,3,Foundation,short_answer,1,No,call and response,,named_section,"a musical device where one phrase (the call), often from a soloist or leader, is answered by a second phrase (the response), often from a group",explicit,Recognise and use correct terminology for structural sections and devices.,12,https://www.cambridgeinternational.org/Images/694052-2026-2028-syllabus.pdf,"Give the structural term that means: a musical device where one phrase (the call), often from a soloist or leader, is answered by a second phrase (the response), often from a group.",,call and response,call and response|call-and-response|call & response,1 mark for the correct term: call and response.,"Call and response: a leading phrase (the call) answered by a responding phrase, often leader-to-group.",imitation|unison,,text,No,,No,structure-spotter | practice-mode | progress-mode | teacher-mode | exam-lab,SS-DEVICE,structure-spotter | popular | securing,dropped,,,
SS-CALLRESPONSE-M,STR-CALLRESPONSE,Popular & EDM,named-sections,Mastering,4,Foundation,exam_style_short_answer,2,No,call and response,,named_section,"a musical device where one phrase (the call), often from a soloist or leader, is answered by a second phrase (the response), often from a group",explicit,Recognise and use correct terminology for structural sections and devices.,12,https://www.cambridgeinternational.org/Images/694052-2026-2028-syllabus.pdf,Call and response appears across many genres and traditions. Name TWO different genres or musical traditions where call and response is a typical feature.,,"Any two of: gospel/spirituals, blues, jazz, work songs, many African and African-American musical traditions, some popular/soul music (e.g. lead singer and backing vocalists).",gospel|blues|jazz|work songs|soul music|African music,1 mark for each valid genre/tradition named (max 2) where call and response is a recognised feature.,"Call and response runs through an enormous range of music — from African and African-American traditions (work songs, gospel, blues) through to jazz solos trading phrases and pop's lead-vocal-and-backing-vocal exchanges.",imitation|unison,,text,No,,No,structure-spotter | practice-mode | progress-mode | teacher-mode | exam-lab,SS-DEVICE,structure-spotter | popular | mastering,dropped,,,
SS-POPINTRO-F,STR-POPINTRO,Popular & EDM,song-structure,Foundation,1,Foundation,multiple_choice,1,Yes,intro,,named_section,"the opening section of a popular song, before the first verse, that establishes the mood, key and tempo",explicit,Recognise and use correct terminology for structural sections and devices.,12,https://www.cambridgeinternational.org/Images/694052-2026-2028-syllabus.pdf,What does ‘intro’ mean in musical structure?,"the opening section of a popular song, before the first verse, that establishes the mood, key and tempo | the most memorable, repeated section of a popular song, usually carrying its main hook | a contrasting section, often appearing once, that provides variety before the final chorus | the closing section that winds a popular song down","the opening section of a popular song, before the first verse, that establishes the mood, key and tempo","the opening section of a popular song, before the first verse, that establishes the mood, key and tempo","the opening section of a popular song, before the first verse, that establishes the mood, key and tempo. (1)","Correct — the intro is a popular song's opening section, before the first verse, establishing its mood, key and tempo.",outro|verse,,text,No,,No,structure-spotter | practice-mode | progress-mode | teacher-mode | exam-lab,SS-POP,structure-spotter | popular | foundation,dropped,,,
SS-POPINTRO-D,STR-POPINTRO,Popular & EDM,song-structure,Developing,2,Foundation,multiple_choice_reverse,1,Yes,intro,,named_section,"the opening section of a popular song, before the first verse, that establishes the mood, key and tempo",explicit,Recognise and use correct terminology for structural sections and devices.,12,https://www.cambridgeinternational.org/Images/694052-2026-2028-syllabus.pdf,"Which structural term means: the opening section of a popular song, before the first verse, that establishes the mood, key and tempo?",Intro | Chorus | Bridge | Outro,intro,intro,intro. (1),"Correct — a popular song's opening section, before the first verse, is its intro.",outro|verse,,text,No,,No,structure-spotter | practice-mode | progress-mode | teacher-mode | exam-lab,SS-POP,structure-spotter | popular | developing,dropped,,,
SS-POPINTRO-S,STR-POPINTRO,Popular & EDM,song-structure,Securing,3,Foundation,short_answer,1,No,intro,,named_section,"the opening section of a popular song, before the first verse, that establishes the mood, key and tempo",explicit,Recognise and use correct terminology for structural sections and devices.,12,https://www.cambridgeinternational.org/Images/694052-2026-2028-syllabus.pdf,"Give the structural term that means: the opening section of a popular song, before the first verse, that establishes the mood, key and tempo.",,intro,intro|introduction,1 mark for the correct term: intro.,"Intro: a popular song's opening section, before the first verse.",outro|verse,,text,No,,No,structure-spotter | practice-mode | progress-mode | teacher-mode | exam-lab,SS-POP,structure-spotter | popular | securing,dropped,,,
SS-POPINTRO-M,STR-POPINTRO,Popular & EDM,song-structure,Mastering,4,Foundation,exam_style_short_answer,2,No,intro,,named_section,"the opening section of a popular song, before the first verse, that establishes the mood, key and tempo",explicit,Recognise and use correct terminology for structural sections and devices.,12,https://www.cambridgeinternational.org/Images/694052-2026-2028-syllabus.pdf,Describe TWO musical purposes an intro can serve at the start of a popular song.,,"Any two of: establishes the key/tonality, sets the tempo, introduces the main riff/hook, sets the mood/genre, builds anticipation for the first verse.",establishes key|sets tempo|introduces the hook|builds anticipation,"1 mark for each valid purpose named (max 2): establishing key/tempo/mood, introducing a hook/riff, or building anticipation.",A strong intro often does several jobs at once — setting the tempo and mood while also planting a hook (riff or instrumental idea) the listener will recognise later in the song.,outro|verse,,text,No,,No,structure-spotter | practice-mode | progress-mode | teacher-mode | exam-lab,SS-POP,structure-spotter | popular | mastering,dropped,,,
SS-VERSE-F,STR-VERSE,Popular & EDM,song-structure,Foundation,1,Foundation,multiple_choice,1,Yes,verse,,named_section,"a section of a popular song that carries the developing narrative/lyrics, usually with the same melody but different words each time it recurs",explicit,Recognise and use correct terminology for structural sections and devices.,12,https://www.cambridgeinternational.org/Images/694052-2026-2028-syllabus.pdf,What does ‘verse’ mean in musical structure?,"a section of a popular song that carries the developing narrative/lyrics, usually with the same melody but different words each time it recurs | the most memorable, repeated section of a song, usually carrying its main hook, with the same words each time | a contrasting section providing variety before the final chorus | the opening section before the first verse","a section of a popular song that carries the developing narrative/lyrics, usually with the same melody but different words each time it recurs","a section of a popular song that carries the developing narrative/lyrics, usually with the same melody but different words each time it recurs","a section of a popular song that carries the developing narrative/lyrics, usually with the same melody but different words each time it recurs. (1)","Correct — a verse carries the song's developing story/lyrics; the melody usually stays similar each time, but the words change.",chorus|strophic,,text,No,,No,structure-spotter | practice-mode | progress-mode | teacher-mode | exam-lab,SS-POP,structure-spotter | popular | foundation,dropped,,,
SS-VERSE-D,STR-VERSE,Popular & EDM,song-structure,Developing,2,Foundation,multiple_choice_reverse,1,Yes,verse,,named_section,"a section of a popular song that carries the developing narrative/lyrics, usually with the same melody but different words each time it recurs",explicit,Recognise and use correct terminology for structural sections and devices.,12,https://www.cambridgeinternational.org/Images/694052-2026-2028-syllabus.pdf,"Which structural term means: a section of a popular song that carries the developing narrative/lyrics, usually with the same melody but different words each time it recurs?",Verse | Chorus | Bridge | Intro,verse,verse,verse. (1),"Correct — the section with changing lyrics over a repeating melody, carrying the story, is the verse.",chorus|strophic,,text,No,,No,structure-spotter | practice-mode | progress-mode | teacher-mode | exam-lab,SS-POP,structure-spotter | popular | developing,dropped,,,
SS-VERSE-S,STR-VERSE,Popular & EDM,song-structure,Securing,3,Foundation,short_answer,1,No,verse,,named_section,"a section of a popular song that carries the developing narrative/lyrics, usually with the same melody but different words each time it recurs",explicit,Recognise and use correct terminology for structural sections and devices.,12,https://www.cambridgeinternational.org/Images/694052-2026-2028-syllabus.pdf,"Give the structural term that means: a section of a popular song that carries the developing narrative/lyrics, usually with the same melody but different words each time it recurs.",,verse,verse|verses,1 mark for the correct term: verse.,"Verse: carries the developing lyrics/narrative, with new words set to a repeating melody each time it returns.",chorus|strophic,,text,No,,No,structure-spotter | practice-mode | progress-mode | teacher-mode | exam-lab,SS-POP,structure-spotter | popular | securing,dropped,,,
SS-VERSE-M,STR-VERSE,Popular & EDM,song-structure,Mastering,4,Foundation,exam_style_short_answer,2,No,verse,,named_section,"a section of a popular song that carries the developing narrative/lyrics, usually with the same melody but different words each time it recurs",explicit,Recognise and use correct terminology for structural sections and devices.,12,https://www.cambridgeinternational.org/Images/694052-2026-2028-syllabus.pdf,Explain the main difference in purpose between a verse and a chorus in a popular song.,,"The verse develops the story/lyrics, with new words each time over a similar melody; the chorus usually repeats the same words and melody each time, carrying the song's main hook/message, and is typically more memorable/catchy.",verse tells the story|chorus repeats the same hook|chorus is more memorable,"1 mark for correctly describing the verse's role (narrative development, changing lyrics); 1 mark for correctly contrasting it with the chorus (repeated lyrics/melody, main hook).","Verses move the story forward with new words each time; choruses stay the same every time, which is exactly what makes them so memorable/singable.",chorus|strophic,,text,No,,No,structure-spotter | practice-mode | progress-mode | teacher-mode | exam-lab,SS-POP,structure-spotter | popular | mastering,dropped,,,
SS-CHORUS-F,STR-CHORUS,Popular & EDM,song-structure,Foundation,1,Foundation,multiple_choice,1,Yes,chorus,,named_section,"the most memorable, repeated section of a popular song, usually carrying its main hook, with the same words and melody every time it recurs",explicit,Recognise and use correct terminology for structural sections and devices.,12,https://www.cambridgeinternational.org/Images/694052-2026-2028-syllabus.pdf,What does ‘chorus’ mean in musical structure?,"the most memorable, repeated section of a popular song, usually carrying its main hook, with the same words and melody every time it recurs | a section that develops the story, usually with new lyrics each time over a repeating melody | a contrasting section, often appearing once, that provides variety before the final chorus | the closing section that winds a song down","the most memorable, repeated section of a popular song, usually carrying its main hook, with the same words and melody every time it recurs","the most memorable, repeated section of a popular song, usually carrying its main hook, with the same words and melody every time it recurs","the most memorable, repeated section of a popular song, usually carrying its main hook, with the same words and melody every time it recurs. (1)","Correct — the chorus is a popular song's most repeated, memorable section, carrying the main hook, with the same words and melody every time.",verse|bridge,,text,No,,Yes,structure-spotter | practice-mode | progress-mode | teacher-mode | exam-lab,SS-POP,structure-spotter | popular | foundation,active,,audio/SS-CHORUS.mp3,
SS-CHORUS-D,STR-CHORUS,Popular & EDM,song-structure,Developing,2,Foundation,multiple_choice_reverse,1,Yes,chorus,,named_section,"the most memorable, repeated section of a popular song, usually carrying its main hook, with the same words and melody every time it recurs",explicit,Recognise and use correct terminology for structural sections and devices.,12,https://www.cambridgeinternational.org/Images/694052-2026-2028-syllabus.pdf,"Which structural term means: the most memorable, repeated section of a popular song, usually carrying its main hook, with the same words and melody every time it recurs?",Chorus | Verse | Bridge | Outro,chorus,chorus,chorus. (1),"Correct — the repeated section with the same words/melody each time, carrying the main hook, is the chorus.",verse|bridge,,text,No,,Yes,structure-spotter | practice-mode | progress-mode | teacher-mode | exam-lab,SS-POP,structure-spotter | popular | developing,active,,audio/SS-CHORUS.mp3,
SS-CHORUS-S,STR-CHORUS,Popular & EDM,song-structure,Securing,3,Foundation,short_answer,1,No,chorus,,named_section,"the most memorable, repeated section of a popular song, usually carrying its main hook, with the same words and melody every time it recurs",explicit,Recognise and use correct terminology for structural sections and devices.,12,https://www.cambridgeinternational.org/Images/694052-2026-2028-syllabus.pdf,"Give the structural term that means: the most memorable, repeated section of a popular song, usually carrying its main hook, with the same words and melody every time it recurs.",,chorus,chorus|choruses|hook,1 mark for the correct term: chorus.,"Chorus: the song's most repeated, memorable section, with the same lyrics and melody each time it recurs.",verse|bridge,,text,No,,Yes,structure-spotter | practice-mode | progress-mode | teacher-mode | exam-lab,SS-POP,structure-spotter | popular | securing,active,,audio/SS-CHORUS.mp3,
SS-CHORUS-M,STR-CHORUS,Popular & EDM,song-structure,Mastering,4,Foundation,exam_style_short_answer,2,No,chorus,,named_section,"the most memorable, repeated section of a popular song, usually carrying its main hook, with the same words and melody every time it recurs",explicit,Recognise and use correct terminology for structural sections and devices.,12,https://www.cambridgeinternational.org/Images/694052-2026-2028-syllabus.pdf,"Explain why the chorus is often the most memorable part of a popular song, referring to how it is used across the structure.",,"It repeats with identical (or near-identical) lyrics and melody every time it appears, and typically appears more often than any other section — this repetition, plus often being the loudest/fullest-textured section, makes it stick in the listener's memory.",repeats identically|appears most often|fullest texture/loudest section,1 mark for identifying the chorus's exact repetition (same words/melody each time); 1 mark for a valid reason this repetition (and/or frequency of appearance) makes it memorable.,"Repetition is powerful — a chorus that returns unchanged several times across a song, often with the fullest texture, is designed to lodge in the listener's memory more than any other section.",verse|bridge,,text,No,,No,structure-spotter | practice-mode | progress-mode | teacher-mode | exam-lab,SS-POP,structure-spotter | popular | mastering,dropped,,,
SS-BRIDGE-F,STR-BRIDGE,Popular & EDM,song-structure,Foundation,1,Foundation,multiple_choice,1,Yes,bridge (middle eight),,named_section,"a contrasting section, usually appearing once, that provides variety (often a change of harmony, melody or lyric perspective) before the final chorus",explicit,Recognise and use correct terminology for structural sections and devices.,12,https://www.cambridgeinternational.org/Images/694052-2026-2028-syllabus.pdf,What does ‘bridge (middle eight)’ mean in musical structure?,"a contrasting section, usually appearing once, that provides variety (often a change of harmony, melody or lyric perspective) before the final chorus | the most memorable, repeated section carrying the song's main hook | a section that develops the story with new lyrics over a repeating melody | the opening section before the first verse","a contrasting section, usually appearing once, that provides variety (often a change of harmony, melody or lyric perspective) before the final chorus","a contrasting section, usually appearing once, that provides variety (often a change of harmony, melody or lyric perspective) before the final chorus","a contrasting section, usually appearing once, that provides variety (often a change of harmony, melody or lyric perspective) before the final chorus. (1)","Correct — the bridge (or 'middle eight') is a contrasting section, usually heard only once, that provides variety before the final chorus — often with new harmony, melody or lyrical perspective.",chorus|verse,,text,No,,No,structure-spotter | practice-mode | progress-mode | teacher-mode | exam-lab,SS-POP,structure-spotter | popular | foundation,dropped,,,
SS-BRIDGE-D,STR-BRIDGE,Popular & EDM,song-structure,Developing,2,Foundation,multiple_choice_reverse,1,Yes,bridge (middle eight),,named_section,"a contrasting section, usually appearing once, that provides variety (often a change of harmony, melody or lyric perspective) before the final chorus",explicit,Recognise and use correct terminology for structural sections and devices.,12,https://www.cambridgeinternational.org/Images/694052-2026-2028-syllabus.pdf,"Which structural term means: a contrasting section, usually appearing once, that provides variety (often a change of harmony, melody or lyric perspective) before the final chorus?",Bridge | Chorus | Verse | Intro,bridge (middle eight),bridge (middle eight),bridge (middle eight). (1),Correct — a once-off contrasting section providing variety before the final chorus is the bridge (middle eight).,chorus|verse,,text,No,,No,structure-spotter | practice-mode | progress-mode | teacher-mode | exam-lab,SS-POP,structure-spotter | popular | developing,dropped,,,
SS-BRIDGE-S,STR-BRIDGE,Popular & EDM,song-structure,Securing,3,Foundation,short_answer,1,No,bridge (middle eight),,named_section,"a contrasting section, usually appearing once, that provides variety (often a change of harmony, melody or lyric perspective) before the final chorus",explicit,Recognise and use correct terminology for structural sections and devices.,12,https://www.cambridgeinternational.org/Images/694052-2026-2028-syllabus.pdf,"Give the structural term that means: a contrasting section, usually appearing once, that provides variety (often a change of harmony, melody or lyric perspective) before the final chorus.",,bridge,bridge|middle eight|middle 8,1 mark for the correct term: bridge.,"Bridge (middle eight): a contrasting section, usually appearing once, providing variety before the final chorus.",chorus|verse,,text,No,,No,structure-spotter | practice-mode | progress-mode | teacher-mode | exam-lab,SS-POP,structure-spotter | popular | securing,dropped,,,
SS-BRIDGE-M,STR-BRIDGE,Popular & EDM,song-structure,Mastering,4,Foundation,exam_style_short_answer,2,No,bridge (middle eight),,named_section,"a contrasting section, usually appearing once, that provides variety (often a change of harmony, melody or lyric perspective) before the final chorus",explicit,Recognise and use correct terminology for structural sections and devices.,12,https://www.cambridgeinternational.org/Images/694052-2026-2028-syllabus.pdf,"Explain what musical and lyrical role a bridge typically plays in a popular song, and why it is usually placed shortly before the final chorus.",,"Musically it often contrasts with the verse/chorus (different chords, melody or key); lyrically it can offer a new perspective on the song's theme. It's placed before the final chorus to provide contrast/renewed interest so the returning chorus feels fresh rather than repetitive.",provides contrast|new lyrical perspective|refreshes interest before the final chorus,1 mark for describing the bridge's musical/lyrical contrast function; 1 mark for explaining why this placement (just before the final chorus) renews the listener's interest.,"A well-placed bridge resets the listener's ear just before the final chorus returns, so that familiar hook lands with fresh impact rather than feeling like simple repetition.",chorus|verse,,text,No,,No,structure-spotter | practice-mode | progress-mode | teacher-mode | exam-lab,SS-POP,structure-spotter | popular | mastering,dropped,,,
SS-OUTRO-F,STR-OUTRO,Popular & EDM,song-structure,Foundation,1,Foundation,multiple_choice,1,Yes,outro,,named_section,"the closing section of a popular song, winding the music down (or fading out) after the main structure is complete",explicit,Recognise and use correct terminology for structural sections and devices.,12,https://www.cambridgeinternational.org/Images/694052-2026-2028-syllabus.pdf,What does ‘outro’ mean in musical structure?,"the closing section of a popular song, winding the music down (or fading out) after the main structure is complete | the opening section, before the first verse, establishing mood and tempo | the most memorable, repeated section carrying the song's main hook | a contrasting section providing variety before the final chorus","the closing section of a popular song, winding the music down (or fading out) after the main structure is complete","the closing section of a popular song, winding the music down (or fading out) after the main structure is complete","the closing section of a popular song, winding the music down (or fading out) after the main structure is complete. (1)","Correct — the outro is a popular song's closing section, winding the music down (sometimes fading out) after the main structure is finished.",intro|coda,,text,No,,No,structure-spotter | practice-mode | progress-mode | teacher-mode | exam-lab,SS-POP,structure-spotter | popular | foundation,dropped,,,
SS-OUTRO-D,STR-OUTRO,Popular & EDM,song-structure,Developing,2,Foundation,multiple_choice_reverse,1,Yes,outro,,named_section,"the closing section of a popular song, winding the music down (or fading out) after the main structure is complete",explicit,Recognise and use correct terminology for structural sections and devices.,12,https://www.cambridgeinternational.org/Images/694052-2026-2028-syllabus.pdf,"Which structural term means: the closing section of a popular song, winding the music down (or fading out) after the main structure is complete?",Outro | Intro | Chorus | Bridge,outro,outro,outro. (1),"Correct — a popular song's closing, winding-down section is its outro.",intro|coda,,text,No,,No,structure-spotter | practice-mode | progress-mode | teacher-mode | exam-lab,SS-POP,structure-spotter | popular | developing,dropped,,,
SS-OUTRO-S,STR-OUTRO,Popular & EDM,song-structure,Securing,3,Foundation,short_answer,1,No,outro,,named_section,"the closing section of a popular song, winding the music down (or fading out) after the main structure is complete",explicit,Recognise and use correct terminology for structural sections and devices.,12,https://www.cambridgeinternational.org/Images/694052-2026-2028-syllabus.pdf,"Give the structural term that means: the closing section of a popular song, winding the music down (or fading out) after the main structure is complete.",,outro,outro|outros,1 mark for the correct term: outro.,"Outro: a popular song's closing section, after the main structure is complete.",intro|coda,,text,No,,No,structure-spotter | practice-mode | progress-mode | teacher-mode | exam-lab,SS-POP,structure-spotter | popular | securing,dropped,,,
SS-OUTRO-M,STR-OUTRO,Popular & EDM,song-structure,Mastering,4,Foundation,exam_style_short_answer,2,No,outro,,named_section,"the closing section of a popular song, winding the music down (or fading out) after the main structure is complete",explicit,Recognise and use correct terminology for structural sections and devices.,12,https://www.cambridgeinternational.org/Images/694052-2026-2028-syllabus.pdf,Describe TWO different ways a popular song's outro might bring the track to an end.,,"Any two of: a fade-out (gradually reducing volume), a definite final chord/cadence, a repeat-and-fade of the chorus hook, a stripped-back/simplified texture, an instrumental tag based on earlier material.",fade out|definite final chord|repeated chorus fading|stripped-back texture,"1 mark for each valid outro technique named (max 2): fade-out, definite cadence/final chord, repeating/fading the chorus, or a simplified instrumental tag.","Outros can end decisively (a strong final chord) or dissolve gradually (a fade-out on the chorus hook) — both are common, genre-dependent choices.",intro|coda,,text,No,,No,structure-spotter | practice-mode | progress-mode | teacher-mode | exam-lab,SS-POP,structure-spotter | popular | mastering,dropped,,,
SS-BREAKDOWN-F,STR-BREAKDOWN,Popular & EDM,song-structure,Foundation,1,Foundation,multiple_choice,1,Yes,breakdown,,named_section,"a section in an EDM track (similar in role to a bridge) that strips back the texture, dropping the beat/bass, providing contrast between drops",explicit,Recognise and use correct terminology for structural sections and devices.,12,https://www.cambridgeinternational.org/Images/694052-2026-2028-syllabus.pdf,What does ‘breakdown’ mean in musical structure?,"a section in an EDM track (similar in role to a bridge) that strips back the texture, dropping the beat/bass, providing contrast between drops | the section of rising tension immediately before a drop | the climactic, full-texture release section of an EDM track | the opening section of an EDM track, establishing the groove","a section in an EDM track (similar in role to a bridge) that strips back the texture, dropping the beat/bass, providing contrast between drops","a section in an EDM track (similar in role to a bridge) that strips back the texture, dropping the beat/bass, providing contrast between drops","a section in an EDM track (similar in role to a bridge) that strips back the texture, dropping the beat/bass, providing contrast between drops. (1)","Correct — the breakdown strips an EDM track's texture right back (often losing the beat/bass entirely), giving contrast between the high-energy drops, similar to a bridge in a pop song.",build up|drop,,text,No,,Yes,structure-spotter | practice-mode | progress-mode | teacher-mode | exam-lab,SS-POP,structure-spotter | popular | foundation,active,,audio/SS-BREAKDOWN.mp3,
SS-BREAKDOWN-D,STR-BREAKDOWN,Popular & EDM,song-structure,Developing,2,Foundation,multiple_choice_reverse,1,Yes,breakdown,,named_section,"a section in an EDM track (similar in role to a bridge) that strips back the texture, dropping the beat/bass, providing contrast between drops",explicit,Recognise and use correct terminology for structural sections and devices.,12,https://www.cambridgeinternational.org/Images/694052-2026-2028-syllabus.pdf,"Which structural term means: a section in an EDM track (similar in role to a bridge) that strips back the texture, dropping the beat/bass, providing contrast between drops?",Breakdown | Build | Drop | Intro,breakdown,breakdown,breakdown. (1),"Correct — a stripped-back section, often without beat/bass, contrasting with the drops, is the breakdown.",build up|drop,,text,No,,Yes,structure-spotter | practice-mode | progress-mode | teacher-mode | exam-lab,SS-POP,structure-spotter | popular | developing,active,,audio/SS-BREAKDOWN.mp3,
SS-BREAKDOWN-S,STR-BREAKDOWN,Popular & EDM,song-structure,Securing,3,Foundation,short_answer,1,No,breakdown,,named_section,"a section in an EDM track (similar in role to a bridge) that strips back the texture, dropping the beat/bass, providing contrast between drops",explicit,Recognise and use correct terminology for structural sections and devices.,12,https://www.cambridgeinternational.org/Images/694052-2026-2028-syllabus.pdf,"Give the structural term that means: a section in an EDM track (similar in role to a bridge) that strips back the texture, dropping the beat/bass, providing contrast between drops.",,breakdown,breakdown|break down,1 mark for the correct term: breakdown.,"Breakdown: an EDM track's stripped-back contrast section, similar in role to a pop song's bridge.",build up|drop,,text,No,,Yes,structure-spotter | practice-mode | progress-mode | teacher-mode | exam-lab,SS-POP,structure-spotter | popular | securing,active,,audio/SS-BREAKDOWN.mp3,
SS-BREAKDOWN-M,STR-BREAKDOWN,Popular & EDM,song-structure,Mastering,4,Foundation,exam_style_short_answer,2,No,breakdown,,named_section,"a section in an EDM track (similar in role to a bridge) that strips back the texture, dropping the beat/bass, providing contrast between drops",explicit,Recognise and use correct terminology for structural sections and devices.,12,https://www.cambridgeinternational.org/Images/694052-2026-2028-syllabus.pdf,"Explain the breakdown's structural function in an EDM track, comparing it to the role a bridge plays in a popular song.",,"Both provide contrast partway through the track/song, giving the listener a break from the main repeated material (drop/chorus) before it returns; the breakdown specifically strips back texture (often removing beat/bass) rather than necessarily changing harmony as a pop bridge might.",provides contrast before the material returns|strips back texture|equivalent structural role to a bridge,1 mark for correctly describing the breakdown's stripped-back texture/contrast function; 1 mark for a valid structural comparison to the bridge's similar role (contrast before a return of the main hook/drop).,"Structurally, the breakdown does for an EDM track what the bridge does for a pop song — it creates space and contrast so the next drop (or chorus) feels renewed.",build up|drop,,text,No,,No,structure-spotter | practice-mode | progress-mode | teacher-mode | exam-lab,SS-POP,structure-spotter | popular | mastering,dropped,,,
SS-BUILDUP-F,STR-BUILDUP,Popular & EDM,song-structure,Foundation,1,Foundation,multiple_choice,1,Yes,build up,,named_section,"a section in an EDM track that gradually increases tension and energy (e.g. rising pitch, filter sweeps, thinning texture) leading into a drop",explicit,Recognise and use correct terminology for structural sections and devices.,12,https://www.cambridgeinternational.org/Images/694052-2026-2028-syllabus.pdf,What does ‘build up’ mean in musical structure?,"a section in an EDM track that gradually increases tension and energy (e.g. rising pitch, filter sweeps, thinning texture) leading into a drop | the climactic, full-texture release section immediately after the build | a stripped-back contrast section between drops | the closing section of an EDM track","a section in an EDM track that gradually increases tension and energy (e.g. rising pitch, filter sweeps, thinning texture) leading into a drop","a section in an EDM track that gradually increases tension and energy (e.g. rising pitch, filter sweeps, thinning texture) leading into a drop","a section in an EDM track that gradually increases tension and energy (e.g. rising pitch, filter sweeps, thinning texture) leading into a drop. (1)","Correct — the build up gradually increases tension and energy (rising pitch, filter sweeps, thinning texture) leading directly into the drop.",drop|breakdown,,text,No,,Yes,structure-spotter | practice-mode | progress-mode | teacher-mode | exam-lab,SS-POP,structure-spotter | popular | foundation,active,,audio/SS-BUILDUP.mp3,
SS-BUILDUP-D,STR-BUILDUP,Popular & EDM,song-structure,Developing,2,Foundation,multiple_choice_reverse,1,Yes,build up,,named_section,"a section in an EDM track that gradually increases tension and energy (e.g. rising pitch, filter sweeps, thinning texture) leading into a drop",explicit,Recognise and use correct terminology for structural sections and devices.,12,https://www.cambridgeinternational.org/Images/694052-2026-2028-syllabus.pdf,"Which structural term means: a section in an EDM track that gradually increases tension and energy (e.g. rising pitch, filter sweeps, thinning texture) leading into a drop?",Build up | Drop | Breakdown | Outro,build up,build up,build up. (1),Correct — a section that gradually increases tension and energy before a drop is the build up.,drop|breakdown,,text,No,,Yes,structure-spotter | practice-mode | progress-mode | teacher-mode | exam-lab,SS-POP,structure-spotter | popular | developing,active,,audio/SS-BUILDUP.mp3,
SS-BUILDUP-S,STR-BUILDUP,Popular & EDM,song-structure,Securing,3,Foundation,short_answer,1,No,build up,,named_section,"a section in an EDM track that gradually increases tension and energy (e.g. rising pitch, filter sweeps, thinning texture) leading into a drop",explicit,Recognise and use correct terminology for structural sections and devices.,12,https://www.cambridgeinternational.org/Images/694052-2026-2028-syllabus.pdf,"Give the structural term that means: a section in an EDM track that gradually increases tension and energy (e.g. rising pitch, filter sweeps, thinning texture) leading into a drop.",,build up,build up|build-up|buildup,1 mark for the correct term: build up.,"Build up: an EDM section that gradually increases tension/energy, leading into a drop.",drop|breakdown,,text,No,,Yes,structure-spotter | practice-mode | progress-mode | teacher-mode | exam-lab,SS-POP,structure-spotter | popular | securing,active,,audio/SS-BUILDUP.mp3,
SS-BUILDUP-M,STR-BUILDUP,Popular & EDM,song-structure,Mastering,4,Foundation,exam_style_short_answer,2,No,build up,,named_section,"a section in an EDM track that gradually increases tension and energy (e.g. rising pitch, filter sweeps, thinning texture) leading into a drop",explicit,Recognise and use correct terminology for structural sections and devices.,12,https://www.cambridgeinternational.org/Images/694052-2026-2028-syllabus.pdf,Describe TWO specific production/musical techniques commonly used to build tension during a build up section.,,"Any two of: rising pitch (e.g. a rising synth sweep), filter sweeps (opening a low-pass filter), removing the bass/kick drum, increasing rhythmic density (e.g. faster hi-hats/snare rolls), rising dynamics/volume.",rising pitch|filter sweep|removing the bass|snare roll|rising dynamics,"1 mark for each valid tension-building technique named (max 2): rising pitch/sweep, filter opening, removing bass/kick, increasing rhythmic density, or rising dynamics.","Build ups combine several tricks at once — rising pitch sweeps, opening filters, and stripping the low end — all designed to make the drop's return of the full beat feel like a release.",drop|breakdown,,text,No,,No,structure-spotter | practice-mode | progress-mode | teacher-mode | exam-lab,SS-POP,structure-spotter | popular | mastering,dropped,,,
SS-DROP-F,STR-DROP,Popular & EDM,song-structure,Foundation,1,Foundation,multiple_choice,1,Yes,drop,,named_section,"the climactic, full-texture release section of an EDM track, where the main beat, bass and hook return at full energy after a build up",explicit,Recognise and use correct terminology for structural sections and devices.,12,https://www.cambridgeinternational.org/Images/694052-2026-2028-syllabus.pdf,What does ‘drop’ mean in musical structure?,"the climactic, full-texture release section of an EDM track, where the main beat, bass and hook return at full energy after a build up | the section that gradually increases tension before the climax | a stripped-back contrast section between drops | the opening section establishing the groove","the climactic, full-texture release section of an EDM track, where the main beat, bass and hook return at full energy after a build up","the climactic, full-texture release section of an EDM track, where the main beat, bass and hook return at full energy after a build up","the climactic, full-texture release section of an EDM track, where the main beat, bass and hook return at full energy after a build up. (1)","Correct — the drop is the climactic release point where the full beat, bass and main hook return at once, after the tension of the build up.",build up|chorus,,text,No,,Yes,structure-spotter | practice-mode | progress-mode | teacher-mode | exam-lab,SS-POP,structure-spotter | popular | foundation,active,,audio/SS-DROP.mp3,
SS-DROP-D,STR-DROP,Popular & EDM,song-structure,Developing,2,Foundation,multiple_choice_reverse,1,Yes,drop,,named_section,"the climactic, full-texture release section of an EDM track, where the main beat, bass and hook return at full energy after a build up",explicit,Recognise and use correct terminology for structural sections and devices.,12,https://www.cambridgeinternational.org/Images/694052-2026-2028-syllabus.pdf,"Which structural term means: the climactic, full-texture release section of an EDM track, where the main beat, bass and hook return at full energy after a build up?",Drop | Build up | Breakdown | Intro,drop,drop,drop. (1),"Correct — the climactic full-texture release after a build up, equivalent in role to a chorus, is the drop.",build up|chorus,,text,No,,Yes,structure-spotter | practice-mode | progress-mode | teacher-mode | exam-lab,SS-POP,structure-spotter | popular | developing,active,,audio/SS-DROP.mp3,
SS-DROP-S,STR-DROP,Popular & EDM,song-structure,Securing,3,Foundation,short_answer,1,No,drop,,named_section,"the climactic, full-texture release section of an EDM track, where the main beat, bass and hook return at full energy after a build up",explicit,Recognise and use correct terminology for structural sections and devices.,12,https://www.cambridgeinternational.org/Images/694052-2026-2028-syllabus.pdf,"Give the structural term that means: the climactic, full-texture release section of an EDM track, where the main beat, bass and hook return at full energy after a build up.",,drop,drop|drops,1 mark for the correct term: drop.,"Drop: an EDM track's climactic release section — full beat, bass and hook returning after the build up.",build up|chorus,,text,No,,Yes,structure-spotter | practice-mode | progress-mode | teacher-mode | exam-lab,SS-POP,structure-spotter | popular | securing,active,,audio/SS-DROP.mp3,
SS-DROP-M,STR-DROP,Popular & EDM,song-structure,Mastering,4,Foundation,exam_style_short_answer,2,No,drop,,named_section,"the climactic, full-texture release section of an EDM track, where the main beat, bass and hook return at full energy after a build up",explicit,Recognise and use correct terminology for structural sections and devices.,12,https://www.cambridgeinternational.org/Images/694052-2026-2028-syllabus.pdf,"Explain why the drop is often described as the EDM equivalent of a chorus, referring to how each functions within its genre's structure.",,"Both are the most memorable, full-energy, most-repeated section of their track, carrying the main hook, and both are prepared for by a preceding section (a build up leading to the drop; a verse or pre-chorus leading to the chorus).",both are the main hook section|both are prepared for by a preceding build|most repeated/memorable section,"1 mark for identifying the drop as the main hook/climax equivalent to a chorus; 1 mark for a valid structural comparison (both are prepared for by a rising section beforehand, and both are the most repeated/memorable material).","Like a chorus, the drop is the track's main event — memorable, repeated, full-energy — and just as a chorus is often set up by a verse or pre-chorus, the drop is set up by the build up's rising tension.",build up|chorus,,text,No,,No,structure-spotter | practice-mode | progress-mode | teacher-mode | exam-lab,SS-POP,structure-spotter | popular | mastering,dropped,,,
SS-ALAP-F,STR-ALAP,World Structures,raga-structure,Foundation,1,Foundation,multiple_choice,1,Yes,ālāp,,named_section,"the slow, unmetred, freely improvised opening section of a raga performance, exploring the raga's notes without a fixed pulse",explicit,Recognise and use correct terminology for structural sections and devices.,12,https://www.cambridgeinternational.org/Images/694052-2026-2028-syllabus.pdf,What does ‘ālāp’ mean in musical structure?,"the slow, unmetred, freely improvised opening section of a raga performance, exploring the raga's notes without a fixed pulse | the fast, metred, climactic closing section of a raga performance, with tabla | the fixed, pre-composed metred piece performed with tabla in a raga performance | a pulsed section that follows the opening of a raga performance, still without percussion","the slow, unmetred, freely improvised opening section of a raga performance, exploring the raga's notes without a fixed pulse","the slow, unmetred, freely improvised opening section of a raga performance, exploring the raga's notes without a fixed pulse","the slow, unmetred, freely improvised opening section of a raga performance, exploring the raga's notes without a fixed pulse. (1)","Correct — the ālāp is a raga performance's slow, unmetred opening, where the soloist freely explores the raga's notes and character without a fixed pulse or percussion.",jōr|jhālā,,text,No,,Yes,structure-spotter | practice-mode | progress-mode | teacher-mode | exam-lab,SS-WORLD,structure-spotter | world | foundation,active,,audio/SS-ALAP.mp3,
SS-ALAP-D,STR-ALAP,World Structures,raga-structure,Developing,2,Foundation,multiple_choice_reverse,1,Yes,ālāp,,named_section,"the slow, unmetred, freely improvised opening section of a raga performance, exploring the raga's notes without a fixed pulse",explicit,Recognise and use correct terminology for structural sections and devices.,12,https://www.cambridgeinternational.org/Images/694052-2026-2028-syllabus.pdf,"Which structural term means: the slow, unmetred, freely improvised opening section of a raga performance, exploring the raga's notes without a fixed pulse?",Ālāp | Jhālā | Gat | Jōr,ālāp,ālāp,ālāp. (1),"Correct — the slow, unmetred, freely improvised opening section of a raga performance is the ālāp.",jōr|jhālā,,text,No,,Yes,structure-spotter | practice-mode | progress-mode | teacher-mode | exam-lab,SS-WORLD,structure-spotter | world | developing,active,,audio/SS-ALAP.mp3,
SS-ALAP-S,STR-ALAP,World Structures,raga-structure,Securing,3,Foundation,short_answer,1,No,ālāp,,named_section,"the slow, unmetred, freely improvised opening section of a raga performance, exploring the raga's notes without a fixed pulse",explicit,Recognise and use correct terminology for structural sections and devices.,12,https://www.cambridgeinternational.org/Images/694052-2026-2028-syllabus.pdf,"Give the structural term that means: the slow, unmetred, freely improvised opening section of a raga performance, exploring the raga's notes without a fixed pulse.",,alap,alap|ālāp|aalap,1 mark for the correct term: alap.,"Ālāp: the slow, unmetred, improvised opening section of a raga performance.",jōr|jhālā,,text,No,,Yes,structure-spotter | practice-mode | progress-mode | teacher-mode | exam-lab,SS-WORLD,structure-spotter | world | securing,active,,audio/SS-ALAP.mp3,
SS-ALAP-M,STR-ALAP,World Structures,raga-structure,Mastering,4,Foundation,exam_style_short_answer,2,No,ālāp,,named_section,"the slow, unmetred, freely improvised opening section of a raga performance, exploring the raga's notes without a fixed pulse",explicit,Recognise and use correct terminology for structural sections and devices.,12,https://www.cambridgeinternational.org/Images/694052-2026-2028-syllabus.pdf,Explain the musical purpose of the ālāp at the start of a raga performance.,,"It introduces and explores the raga's characteristic notes, ornaments and mood slowly and freely, without a fixed pulse, establishing the raga's identity before rhythm and percussion are introduced later in the performance.",introduces the raga's character|explores the notes freely|establishes the mood before rhythm enters,"2 marks for a clear, accurate explanation that the ālāp establishes/explores the raga's notes and character without pulse, before rhythm is introduced; 1 mark for a partial/vaguer version.","The ālāp is where a raga 'introduces itself' — its characteristic notes, ornaments and mood are explored freely, with pulse and percussion only entering in the later sections.",jōr|jhālā,,text,No,,No,structure-spotter | practice-mode | progress-mode | teacher-mode | exam-lab,SS-WORLD,structure-spotter | world | mastering,dropped,,,
SS-JOR-F,STR-JOR,World Structures,raga-structure,Foundation,1,Foundation,multiple_choice,1,Yes,jōr,,named_section,"a section of a raga performance that follows the ālāp, introducing a steady pulse for the first time but still without percussion accompaniment",explicit,Recognise and use correct terminology for structural sections and devices.,12,https://www.cambridgeinternational.org/Images/694052-2026-2028-syllabus.pdf,What does ‘jōr’ mean in musical structure?,"a section of a raga performance that follows the ālāp, introducing a steady pulse for the first time but still without percussion accompaniment | the slow, unmetred opening section of a raga performance | the fixed, pre-composed metred piece performed with tabla | the fast, climactic closing section of a raga performance","a section of a raga performance that follows the ālāp, introducing a steady pulse for the first time but still without percussion accompaniment","a section of a raga performance that follows the ālāp, introducing a steady pulse for the first time but still without percussion accompaniment","a section of a raga performance that follows the ālāp, introducing a steady pulse for the first time but still without percussion accompaniment. (1)","Correct — the jōr follows the ālāp, introducing a steady pulse for the first time, though still without tabla/percussion accompaniment.",ālāp|gat,,text,No,,Yes,structure-spotter | practice-mode | progress-mode | teacher-mode | exam-lab,SS-WORLD,structure-spotter | world | foundation,active,,audio/SS-JOR.mp3,
SS-JOR-D,STR-JOR,World Structures,raga-structure,Developing,2,Foundation,multiple_choice_reverse,1,Yes,jōr,,named_section,"a section of a raga performance that follows the ālāp, introducing a steady pulse for the first time but still without percussion accompaniment",explicit,Recognise and use correct terminology for structural sections and devices.,12,https://www.cambridgeinternational.org/Images/694052-2026-2028-syllabus.pdf,"Which structural term means: a section of a raga performance that follows the ālāp, introducing a steady pulse for the first time but still without percussion accompaniment?",Jōr | Ālāp | Gat | Jhālā,jōr,jōr,jōr. (1),Correct — the section introducing pulse (but no percussion yet) after the ālāp is the jōr.,ālāp|gat,,text,No,,Yes,structure-spotter | practice-mode | progress-mode | teacher-mode | exam-lab,SS-WORLD,structure-spotter | world | developing,active,,audio/SS-JOR.mp3,
SS-JOR-S,STR-JOR,World Structures,raga-structure,Securing,3,Foundation,short_answer,1,No,jōr,,named_section,"a section of a raga performance that follows the ālāp, introducing a steady pulse for the first time but still without percussion accompaniment",explicit,Recognise and use correct terminology for structural sections and devices.,12,https://www.cambridgeinternational.org/Images/694052-2026-2028-syllabus.pdf,"Give the structural term that means: a section of a raga performance that follows the ālāp, introducing a steady pulse for the first time but still without percussion accompaniment.",,jor,jor|jōr|jhor,1 mark for the correct term: jor.,"Jōr: the pulsed section following the ālāp, before percussion enters.",ālāp|gat,,text,No,,Yes,structure-spotter | practice-mode | progress-mode | teacher-mode | exam-lab,SS-WORLD,structure-spotter | world | securing,active,,audio/SS-JOR.mp3,
SS-JOR-M,STR-JOR,World Structures,raga-structure,Mastering,4,Foundation,exam_style_short_answer,2,No,jōr,,named_section,"a section of a raga performance that follows the ālāp, introducing a steady pulse for the first time but still without percussion accompaniment",explicit,Recognise and use correct terminology for structural sections and devices.,12,https://www.cambridgeinternational.org/Images/694052-2026-2028-syllabus.pdf,Explain how the jōr differs from both the ālāp before it and the gat after it.,,"Unlike the ālāp, the jōr has a steady pulse; unlike the gat, it still has no percussion (tabla) accompaniment and no fixed composed melody — it sits between the two, introducing rhythm gradually.",has pulse unlike alap|no tabla unlike gat|transitional section,1 mark for correctly contrasting the jōr with the ālāp (pulse is now present); 1 mark for correctly contrasting it with the gat (still no tabla/fixed composition).,"The jōr is a genuine halfway point — it has gained the ālāp's missing pulse, but hasn't yet gained the gat's tabla accompaniment and fixed composed melody.",ālāp|gat,,text,No,,No,structure-spotter | practice-mode | progress-mode | teacher-mode | exam-lab,SS-WORLD,structure-spotter | world | mastering,dropped,,,
SS-GAT-F,STR-GAT,World Structures,raga-structure,Foundation,1,Foundation,multiple_choice,1,Yes,gat,,named_section,"a fixed, pre-composed metred piece within a raga performance, accompanied by tabla, that the soloist elaborates and improvises around",explicit,Recognise and use correct terminology for structural sections and devices.,12,https://www.cambridgeinternational.org/Images/694052-2026-2028-syllabus.pdf,What does ‘gat’ mean in musical structure?,"a fixed, pre-composed metred piece within a raga performance, accompanied by tabla, that the soloist elaborates and improvises around | the slow, unmetred opening section, without percussion | the fast, climactic closing section | a pulsed section without percussion, before the fixed composition begins","a fixed, pre-composed metred piece within a raga performance, accompanied by tabla, that the soloist elaborates and improvises around","a fixed, pre-composed metred piece within a raga performance, accompanied by tabla, that the soloist elaborates and improvises around","a fixed, pre-composed metred piece within a raga performance, accompanied by tabla, that the soloist elaborates and improvises around. (1)","Correct — the gat is a fixed, pre-composed metred piece, accompanied by tabla, which the soloist elaborates and improvises around within the raga's framework.",jōr|jhālā,,text,No,,Yes,structure-spotter | practice-mode | progress-mode | teacher-mode | exam-lab,SS-WORLD,structure-spotter | world | foundation,active,,audio/SS-GAT.mp3,
SS-GAT-D,STR-GAT,World Structures,raga-structure,Developing,2,Foundation,multiple_choice_reverse,1,Yes,gat,,named_section,"a fixed, pre-composed metred piece within a raga performance, accompanied by tabla, that the soloist elaborates and improvises around",explicit,Recognise and use correct terminology for structural sections and devices.,12,https://www.cambridgeinternational.org/Images/694052-2026-2028-syllabus.pdf,"Which structural term means: a fixed, pre-composed metred piece within a raga performance, accompanied by tabla, that the soloist elaborates and improvises around?",Gat | Ālāp | Jōr | Jhālā,gat,gat,gat. (1),"Correct — a fixed, composed, metred piece with tabla accompaniment is the gat.",jōr|jhālā,,text,No,,Yes,structure-spotter | practice-mode | progress-mode | teacher-mode | exam-lab,SS-WORLD,structure-spotter | world | developing,active,,audio/SS-GAT.mp3,
SS-GAT-S,STR-GAT,World Structures,raga-structure,Securing,3,Foundation,short_answer,1,No,gat,,named_section,"a fixed, pre-composed metred piece within a raga performance, accompanied by tabla, that the soloist elaborates and improvises around",explicit,Recognise and use correct terminology for structural sections and devices.,12,https://www.cambridgeinternational.org/Images/694052-2026-2028-syllabus.pdf,"Give the structural term that means: a fixed, pre-composed metred piece within a raga performance, accompanied by tabla, that the soloist elaborates and improvises around.",,gat,gat|gats|ghat,1 mark for the correct term: gat.,"Gat: a fixed, pre-composed metred piece within a raga performance, with tabla accompaniment.",jōr|jhālā,,text,No,,Yes,structure-spotter | practice-mode | progress-mode | teacher-mode | exam-lab,SS-WORLD,structure-spotter | world | securing,active,,audio/SS-GAT.mp3,
SS-GAT-M,STR-GAT,World Structures,raga-structure,Mastering,4,Foundation,exam_style_short_answer,2,No,gat,,named_section,"a fixed, pre-composed metred piece within a raga performance, accompanied by tabla, that the soloist elaborates and improvises around",explicit,Recognise and use correct terminology for structural sections and devices.,12,https://www.cambridgeinternational.org/Images/694052-2026-2028-syllabus.pdf,Explain what role the tabla plays once the gat section of a raga performance begins.,,"The tabla provides a fixed rhythmic cycle (tāl) accompaniment for the first time in the performance, interacting with and supporting the soloist's elaboration of the fixed composed melody (the gat itself).",provides the fixed tala/rhythmic cycle|accompanies and interacts with the soloist,"2 marks for a clear, accurate explanation that the tabla provides a fixed rhythmic cycle (tāl) accompaniment, interacting with the soloist's elaboration of the gat; 1 mark for a partial/vaguer version.","The gat is the first point in a raga performance where a fixed rhythmic cycle (tāl), played by the tabla, underpins everything — the soloist elaborates freely, but always in dialogue with that cycle.",jōr|jhālā,,text,No,,No,structure-spotter | practice-mode | progress-mode | teacher-mode | exam-lab,SS-WORLD,structure-spotter | world | mastering,dropped,,,
SS-JHALA-F,STR-JHALA,World Structures,raga-structure,Foundation,1,Foundation,multiple_choice,1,Yes,jhālā,,named_section,"the fast, rhythmically intense, climactic closing section of a raga performance, building excitement to a conclusion",explicit,Recognise and use correct terminology for structural sections and devices.,12,https://www.cambridgeinternational.org/Images/694052-2026-2028-syllabus.pdf,What does ‘jhālā’ mean in musical structure?,"the fast, rhythmically intense, climactic closing section of a raga performance, building excitement to a conclusion | the slow, unmetred opening section, without a fixed pulse | a pulsed section without percussion, before the fixed composition begins | the fixed, pre-composed metred piece performed with tabla","the fast, rhythmically intense, climactic closing section of a raga performance, building excitement to a conclusion","the fast, rhythmically intense, climactic closing section of a raga performance, building excitement to a conclusion","the fast, rhythmically intense, climactic closing section of a raga performance, building excitement to a conclusion. (1)","Correct — the jhālā is the fast, rhythmically intense closing section of a raga performance, building excitement to a climactic conclusion.",gat|jōr,,text,No,,Yes,structure-spotter | practice-mode | progress-mode | teacher-mode | exam-lab,SS-WORLD,structure-spotter | world | foundation,active,,audio/SS-JHALA.mp3,
SS-JHALA-D,STR-JHALA,World Structures,raga-structure,Developing,2,Foundation,multiple_choice_reverse,1,Yes,jhālā,,named_section,"the fast, rhythmically intense, climactic closing section of a raga performance, building excitement to a conclusion",explicit,Recognise and use correct terminology for structural sections and devices.,12,https://www.cambridgeinternational.org/Images/694052-2026-2028-syllabus.pdf,"Which structural term means: the fast, rhythmically intense, climactic closing section of a raga performance, building excitement to a conclusion?",Jhālā | Ālāp | Jōr | Gat,jhālā,jhālā,jhālā. (1),"Correct — the fast, climactic closing section of a raga performance is the jhālā.",gat|jōr,,text,No,,Yes,structure-spotter | practice-mode | progress-mode | teacher-mode | exam-lab,SS-WORLD,structure-spotter | world | developing,active,,audio/SS-JHALA.mp3,
SS-JHALA-S,STR-JHALA,World Structures,raga-structure,Securing,3,Foundation,short_answer,1,No,jhālā,,named_section,"the fast, rhythmically intense, climactic closing section of a raga performance, building excitement to a conclusion",explicit,Recognise and use correct terminology for structural sections and devices.,12,https://www.cambridgeinternational.org/Images/694052-2026-2028-syllabus.pdf,"Give the structural term that means: the fast, rhythmically intense, climactic closing section of a raga performance, building excitement to a conclusion.",,jhala,jhala|jhālā|jala,1 mark for the correct term: jhala.,"Jhālā: the fast, rhythmically intense, climactic closing section of a raga performance.",gat|jōr,,text,No,,Yes,structure-spotter | practice-mode | progress-mode | teacher-mode | exam-lab,SS-WORLD,structure-spotter | world | securing,active,,audio/SS-JHALA.mp3,
SS-JHALA-M,STR-JHALA,World Structures,raga-structure,Mastering,4,Foundation,exam_style_short_answer,2,No,jhālā,,named_section,"the fast, rhythmically intense, climactic closing section of a raga performance, building excitement to a conclusion",explicit,Recognise and use correct terminology for structural sections and devices.,12,https://www.cambridgeinternational.org/Images/694052-2026-2028-syllabus.pdf,"Explain how the jhālā provides a sense of conclusion to a raga performance, in terms of tempo and rhythmic activity compared to earlier sections.",,"Tempo and rhythmic activity increase dramatically compared to the ālāp/jōr/gat before it, creating excitement and a clear sense of climax/arrival that brings the whole performance to a decisive close.",tempo increases|rhythmic intensity builds|creates a climactic ending,1 mark for correctly identifying the increase in tempo/rhythmic activity; 1 mark for explaining how this creates a sense of climax/conclusion for the performance as a whole.,"After the ālāp's stillness, the jōr's gradual pulse, and the gat's steady groove, the jhālā's rush of speed and rhythmic energy is what finally brings the raga to its climactic close.",gat|jōr,,text,No,,No,structure-spotter | practice-mode | progress-mode | teacher-mode | exam-lab,SS-WORLD,structure-spotter | world | mastering,dropped,,,
